-- phpMyAdmin SQL Dump
-- version 5.2.1
-- https://www.phpmyadmin.net/
--
-- Host: 127.0.0.1
-- Generation Time: Apr 16, 2025 at 04:14 AM
-- Server version: 10.4.32-MariaDB
-- PHP Version: 8.2.12

SET SQL_MODE = "NO_AUTO_VALUE_ON_ZERO";
START TRANSACTION;
SET time_zone = "+00:00";


/*!40101 SET @OLD_CHARACTER_SET_CLIENT=@@CHARACTER_SET_CLIENT */;
/*!40101 SET @OLD_CHARACTER_SET_RESULTS=@@CHARACTER_SET_RESULTS */;
/*!40101 SET @OLD_COLLATION_CONNECTION=@@COLLATION_CONNECTION */;
/*!40101 SET NAMES utf8mb4 */;

--
-- Database: `cinemadb`
--

DELIMITER $$
--
-- Procedures
--
CREATE DEFINER=`root`@`localhost` PROCEDURE `delete_booking` (IN `mid` INT(10), IN `cusrid` INT(10))   BEGIN
    -- Delete booking records first to avoid foreign key constraints
    DELETE FROM booking WHERE showid = mid AND customerid = cusrid;
    
    -- Then delete the customer
    DELETE FROM customer WHERE customerid = cusrid;
END$$

CREATE DEFINER=`root`@`localhost` PROCEDURE `getAllSeatByShowID` (IN `showIDParam` INT)   BEGIN
    SELECT sale.seatid, 'sold' AS status 
    FROM sale 
    JOIN flimshow ON flimshow.showid = sale.showid  
    WHERE flimshow.showid = showIDParam

    UNION 

    SELECT booking.seatid, 'booked' AS status 
    FROM booking 
    JOIN flimshow ON flimshow.showid = booking.showid  
    WHERE flimshow.showid = showIDParam;
END$$

CREATE DEFINER=`root`@`localhost` PROCEDURE `getBookedSeatForTodaybyMID` (IN `movieID_param` INT)   BEGIN
    SELECT  
        COUNT(b.seatID) AS total_seat
    FROM 
        movie m
    JOIN 
        flimshow fs ON m.movieid = fs.movieid
    JOIN 
        booking b ON fs.showid = b.showid
    WHERE 
        m.movieid = movieID_param AND fs.showdate = CURDATE() 
    GROUP BY 
        m.movieid;
END$$

CREATE DEFINER=`root`@`localhost` PROCEDURE `GetBookingDetails` ()   BEGIN
   
    SELECT c.customerid ,fs.showid,
    c.customername, c.phone ,m.moviename, m.movieid ,fs.showtime ,b.BookedDate,ro.roomname , GROUP_CONCAT(b.seatid ORDER BY b.seatid SEPARATOR ', ') AS SeatsBooked ,SUM(s.price) AS TotalPrice ,c.remark, fs.showdate , usr.name FROM customer c JOIN booking b ON c.customerid=b.customerid JOIN movie m JOIN flimshow fs ON m.movieid=fs.movieid AND fs.showid =b.showid JOIN room ro ON fs.roomid=ro.roomid JOIN seat s ON b.seatid=s.seatid JOIN user usr ON b.userid= usr.userid GROUP BY c.customerid, m.movieid, fs.showtime, fs.showdate, ro.roomname ORDER BY c.customerid, fs.showdate,fs.showtime;

END$$

CREATE DEFINER=`root`@`localhost` PROCEDURE `getEndShowingMovie` ()   BEGIN
   SELECT m.movieid ,
   m.moviename,
   m.genre,
   m.duration,
   m.imagepath,
   m.description,
   m.current
   FROM movie m JOIN flimshow fs ON m.current='End Showing' AND fs.movieid=m.movieid GROUP BY(m.moviename);
END$$

CREATE DEFINER=`root`@`localhost` PROCEDURE `getFlimshow` ()   BEGIN
    SELECT 
        m.movieid, 
        m.moviename, 
        m.genre, 
        m.duration, 
        m.imagepath, 
        m.description, 
        fs.showid, 
        fs.showtime, 
        fs.showdate, 
        ro.roomid, 
        ro.roomname,
        CASE 
            WHEN CONCAT(fs.showdate, ' ', fs.showtime) < NOW() THEN 'End Showing'
            ELSE 'Showing'
        END AS `current`
    FROM 
        movie m
    JOIN 
        flimshow fs ON m.movieid = fs.movieid
    JOIN 
        room ro ON fs.roomid = ro.roomid;

END$$

CREATE DEFINER=`root`@`localhost` PROCEDURE `getSaleDetails` ()   BEGIN
   SELECT m.moviename, fs.showdate, fs.showtime, ro.roomname, se.seatid, se.price, s.SaleDate, usr.userid, usr.name FROM movie m JOIN flimshow fs ON m.movieid = fs.movieid JOIN sale s ON fs.showid = s.showid JOIN seat se ON s.seatid = se.seatid JOIN user usr ON s.userid = usr.userid JOIN room ro ON fs.roomid = ro.roomid;
    
END$$

CREATE DEFINER=`root`@`localhost` PROCEDURE `getSaleDetailsBYMID` (IN `p_MovieID` INT)   BEGIN
   SELECT m.moviename, fs.showdate, fs.showtime, ro.roomname, se.seatid, se.price, s.SaleDate, usr.userid, usr.name FROM movie m JOIN flimshow fs ON m.movieid = fs.movieid JOIN sale s ON fs.showid = s.showid JOIN seat se ON s.seatid = se.seatid JOIN user usr ON s.userid = usr.userid JOIN room ro ON fs.roomid = ro.roomid WHERE m.movieid = p_MovieID and fs.showdate=CURDATE();
    
END$$

CREATE DEFINER=`root`@`localhost` PROCEDURE `getShowingDatesByMID` (IN `movie_id` INT, IN `today_date` DATE, IN `curtime` TIME)   BEGIN
    SELECT DISTINCT showdate  -- Use DISTINCT to remove duplicate dates
    FROM flimshow 
    WHERE showdate >= today_date 
    AND movieid = movie_id 
    AND (
        (showtime >= curtime AND showdate = today_date)  -- Compare showtime with curtime
        OR showdate > today_date
    )
    ORDER BY showdate ASC;  -- Place ORDER BY inside the SELECT statement
END$$

CREATE DEFINER=`root`@`localhost` PROCEDURE `getShowingMovie` ()   BEGIN
   SELECT m.movieid ,
   m.moviename,
   m.genre,
   m.duration,
   m.imagepath,
   m.description,
   m.current
   FROM movie m JOIN flimshow fs ON m.current='Showing' GROUP BY(m.moviename);
END$$

CREATE DEFINER=`root`@`localhost` PROCEDURE `getSoldSeatForTodaybyMID` (IN `movieID_param` INT)   BEGIN
    SELECT  
        COUNT(s.seatID) AS total_seat
    FROM 
        movie m
    JOIN 
        flimshow fs ON m.movieid = fs.movieid
    JOIN 
        sale s ON fs.showid = s.showid
    WHERE 
        m.movieid = movieID_param AND fs.showdate = CURDATE()
    GROUP BY 
        m.movieid;
END$$

CREATE DEFINER=`root`@`localhost` PROCEDURE `GetTodayMovie` ()   BEGIN
    SELECT 
        m.movieid, 
        m.moviename, 
        m.genre, 
        m.duration, 
        m.imagepath, 
        m.description,
        m.current
    FROM 
        movie m 
    JOIN 
        flimshow fs 
    ON 
        m.movieid = fs.movieid 
    WHERE  
         fs.showdate = CURDATE() 
    GROUP BY 
        m.movieid, m.moviename, m.genre, m.duration, m.imagepath, m.description;
END$$

CREATE DEFINER=`root`@`localhost` PROCEDURE `GetTotalPriceByMovieId` (IN `p_movieId` INT, OUT `total_price` DECIMAL(10,2))   BEGIN
    -- Calculate total price for a specific movie
    SELECT SUM(s.price) INTO total_price
    FROM sale sa
    JOIN flimshow fs ON sa.showid = fs.showid
    JOIN seat s ON sa.seatid = s.seatid
    WHERE fs.movieid = p_movieId AND fs.showdate= CURDATE();
END$$

CREATE DEFINER=`root`@`localhost` PROCEDURE `getUpcomingMovie` ()   BEGIN
   SELECT m.movieid ,
   m.moviename,
   m.genre,
   m.duration,
   m.imagepath,
   m.description,
   m.current
   FROM movie m JOIN flimshow fs WHERE m.current = 'Upcoming'  GROUP BY(m.moviename);
END$$

CREATE DEFINER=`root`@`localhost` PROCEDURE `insert_flimshow` (IN `p_id` INT, IN `p_room` INT, IN `p_showdat` DATE, IN `p_showtime` TIME)   BEGIN
    INSERT INTO `flimshow` (`movieid`, `roomid`, `showdate`, `showtime`) 
    VALUES (p_id, p_room, p_showdat, p_showtime);

    UPDATE `movie` 
    SET `current` = 'Showing' 
    WHERE `movieid` = p_id;
END$$

CREATE DEFINER=`root`@`localhost` PROCEDURE `MoveBookingToSale` (IN `p_showid` INT, IN `p_seatid` VARCHAR(50), IN `p_userid` INT, IN `p_saledate` DATE)   BEGIN
    DECLARE EXIT HANDLER FOR SQLEXCEPTION
    BEGIN
        ROLLBACK;
        RESIGNAL;
    END;

    START TRANSACTION;

    -- Step 1: Get booking data
    SELECT showid, customerid, seatid
    INTO @retrieved_showid, @retrieved_customerid, @retrieved_seatid
    FROM booking
    WHERE showid = p_showid AND seatid = p_seatid
    LIMIT 1;

    -- Step 2: Insert into sale with p_saledate (DATE only)
    INSERT INTO sale (showid, seatid, userid, SaleDate)
    VALUES (@retrieved_showid, @retrieved_seatid, p_userid, p_saledate);

    -- Step 3: Delete booking
    DELETE FROM booking
    WHERE showid = p_showid AND seatid = p_seatid;

    COMMIT;
END$$

CREATE DEFINER=`root`@`localhost` PROCEDURE `showingmovie` ()   BEGIN
    SELECT 
        m.movieid, 
        m.moviename, 
        m.genre, 
        m.duration, 
        m.imagepath, 
        m.description, 
        fs.showid, 
        fs.showtime, 
        fs.showdate, 
        m.current, 
        ro.roomid, 
        ro.roomname
    FROM 
        movie m
    JOIN 
        flimshow fs ON m.movieid = fs.movieid
    JOIN 
        room ro ON fs.roomid = ro.roomid
    WHERE 
        m.current='Showing' 
        AND (
            (fs.showtime >= CURTIME() AND fs.showdate = CURDATE()) 
            OR fs.showdate > CURDATE()
        );
END$$

CREATE DEFINER=`root`@`localhost` PROCEDURE `ShowTimeByMIDandDate` (IN `movieId` INT, IN `showDate` DATE)   BEGIN
    SELECT fs.showtime, ro.roomname, ro.roomid
    FROM flimshow fs 
    JOIN room ro ON fs.roomid = ro.roomid 
    WHERE fs.showdate = showDate 
    AND fs.movieid = movieId
    ORDER BY fs.showtime; -- Optional: Order by showtime
END$$

CREATE DEFINER=`root`@`localhost` PROCEDURE `UpdateMovieEndShowing` ()   BEGIN
    -- Update movies to 'End Showing' only if ALL their shows are over
    UPDATE movie 
    SET current = 'End Showing'
    WHERE movieid IN (
        SELECT m.movieid
        FROM movie m
        WHERE NOT EXISTS (
            -- Check if this movie has any upcoming showtime
            SELECT 1 
            FROM flimshow f 
            WHERE f.movieid = m.movieid 
            AND CONCAT(f.showdate, ' ', f.showtime) > NOW()
        )
    )
    AND current != 'Upcoming'; -- Avoid redundant updates
END$$

DELIMITER ;

-- --------------------------------------------------------

--
-- Table structure for table `booking`
--

CREATE TABLE `booking` (
  `showid` int(11) NOT NULL,
  `seatid` varchar(11) NOT NULL,
  `customerid` int(11) DEFAULT NULL,
  `BookedDate` date DEFAULT NULL,
  `userid` int(11) DEFAULT NULL
) ENGINE=InnoDB DEFAULT CHARSET=utf8mb4 COLLATE=utf8mb4_general_ci;

--
-- Dumping data for table `booking`
--

INSERT INTO `booking` (`showid`, `seatid`, `customerid`, `BookedDate`, `userid`) VALUES
(20, 'H10', 26, '2024-12-27', 9),
(20, 'H8', 26, '2024-12-27', 9),
(20, 'H9', 26, '2024-12-27', 9),
(20, 'J4', 25, '2024-12-27', 9),
(36, 'E10', 6, '2024-12-28', 9),
(36, 'E6', 6, '2024-12-28', 9),
(36, 'E7', 6, '2024-12-28', 9),
(36, 'E8', 6, '2024-12-28', 9),
(36, 'E9', 6, '2024-12-28', 9),
(36, 'F10', 6, '2024-12-28', 9),
(36, 'F9', 6, '2024-12-28', 9),
(36, 'H4', 8, '2024-12-28', 9),
(36, 'H5', 8, '2024-12-28', 9),
(36, 'H6', 8, '2024-12-28', 9),
(36, 'H7', 8, '2024-12-28', 9),
(36, 'H8', 8, '2024-12-28', 9),
(36, 'J2', 5, '2024-12-28', 9),
(36, 'J3', 7, '2024-12-28', 9),
(37, 'J3', 14, '2024-12-27', 9),
(39, 'H6', 15, '2024-12-27', 9),
(39, 'H7', 15, '2024-12-27', 9),
(39, 'H8', 15, '2024-12-27', 9),
(39, 'H9', 15, '2024-12-27', 9),
(41, 'H6', 16, '2024-12-27', 9),
(41, 'H7', 16, '2024-12-27', 9),
(41, 'H8', 16, '2024-12-27', 9),
(42, 'A6', 17, '2024-12-27', 9),
(42, 'A7', 17, '2024-12-27', 9),
(42, 'A8', 17, '2024-12-27', 9),
(42, 'J1', 18, '2024-12-27', 9),
(57, 'D3', 9, '2024-12-28', 9),
(57, 'D4', 9, '2024-12-28', 9),
(57, 'D5', 9, '2024-12-28', 9),
(57, 'E10', 11, '2024-12-28', 9),
(57, 'E6', 11, '2024-12-28', 9),
(57, 'E7', 11, '2024-12-28', 9),
(57, 'E8', 11, '2024-12-28', 9),
(57, 'E9', 11, '2024-12-28', 9),
(57, 'F1', 12, '2024-12-28', 9),
(57, 'F2', 12, '2024-12-28', 9),
(57, 'F3', 12, '2024-12-28', 9),
(57, 'G1', 12, '2024-12-28', 9),
(57, 'G2', 12, '2024-12-28', 9),
(57, 'G3', 12, '2024-12-28', 9),
(57, 'I10', 13, '2024-12-28', 9),
(57, 'I6', 13, '2024-12-28', 9),
(57, 'I7', 13, '2024-12-28', 9),
(57, 'I8', 13, '2024-12-28', 9),
(57, 'I9', 13, '2024-12-28', 9),
(57, 'J1', 10, '2024-12-28', 9),
(57, 'J2', 10, '2024-12-28', 9),
(60, 'I7', 20, '2024-12-27', 9),
(60, 'I8', 20, '2024-12-27', 9),
(60, 'J2', 19, '2024-12-27', 9),
(62, 'I2', 21, '2024-12-27', 9),
(62, 'I3', 21, '2024-12-27', 9),
(62, 'I4', 21, '2024-12-27', 9),
(62, 'I5', 21, '2024-12-27', 9),
(63, 'B3', 24, '2024-12-27', 9),
(63, 'B4', 24, '2024-12-27', 9),
(63, 'B5', 24, '2024-12-27', 9),
(63, 'E8', 23, '2024-12-27', 9),
(63, 'E9', 23, '2024-12-27', 9),
(63, 'H3', 22, '2024-12-27', 9),
(63, 'H4', 22, '2024-12-27', 9),
(63, 'H5', 22, '2024-12-27', 9),
(106, 'C5', 42, '2025-01-02', 9),
(106, 'D5', 42, '2025-01-02', 9),
(106, 'H6', 40, '2025-01-02', 9),
(106, 'H7', 40, '2025-01-02', 9),
(106, 'I1', 41, '2025-01-02', 9),
(106, 'I2', 41, '2025-01-02', 9),
(106, 'I3', 41, '2025-01-02', 9),
(110, 'G8', 43, '2025-01-02', 9),
(110, 'G9', 43, '2025-01-02', 9),
(111, 'I1', 44, '2025-01-02', 9),
(111, 'I2', 44, '2025-01-02', 9),
(111, 'I3', 44, '2025-01-02', 9),
(111, 'I4', 44, '2025-01-02', 9),
(112, 'D1', 46, '2025-01-02', 9),
(112, 'D2', 46, '2025-01-02', 9),
(112, 'G9', 47, '2025-01-02', 9),
(112, 'J3', 45, '2025-01-02', 9),
(113, 'C4', 27, '2025-01-02', 9),
(113, 'D10', 28, '2025-01-02', 9),
(113, 'H9', 30, '2025-01-02', 9),
(113, 'I10', 30, '2025-01-02', 9),
(113, 'I4', 29, '2025-01-02', 9),
(113, 'I5', 29, '2025-01-02', 9),
(113, 'I9', 30, '2025-01-02', 9),
(118, 'B3', 31, '2025-01-02', 9),
(118, 'B4', 31, '2025-01-02', 9),
(118, 'F6', 33, '2025-01-02', 9),
(118, 'F7', 33, '2025-01-02', 9),
(118, 'H9', 34, '2025-01-02', 9),
(118, 'J2', 32, '2025-01-02', 9),
(119, 'G1', 35, '2025-01-02', 9),
(119, 'G10', 36, '2025-01-02', 9),
(119, 'G8', 36, '2025-01-02', 9),
(119, 'G9', 36, '2025-01-02', 9),
(120, 'E9', 38, '2025-01-02', 9),
(120, 'F3', 37, '2025-01-02', 9),
(120, 'F4', 37, '2025-01-02', 9),
(120, 'F5', 37, '2025-01-02', 9),
(126, 'J2', 39, '2025-01-02', 9),
(126, 'J5', 39, '2025-01-02', 9),
(169, 'E4', 58, '2023-01-01', 9),
(169, 'F5', 57, '2023-01-01', 9),
(169, 'G3', 57, '2023-01-01', 9),
(169, 'G4', 57, '2023-01-01', 9),
(169, 'G5', 57, '2023-01-01', 9),
(170, 'G3', 59, '2023-01-01', 9),
(170, 'G4', 59, '2023-01-01', 9),
(176, 'C6', 50, '2025-01-10', 10),
(176, 'D3', 51, '2025-01-10', 10),
(176, 'G8', 52, '2025-01-10', 10),
(176, 'G9', 52, '2025-01-10', 10),
(176, 'I4', 49, '2025-01-10', 10),
(176, 'I5', 49, '2025-01-10', 10),
(176, 'J1', 48, '2025-01-10', 10),
(177, 'J3', 53, '2025-01-10', 10),
(183, 'H3', 54, '2023-01-01', 9),
(183, 'I3', 54, '2023-01-01', 9),
(183, 'I4', 54, '2023-01-01', 9),
(183, 'I5', 54, '2023-01-01', 9),
(185, 'H10', 55, '2023-01-01', 9),
(185, 'H9', 55, '2023-01-01', 9),
(185, 'I10', 55, '2023-01-01', 9),
(185, 'I6', 55, '2023-01-01', 9),
(185, 'I7', 55, '2023-01-01', 9),
(185, 'I8', 55, '2023-01-01', 9),
(185, 'I9', 55, '2023-01-01', 9),
(189, 'E1', 56, '2023-01-01', 9),
(189, 'E2', 56, '2023-01-01', 9),
(189, 'F1', 56, '2023-01-01', 9),
(189, 'F2', 56, '2023-01-01', 9),
(189, 'G1', 56, '2023-01-01', 9),
(189, 'G2', 56, '2023-01-01', 9),
(232, 'J1', 65, '2023-01-01', 9),
(232, 'J2', 66, '2023-01-01', 9),
(233, 'E7', 67, '2023-01-01', 9),
(233, 'E8', 67, '2023-01-01', 9),
(233, 'E9', 67, '2023-01-01', 9),
(236, 'D2', 68, '2023-01-01', 9),
(236, 'D3', 68, '2023-01-01', 9),
(236, 'E2', 68, '2023-01-01', 9),
(236, 'E3', 68, '2023-01-01', 9),
(238, 'I6', 69, '2023-01-01', 9),
(238, 'I7', 69, '2023-01-01', 9),
(238, 'J3', 70, '2023-01-01', 9),
(239, 'J2', 60, '2023-01-01', 9),
(239, 'J3', 60, '2023-01-01', 9),
(242, 'J2', 61, '2023-01-01', 9),
(246, 'G7', 63, '2023-01-01', 9),
(246, 'G8', 63, '2023-01-01', 9),
(246, 'G9', 63, '2023-01-01', 9),
(246, 'J1', 62, '2023-01-01', 9),
(246, 'J2', 62, '2023-01-01', 9),
(252, 'F3', 64, '2023-01-01', 9),
(252, 'F5', 64, '2023-01-01', 9),
(252, 'G2', 64, '2023-01-01', 9),
(252, 'G3', 64, '2023-01-01', 9),
(252, 'G4', 64, '2023-01-01', 9),
(252, 'G5', 64, '2023-01-01', 9),
(295, 'C1', 80, '2023-01-01', 9),
(295, 'C2', 80, '2023-01-01', 9),
(295, 'C3', 80, '2023-01-01', 9),
(295, 'C4', 80, '2023-01-01', 9),
(295, 'C5', 80, '2023-01-01', 9),
(295, 'F10', 79, '2023-01-01', 9),
(295, 'F9', 79, '2023-01-01', 9),
(295, 'J1', 78, '2023-01-01', 9),
(295, 'J2', 78, '2023-01-01', 9),
(296, 'J3', 81, '2023-01-01', 9),
(296, 'J4', 81, '2023-01-01', 9),
(300, 'G7', 82, '2023-01-01', 9),
(300, 'G8', 82, '2023-01-01', 9),
(300, 'G9', 82, '2023-01-01', 9),
(300, 'J1', 82, '2023-01-01', 9),
(301, 'C4', 85, '2023-01-01', 9),
(301, 'C5', 85, '2023-01-01', 9),
(301, 'D3', 85, '2023-01-01', 9),
(301, 'D4', 85, '2023-01-01', 9),
(301, 'F10', 84, '2023-01-01', 9),
(301, 'F8', 84, '2023-01-01', 9),
(301, 'F9', 84, '2023-01-01', 9),
(301, 'J1', 83, '2023-01-01', 9),
(301, 'J2', 83, '2023-01-01', 9),
(309, 'C10', 73, '2023-01-01', 9),
(309, 'C9', 73, '2023-01-01', 9),
(309, 'G2', 71, '2023-01-01', 9),
(309, 'G3', 71, '2023-01-01', 9),
(309, 'G4', 71, '2023-01-01', 9),
(309, 'G5', 71, '2023-01-01', 9),
(309, 'H2', 71, '2023-01-01', 9),
(309, 'H3', 71, '2023-01-01', 9),
(309, 'H4', 71, '2023-01-01', 9),
(309, 'H5', 71, '2023-01-01', 9),
(309, 'J2', 72, '2023-01-01', 9),
(309, 'J3', 72, '2023-01-01', 9),
(315, 'D3', 77, '2023-01-01', 9),
(315, 'D4', 77, '2023-01-01', 9),
(315, 'E2', 77, '2023-01-01', 9),
(315, 'E3', 77, '2023-01-01', 9),
(315, 'J2', 74, '2023-01-01', 9),
(315, 'J3', 75, '2023-01-01', 9),
(315, 'J5', 76, '2023-01-01', 9),
(358, 'E4', 96, '2025-01-28', 10),
(358, 'H10', 95, '2025-01-28', 10),
(358, 'H9', 95, '2025-01-28', 10),
(364, 'D4', 97, '2025-01-28', 10),
(364, 'D5', 97, '2025-01-28', 10),
(364, 'J5', 98, '2025-01-28', 10),
(365, 'J2', 86, '2025-01-28', 10),
(371, 'F1', 87, '2025-01-28', 10),
(371, 'F2', 87, '2025-01-28', 10),
(372, 'D8', 89, '2025-01-28', 10),
(372, 'I4', 88, '2025-01-28', 10),
(372, 'I5', 88, '2025-01-28', 10),
(373, 'B10', 90, '2025-01-28', 10),
(373, 'B9', 90, '2025-01-28', 10),
(377, 'H6', 91, '2025-01-28', 10),
(377, 'H7', 91, '2025-01-28', 10),
(378, 'D10', 94, '2025-01-28', 10),
(378, 'F1', 93, '2025-01-28', 10),
(378, 'F2', 93, '2025-01-28', 10),
(378, 'J4', 92, '2025-01-28', 10),
(421, 'B4', 4, '2023-01-01', 7),
(421, 'C10', 118, '2025-01-30', 10),
(421, 'C4', 4, '2023-01-01', 7),
(421, 'C9', 118, '2025-01-30', 10),
(421, 'E4', 117, '2025-01-30', 10),
(421, 'E5', 117, '2025-01-30', 10),
(421, 'H10', 119, '2025-01-30', 10),
(421, 'I4', 116, '2025-01-30', 10),
(427, 'D10', 123, '2025-01-30', 10),
(427, 'E6', 121, '2025-01-30', 10),
(427, 'E7', 121, '2025-01-30', 10),
(427, 'H2', 122, '2025-01-30', 10),
(427, 'H3', 122, '2025-01-30', 10),
(427, 'J4', 120, '2025-01-30', 10),
(428, 'E3', 101, '2025-01-30', 10),
(428, 'F10', 100, '2025-01-30', 10),
(428, 'F9', 100, '2025-01-30', 10),
(428, 'J2', 99, '2025-01-30', 10),
(434, 'C10', 105, '2025-01-30', 10),
(434, 'C9', 105, '2025-01-30', 10),
(434, 'E2', 104, '2025-01-30', 10),
(434, 'E8', 107, '2025-01-30', 10),
(434, 'H4', 106, '2025-01-30', 10),
(434, 'I10', 103, '2025-01-30', 10),
(434, 'I9', 103, '2025-01-30', 10),
(434, 'J3', 102, '2025-01-30', 10),
(435, 'C8', 111, '2025-01-30', 10),
(435, 'E2', 110, '2025-01-30', 10),
(435, 'G9', 109, '2025-01-30', 10),
(435, 'J3', 108, '2025-01-30', 10),
(441, 'D2', 114, '2025-01-30', 10),
(441, 'F7', 113, '2025-01-30', 10),
(441, 'F8', 113, '2025-01-30', 10),
(441, 'H4', 115, '2025-01-30', 10),
(441, 'J5', 112, '2025-01-30', 10),
(484, 'D8', 139, '2025-02-13', 10),
(484, 'F4', 138, '2025-02-13', 10),
(484, 'F5', 138, '2025-02-13', 10),
(484, 'I10', 140, '2025-02-13', 10),
(490, 'D10', 144, '2025-02-13', 10),
(490, 'F7', 142, '2025-02-13', 10),
(490, 'H1', 143, '2025-02-13', 10),
(490, 'J2', 141, '2025-02-13', 10),
(491, 'D2', 127, '2025-02-13', 10),
(491, 'G8', 126, '2025-02-13', 10),
(491, 'I4', 125, '2025-02-13', 10),
(491, 'I5', 125, '2025-02-13', 10),
(491, 'J2', 124, '2025-02-13', 10),
(497, 'D1', 131, '2025-02-13', 10),
(497, 'F4', 130, '2025-02-13', 10),
(497, 'F5', 130, '2025-02-13', 10),
(497, 'H6', 129, '2025-02-13', 10),
(497, 'H7', 129, '2025-02-13', 10),
(497, 'J3', 128, '2025-02-13', 10),
(498, 'C7', 135, '2025-02-13', 10),
(498, 'E1', 134, '2025-02-13', 10),
(498, 'I10', 133, '2025-02-13', 10),
(498, 'I9', 133, '2025-02-13', 10),
(498, 'J1', 132, '2025-02-13', 10),
(504, 'H10', 137, '2025-02-13', 10),
(504, 'H8', 137, '2025-02-13', 10),
(504, 'H9', 137, '2025-02-13', 10),
(504, 'J2', 136, '2025-02-13', 10),
(553, 'D2', 151, '2025-02-21', 10),
(553, 'D3', 151, '2025-02-21', 10),
(554, 'E1', 146, '2025-02-21', 10),
(554, 'H10', 147, '2025-02-21', 10),
(554, 'H9', 147, '2025-02-21', 10),
(554, 'J4', 145, '2025-02-21', 10),
(560, 'D10', 150, '2025-02-21', 10),
(560, 'G7', 149, '2025-02-21', 10),
(560, 'J1', 148, '2025-02-21', 10),
(561, 'D4', 153, '2025-02-21', 10),
(561, 'F9', 154, '2025-02-21', 10),
(561, 'J5', 152, '2025-02-21', 10),
(567, 'E9', 156, '2025-02-21', 10),
(567, 'H5', 155, '2025-02-21', 10),
(610, 'D3', 157, '2023-01-01', 9),
(610, 'D4', 157, '2023-01-01', 9),
(610, 'J3', 158, '2023-01-01', 9),
(614, 'G6', 159, '2023-01-01', 9),
(616, 'F3', 161, '2023-01-01', 9),
(616, 'F4', 161, '2023-01-01', 9),
(616, 'F5', 161, '2023-01-01', 9),
(616, 'J1', 160, '2023-01-01', 9),
(617, 'D3', 165, '2023-01-01', 9),
(617, 'D4', 165, '2023-01-01', 9),
(617, 'D5', 165, '2023-01-01', 9),
(617, 'E10', 166, '2023-01-01', 9),
(617, 'E7', 166, '2023-01-01', 9),
(617, 'E8', 166, '2023-01-01', 9),
(617, 'E9', 166, '2023-01-01', 9),
(617, 'J1', 162, '2023-01-01', 9),
(617, 'J2', 163, '2023-01-01', 9),
(617, 'J4', 164, '2023-01-01', 9),
(619, 'D1', 168, '2023-01-01', 9),
(619, 'D2', 168, '2023-01-01', 9),
(619, 'D3', 168, '2023-01-01', 9),
(619, 'J4', 167, '2023-01-01', 9),
(623, 'E10', 171, '2023-01-01', 9),
(623, 'E8', 171, '2023-01-01', 9),
(623, 'E9', 171, '2023-01-01', 9),
(623, 'F2', 169, '2023-01-01', 9),
(623, 'F3', 169, '2023-01-01', 9),
(623, 'F4', 169, '2023-01-01', 9),
(623, 'J4', 170, '2023-01-01', 9),
(624, 'D6', 172, '2023-01-01', 9),
(624, 'D7', 172, '2023-01-01', 9),
(624, 'E6', 172, '2023-01-01', 9),
(624, 'E7', 172, '2023-01-01', 9),
(624, 'I1', 173, '2023-01-01', 9),
(624, 'I2', 173, '2023-01-01', 9),
(624, 'I3', 173, '2023-01-01', 9),
(630, 'G1', 174, '2023-01-01', 9),
(630, 'G2', 174, '2023-01-01', 9),
(630, 'G3', 174, '2023-01-01', 9),
(630, 'G4', 174, '2023-01-01', 9),
(630, 'G5', 174, '2023-01-01', 9),
(630, 'I6', 176, '2023-01-01', 9),
(630, 'I7', 176, '2023-01-01', 9),
(630, 'I8', 176, '2023-01-01', 9),
(630, 'J2', 175, '2023-01-01', 9),
(673, 'G3', 186, '2023-01-01', 9),
(673, 'G4', 186, '2023-01-01', 9),
(673, 'G5', 186, '2023-01-01', 9),
(673, 'J3', 185, '2023-01-01', 9),
(680, 'G3', 180, '2023-01-01', 9),
(680, 'G4', 180, '2023-01-01', 9),
(680, 'G5', 180, '2023-01-01', 9),
(680, 'G7', 177, '2023-01-01', 9),
(680, 'G8', 177, '2023-01-01', 9),
(680, 'G9', 177, '2023-01-01', 9),
(680, 'I1', 178, '2023-01-01', 9),
(680, 'I2', 178, '2023-01-01', 9),
(680, 'I3', 178, '2023-01-01', 9),
(680, 'J2', 179, '2023-01-01', 9),
(686, 'F6', 181, '2023-01-01', 9),
(686, 'F7', 181, '2023-01-01', 9),
(686, 'F8', 181, '2023-01-01', 9),
(686, 'J3', 182, '2023-01-01', 9),
(686, 'J4', 182, '2023-01-01', 9),
(687, 'I6', 184, '2023-01-01', 9),
(687, 'I7', 184, '2023-01-01', 9),
(687, 'I8', 184, '2023-01-01', 9),
(687, 'I9', 184, '2023-01-01', 9),
(687, 'J2', 183, '2023-01-01', 9),
(736, 'J3', 197, '2023-01-01', 9),
(742, 'F3', 198, '2023-01-01', 9),
(742, 'F4', 198, '2023-01-01', 9),
(742, 'F5', 198, '2023-01-01', 9),
(742, 'J5', 199, '2023-01-01', 9),
(750, 'D6', 190, '2023-01-01', 9),
(750, 'D7', 190, '2023-01-01', 9),
(750, 'D8', 190, '2023-01-01', 9),
(750, 'D9', 190, '2023-01-01', 9),
(750, 'E8', 190, '2023-01-01', 9),
(750, 'E9', 190, '2023-01-01', 9),
(750, 'F1', 187, '2023-01-01', 9),
(750, 'F2', 187, '2023-01-01', 9),
(750, 'I1', 191, '2023-01-01', 9),
(750, 'I2', 191, '2023-01-01', 9),
(750, 'J2', 189, '2023-01-01', 9),
(750, 'J3', 188, '2023-01-01', 9),
(751, 'H1', 192, '2023-01-01', 9),
(751, 'H2', 192, '2023-01-01', 9),
(751, 'H3', 192, '2023-01-01', 9),
(752, 'J1', 193, '2023-01-01', 9),
(752, 'J2', 193, '2023-01-01', 9),
(755, 'J1', 195, '2023-01-01', 9),
(755, 'J2', 194, '2023-01-01', 9),
(756, 'E5', 196, '2023-01-01', 9),
(799, 'C3', 213, '2025-03-30', 10),
(799, 'F8', 212, '2025-03-30', 10),
(799, 'J3', 211, '2025-03-30', 10),
(805, 'C1', 218, '2025-03-30', 10),
(805, 'D8', 219, '2025-03-30', 10),
(805, 'E5', 216, '2025-03-30', 10),
(805, 'I4', 217, '2025-03-30', 10),
(805, 'I6', 215, '2025-03-30', 10),
(805, 'I7', 215, '2025-03-30', 10),
(805, 'J4', 214, '2025-03-30', 10),
(806, 'F1', 200, '2023-01-01', 9),
(806, 'F2', 200, '2023-01-01', 9),
(806, 'F3', 200, '2023-01-01', 9),
(806, 'F4', 200, '2023-01-01', 9),
(806, 'J3', 201, '2023-01-01', 9),
(806, 'J5', 204, '2023-01-01', 9),
(810, 'E5', 202, '2023-01-01', 9),
(810, 'J3', 203, '2023-01-01', 9),
(811, 'J4', 205, '2023-01-01', 9),
(812, 'J3', 206, '2023-01-01', 9),
(813, 'I6', 207, '2023-01-01', 9),
(813, 'I7', 207, '2023-01-01', 9),
(813, 'I8', 207, '2023-01-01', 9),
(813, 'J2', 208, '2023-01-01', 9),
(819, 'I4', 209, '2023-01-01', 9),
(819, 'I5', 209, '2023-01-01', 9),
(819, 'J4', 210, '2023-01-01', 9),
(869, 'D8', 223, '2025-04-06', 10),
(869, 'D9', 223, '2025-04-06', 10),
(869, 'F1', 224, '2025-04-06', 10),
(869, 'F2', 224, '2025-04-06', 10),
(869, 'H4', 221, '2025-04-06', 10),
(869, 'H5', 221, '2025-04-06', 10),
(869, 'I6', 222, '2025-04-06', 10),
(869, 'I7', 222, '2025-04-06', 10),
(869, 'J5', 220, '2025-04-06', 10),
(871, 'G7', 226, '2025-04-07', 10),
(871, 'G8', 226, '2025-04-07', 10),
(871, 'J2', 225, '2025-04-07', 10),
(874, 'F2', 228, '2025-04-11', 10),
(874, 'F3', 228, '2025-04-11', 10),
(874, 'I7', 227, '2025-04-11', 10),
(875, 'B5', 234, '2025-04-12', 10),
(875, 'C5', 234, '2025-04-12', 10),
(875, 'C9', 235, '2025-04-12', 10),
(875, 'E4', 229, '2025-04-12', 10),
(875, 'E5', 229, '2025-04-12', 10),
(875, 'F7', 233, '2025-04-12', 10),
(875, 'G8', 232, '2025-04-12', 10),
(875, 'G9', 232, '2025-04-12', 10),
(875, 'J3', 231, '2025-04-12', 10),
(875, 'J5', 230, '2025-04-12', 10),
(876, 'D6', 241, '2025-04-06', 10),
(876, 'H5', 238, '2025-04-06', 10),
(876, 'I4', 240, '2025-04-06', 10),
(876, 'I9', 239, '2025-04-06', 10),
(876, 'J1', 237, '2025-04-06', 10),
(876, 'J5', 236, '2025-04-06', 10),
(955, 'I10', 242, '2025-04-14', 8),
(955, 'I9', 242, '2025-04-14', 8),
(955, 'J3', 242, '2025-04-14', 8),
(955, 'J4', 242, '2025-04-14', 8),
(955, 'J5', 242, '2025-04-14', 8);

-- --------------------------------------------------------

--
-- Table structure for table `customer`
--

CREATE TABLE `customer` (
  `customerid` int(11) NOT NULL,
  `customername` varchar(64) NOT NULL,
  `phone` varchar(20) NOT NULL,
  `remark` varchar(64) NOT NULL
) ENGINE=InnoDB DEFAULT CHARSET=utf8mb4 COLLATE=utf8mb4_general_ci;

--
-- Dumping data for table `customer`
--

INSERT INTO `customer` (`customerid`, `customername`, `phone`, `remark`) VALUES
(1, 'Thien Than Zaw', '09987984894', 'test'),
(2, 'Thein Than Zaw', '09987984894', 'test'),
(3, 'Thein Than Zaw', '09987984894', 'test'),
(4, 'Thein Than Zaw', '09987984894', 'test'),
(5, 'mg mya', '09468244926', ''),
(6, 'bing chillin', '09456872326', ''),
(7, 'Kay Khine', '094561287', ''),
(8, 'Phyo Phyo', '095674832342', ''),
(9, 'masashi', '095678323256', ''),
(10, 'Min Thu', '09456233972', ''),
(11, 'Soe Thu', '09351285636', ''),
(12, 'Myat Min Thu', '09562448342', ''),
(13, 'Htun Thiha', '09345128725', ''),
(14, 'Wai Win', '09123514936', ''),
(15, 'Arkar Thun', '0973648463', ''),
(16, 'Thuta', '0963649394', ''),
(17, 'Khaing Nilar', '0973638374', ''),
(18, 'Yi thiri', '093627364', ''),
(19, 'Wunna Thu', '0983567463', ''),
(20, 'Linn Htut', '0987634743', ''),
(21, 'Nandar Nilar', '0993836463', ''),
(22, 'Thu Myo', '094732864', ''),
(23, 'Myint thu zeya', '093878393', ''),
(24, 'hnin yadi', '0966475775', ''),
(25, 'Pyay Zeya', '0926284561', ''),
(26, 'Nyan Lin Aung', '09648738334', ''),
(27, 'Thaw moe khant', '09467374538', ''),
(28, 'Wanna', '0983948493', ''),
(29, 'Thurain', '0955584854', ''),
(30, 'phyo Pyae Sone', '0946374438', ''),
(31, 'Thuka Aung', '0937382784', ''),
(32, 'thu zar', '09748633846', ''),
(33, 'Yarzar', '0947384384', ''),
(34, 'Yan naing tun', '0964846483', ''),
(35, 'Naing Htet Gay', '09875855464', ''),
(36, 'yamin thuzar', '094748374', ''),
(37, 'Wai Yan', '09574256436', ''),
(38, 'Phone Khant', '09263548163', ''),
(39, 'Hein Pyae Sone', '09686433765', ''),
(40, 'Htut aung wai', '093634845', ''),
(41, 'wanna thu', '094733743', ''),
(42, 'Chuu', '096383743', ''),
(43, 'Nandar nwe', '093874834', ''),
(44, 'Htoo aung hlaing', '093843841', ''),
(45, 'min khant kyaw', '09379477493', ''),
(46, 'Kyaw Kyaw', '098837484', ''),
(47, 'aung aung', '0937493744', ''),
(48, 'zwe naing hein', '0938474837', ''),
(49, 'Si thu thun', '094837484', ''),
(50, 'sandar tun', '0944836443', ''),
(51, 'kaung htet', '098748758', ''),
(52, 'bhone myat naing', '0974364848', ''),
(53, 'linn hein htet', '0938474834', ''),
(54, 'Hsu Yadana', '09262447132', ''),
(55, 'Myat Thiri Ei', '09253424323', ''),
(56, 'Nilar Hnin', '09715445814', ''),
(57, 'Zarni Myo', '09878667534', ''),
(58, 'U Mg Mya', '09123236765', ''),
(59, 'Hla Aung', '09252454464', ''),
(60, 'Wunna Htun', '09735362354', ''),
(61, 'Arkar Thiha', '09456778322', ''),
(62, 'Zarni Pyae', '09142524787', ''),
(63, 'Yuzana Thu', '09152321213', ''),
(64, 'Yi Mon', '095863167', ''),
(65, 'Poe Phyu', '09715243151', ''),
(66, 'Thar Latt', '09263546554', ''),
(67, 'Nyan Lin', '09186457281', ''),
(68, 'Kyaw Hayman', '09162534161', ''),
(69, 'Toe Toe', '09273635262', ''),
(70, 'Lay Pyay', '09162442537', ''),
(71, 'Thu Soe Win', '09764688723', ''),
(72, 'Htut Aung', '09172413112', ''),
(73, 'Nway', '09624141621', ''),
(74, 'cherry', '09263467171', ''),
(75, 'Arkar Htet', '09725441328', ''),
(76, 'Ei Khine', '09725256998', ''),
(77, 'Phyo Hein', '09172433241', ''),
(78, 'Kyaw Zwar', '09276483652', ''),
(79, 'Sandar Lin', '0927354278', ''),
(80, 'Pyae Pyae', '0927353883', ''),
(81, 'Zayar Phyo', '09776742374', ''),
(82, 'Chan Myae', '098735423', ''),
(83, 'Aye Chan', '0975853748', ''),
(84, 'Thet Paing', '0987865445', ''),
(85, 'Yady Khine', '0937352518', ''),
(86, 'thet thura', '09474837483', ''),
(87, 'thet soe', '0946838364', ''),
(88, 'myo tun khant', '0937354736', ''),
(89, 'khant phyo pyae', '0944483947', ''),
(90, 'ei thet', '0987745484', ''),
(91, 'myint eka', '0937384473', ''),
(92, 'tun htet zaw', '0947384748', ''),
(93, 'aung zin', '0957575435', ''),
(94, 'u khang', '093838478', ''),
(95, 'min arkar hein', '094794734', ''),
(96, 'hein pyae', '0916364847', ''),
(97, 'zeya ko htet', '0947374847', ''),
(98, 'sandar yati', '0947383743', ''),
(99, 'htun arkar', '09758574334', ''),
(100, 'pyae win sein', '09374837435', ''),
(101, 'thuta khine', '0957486353', ''),
(102, 'wai pyae pyae', '0947384634', ''),
(103, 'lin phyoe', '0944837424', ''),
(104, 'yarzar myint', '093738473', ''),
(105, 'nyan thu lin', '0977564735', ''),
(106, 'myo hein sein', '0954736472', ''),
(107, 'yaza ag', '0964736384', ''),
(108, 'lin ko', '0946374634', ''),
(109, 'win phyo thiha', '093848335', ''),
(110, 'naing kan myat', '093937494', ''),
(111, 'mon ommar', '0967765234', ''),
(112, 'khine zin soe', '0947483684', ''),
(113, 'thant u bo', '0963836472', ''),
(114, 'soe htut', '0956764445', ''),
(115, 'win lin zin', '0937483734', ''),
(116, 'win maung myint', '0947383743', ''),
(117, 'thiha mg zarni', '09847374483', ''),
(118, 'thawda htun', '0967484837', ''),
(119, 'htet win yin', '0936365274', ''),
(120, 'thant khaing', '0947366473', ''),
(121, 'aung thiha', '0966547334', ''),
(122, 'nyan naing', '0955677481', ''),
(123, 'thawda zin', '0963572354', ''),
(124, 'SEIN ZIN AUNG', '0947386842', ''),
(125, 'myo phone', '0974634638', ''),
(126, 'htet min phyoe', '0965736384', ''),
(127, 'zin yarzar khang', '09663764838', ''),
(128, 'kaung win', '0943736473', ''),
(129, 'htut wai', '0964837843', ''),
(130, 'ag thun', '0977486635', ''),
(131, 'htet khine', '0955373673', ''),
(132, 'new yati', '0933436684', ''),
(133, 'kyaw min soe', '0957488833', ''),
(134, 'zarni myo', '0912338493', ''),
(135, 'soe hein', '0966332742', ''),
(136, 'thura thiha', '0964838838', ''),
(137, 'myat kaung khint', '0936748382', ''),
(138, 'kaung thurein', '0922138463', ''),
(139, 'ye zin', '09467833642', ''),
(140, 'soe bo myint', '09367467214', ''),
(141, 'yaza thuka', '096836728', ''),
(142, 'thi pwint myat', '0947288373', ''),
(143, 'aye yi', '096893972', ''),
(144, 'aung phyo', '092638628', ''),
(145, 'naing aung', '0936736843', ''),
(146, 'myat thiha', '0978378363', ''),
(147, 'ye nyan khine', '0974638642', ''),
(148, 'thu zar', '093784728', ''),
(149, 'thuta win', '093784638', ''),
(150, 'lian hein', '095383947', ''),
(151, 'ky shee', '093684632', ''),
(152, 'oak gyi', '0947836382', ''),
(153, 'oakar min', '0938637732', ''),
(154, 'htut zeyar pyae', '0924838283', ''),
(155, 'mg linn', '093638732', ''),
(156, 'Khin Hnin', '0936392732', ''),
(157, 'Wai Phyo', '09273531712', ''),
(158, 'Lae Lae Khin', '0928463712', ''),
(159, 'Naing Win', '0927372712', ''),
(160, 'Lin Lae Phyo', '09237347181', ''),
(161, 'Chit Nadi', '0927365112', ''),
(162, 'Wint Wai', '0927465212', ''),
(163, 'Phoe Tote', '0983646221', ''),
(164, 'Kyaw Gyi', '09276212423', ''),
(165, 'Kyaw Zin', '093274611', ''),
(166, 'Hla Zin', '0947q73312', ''),
(167, 'Thant Zin', '0927462344', ''),
(168, 'Aung Pyae Sone', '0927652123', ''),
(169, 'Bhone Khant', '092746234', ''),
(170, 'Oakar Min Maung', '0923713422', ''),
(171, 'Chit Hsu', '0947462668', ''),
(172, 'Thar Thar', '09374624244', ''),
(173, 'Phoe Thar', '09374614423', ''),
(174, 'U Hla', '0936588723', ''),
(175, 'Bhone Pyae Nanda', '09276214634', ''),
(176, 'Ye Marn', '09375682534', ''),
(177, 'Ye Lin Htet', '09374624532', ''),
(178, 'Sanda Hnin', '0973518283', ''),
(179, 'ye min thu', '09452176888', ''),
(180, 'chaw chaw', '098465728332', ''),
(181, 'Thuta Aung', '09373517334', ''),
(182, 'Khant Si Thu', '09737266548', ''),
(183, 'U Thein Phay', '0937463822', ''),
(184, 'Aung Ba Htoo Khant', '0919923869', ''),
(185, 'Hnin Lae', '09273547234', ''),
(186, 'Myintzu', '09785527232', ''),
(187, 'Hla Shwe', '09276472544', ''),
(188, 'Yin Mon Htay', '09273628233', ''),
(189, 'Hla Thwe Yi', '09734627344', ''),
(190, 'Zarni Htun', '09273638212', ''),
(191, 'Hlaing Nwe', '09374627231', ''),
(192, 'Kaung Phyo', '0938472824', ''),
(193, 'ma myint', '09746526112', ''),
(194, 'Hla Win', '097372842', ''),
(195, 'Win Lae', '0937362855', ''),
(196, 'Phoe Tote', '09374527866', ''),
(197, 'yu', '0964267575', ''),
(198, 'tii hmway', '0963642186', ''),
(199, 'aye di tar', '0974528255', ''),
(200, 'Kaung Phyo', '09735498153', ''),
(201, 'Thiri', '09836271336', ''),
(202, 'Yin Theingi', '09276557387', ''),
(203, 'Myintzu cho', '09273521137', ''),
(204, 'Yin Mon Lwin', '0937452345', ''),
(205, 'Shwe Sin', '09274528733', ''),
(206, 'Shin Lae', '09745745734', ''),
(207, 'Jake', '09374628637', ''),
(208, 'Hla Hla', '09374518364', ''),
(209, 'Mg Ba', '09374528423', ''),
(210, 'Min Thant', '09274652627', ''),
(211, 'min min htun', '0926283627', ''),
(212, 'myo yan', '0964836284', ''),
(213, 'Wai Aung', '0936584638', ''),
(214, 'Thiha Myo', '0947283748', ''),
(215, 'thura zeyar oo', '09463836273', ''),
(216, 'Naing Thura Aung', '09373846281', ''),
(217, 'min min', '09648374898', ''),
(218, 'Htay Thu', '09477736842', ''),
(219, 'Aung Lwin Htet', '09478848332', ''),
(220, 'Kaung Ei Win', '09637373648', ''),
(221, 'Tun Min', '09335467824', ''),
(222, 'Wai Khine Zin', '09887463736', ''),
(223, 'Zeya Soe Nanda', '09657383632', ''),
(224, 'Zeya Phyu', '09547826849', ''),
(225, 'Zin Nu YeHlaing', '09554638443', ''),
(226, 'Hla Aung', '09556373833', ''),
(227, 'Htun Thu Aung', '09763833831', ''),
(228, 'Ko Kaung Tun', '09336827889', ''),
(229, 'Htun Naing Myat', '09463882894', ''),
(230, 'Ye Thet Htet', '09464733345', ''),
(231, 'Win Kaung Aye', '09884638261', ''),
(232, 'Htet Mya Hlaing', '09222748271', ''),
(233, 'Aung Zaw Soe', '09677352888', ''),
(234, 'Linn Thu', '09117226386', ''),
(235, 'Zeya Htet', '09353784638', ''),
(236, 'Soe Lin Win', '09537328264', ''),
(237, 'Ye Zaw KoKyaw', '09474784634', ''),
(238, 'Linn Nanda', '096473628312', ''),
(239, 'win ei', '09273827282', ''),
(240, 'Aye Min Wai', '09452783947', ''),
(241, 'Thiha Zin LinSoe', '09538373637', ''),
(242, 'Thein Than Zaw', '09987984894', 'comfrim booking');

-- --------------------------------------------------------

--
-- Table structure for table `flimshow`
--

CREATE TABLE `flimshow` (
  `showid` int(11) NOT NULL,
  `movieid` int(11) DEFAULT NULL,
  `roomid` int(11) DEFAULT NULL,
  `showdate` date DEFAULT NULL,
  `showtime` time DEFAULT NULL,
  `TotalSale` int(11) DEFAULT NULL
) ENGINE=InnoDB DEFAULT CHARSET=utf8mb4 COLLATE=utf8mb4_general_ci;

--
-- Dumping data for table `flimshow`
--

INSERT INTO `flimshow` (`showid`, `movieid`, `roomid`, `showdate`, `showtime`, `TotalSale`) VALUES
(1, 1, 1, '2024-12-29', '09:00:00', NULL),
(2, 1, 1, '2024-12-30', '09:00:00', NULL),
(3, 1, 1, '2024-12-31', '09:00:00', NULL),
(4, 1, 1, '2025-01-01', '09:00:00', NULL),
(5, 1, 1, '2025-01-02', '09:00:00', NULL),
(6, 1, 1, '2025-01-03', '09:00:00', NULL),
(7, 1, 1, '2025-01-04', '09:00:00', NULL),
(8, 2, 1, '2024-12-29', '17:00:00', NULL),
(9, 2, 1, '2024-12-30', '17:00:00', NULL),
(10, 2, 1, '2024-12-31', '17:00:00', NULL),
(11, 2, 1, '2025-01-01', '17:00:00', NULL),
(12, 2, 1, '2025-01-02', '17:00:00', NULL),
(13, 2, 1, '2025-01-03', '17:00:00', NULL),
(14, 2, 1, '2025-01-04', '17:00:00', NULL),
(15, 3, 1, '2024-12-29', '19:00:00', 489000),
(16, 3, 1, '2024-12-30', '19:00:00', 420000),
(17, 3, 1, '2024-12-31', '19:00:00', 236500),
(18, 3, 1, '2025-01-01', '19:00:00', 309000),
(19, 3, 1, '2025-01-02', '19:00:00', 234000),
(20, 3, 1, '2025-01-03', '19:00:00', 315000),
(21, 3, 1, '2025-01-04', '19:00:00', 440000),
(22, 2, 2, '2024-12-29', '09:00:00', NULL),
(23, 2, 2, '2024-12-30', '09:00:00', NULL),
(24, 2, 2, '2024-12-31', '09:00:00', NULL),
(25, 2, 2, '2025-01-01', '09:00:00', NULL),
(26, 2, 2, '2025-01-02', '09:00:00', NULL),
(27, 2, 2, '2025-01-03', '09:00:00', NULL),
(28, 2, 2, '2025-01-04', '09:00:00', NULL),
(29, 3, 2, '2024-12-29', '17:00:00', NULL),
(30, 3, 2, '2024-12-30', '17:00:00', NULL),
(31, 3, 2, '2024-12-31', '17:00:00', NULL),
(32, 3, 2, '2025-01-01', '17:00:00', NULL),
(33, 3, 2, '2025-01-02', '17:00:00', NULL),
(34, 3, 2, '2025-01-03', '17:00:00', NULL),
(35, 3, 2, '2025-01-04', '17:00:00', NULL),
(36, 1, 2, '2024-12-29', '19:00:00', 524500),
(37, 1, 2, '2024-12-30', '19:00:00', 316500),
(38, 1, 2, '2024-12-31', '19:00:00', 306500),
(39, 1, 2, '2025-01-01', '19:00:00', 234000),
(40, 1, 2, '2025-01-02', '19:00:00', 301500),
(41, 1, 2, '2025-01-03', '19:00:00', 479000),
(42, 1, 2, '2025-01-04', '19:00:00', 502000),
(43, 3, 3, '2024-12-29', '09:00:00', NULL),
(44, 3, 3, '2024-12-30', '09:00:00', NULL),
(45, 3, 3, '2024-12-31', '09:00:00', NULL),
(46, 3, 3, '2025-01-01', '09:00:00', NULL),
(47, 3, 3, '2025-01-02', '09:00:00', NULL),
(48, 3, 3, '2025-01-03', '09:00:00', NULL),
(49, 3, 3, '2025-01-04', '09:00:00', NULL),
(50, 1, 3, '2024-12-29', '17:00:00', NULL),
(51, 1, 3, '2024-12-30', '17:00:00', NULL),
(52, 1, 3, '2024-12-31', '17:00:00', NULL),
(53, 1, 3, '2025-01-01', '17:00:00', NULL),
(54, 1, 3, '2025-01-02', '17:00:00', NULL),
(55, 1, 3, '2025-01-03', '17:00:00', NULL),
(56, 1, 3, '2025-01-04', '17:00:00', NULL),
(57, 2, 3, '2024-12-29', '19:00:00', 651500),
(58, 2, 3, '2024-12-30', '19:00:00', 448000),
(59, 2, 3, '2024-12-31', '19:00:00', 384500),
(60, 2, 3, '2025-01-01', '19:00:00', 426500),
(61, 2, 3, '2025-01-02', '19:00:00', 293000),
(62, 2, 3, '2025-01-03', '19:00:00', 596500),
(63, 2, 3, '2025-01-04', '19:00:00', 566500),
(64, 4, 1, '2025-01-05', '09:00:00', NULL),
(65, 4, 1, '2025-01-06', '09:00:00', NULL),
(66, 4, 1, '2025-01-07', '09:00:00', NULL),
(67, 4, 1, '2025-01-08', '09:00:00', NULL),
(68, 4, 1, '2025-01-09', '09:00:00', NULL),
(69, 4, 1, '2025-01-10', '09:00:00', NULL),
(70, 4, 1, '2025-01-11', '09:00:00', NULL),
(71, 5, 2, '2025-01-05', '09:00:00', NULL),
(72, 5, 2, '2025-01-06', '09:00:00', NULL),
(73, 5, 2, '2025-01-07', '09:00:00', NULL),
(74, 5, 2, '2025-01-08', '09:00:00', NULL),
(75, 5, 2, '2025-01-09', '09:00:00', NULL),
(76, 5, 2, '2025-01-10', '09:00:00', NULL),
(77, 5, 2, '2025-01-11', '09:00:00', NULL),
(78, 6, 3, '2025-01-05', '09:00:00', NULL),
(79, 6, 3, '2025-01-06', '09:00:00', NULL),
(80, 6, 3, '2025-01-07', '09:00:00', NULL),
(81, 6, 3, '2025-01-08', '09:00:00', NULL),
(82, 6, 3, '2025-01-09', '09:00:00', NULL),
(83, 6, 3, '2025-01-10', '09:00:00', NULL),
(84, 6, 3, '2025-01-11', '09:00:00', NULL),
(85, 5, 1, '2025-01-05', '17:00:00', NULL),
(86, 5, 1, '2025-01-06', '17:00:00', NULL),
(87, 5, 1, '2025-01-07', '17:00:00', NULL),
(88, 5, 1, '2025-01-08', '17:00:00', NULL),
(89, 5, 1, '2025-01-09', '17:00:00', NULL),
(90, 5, 1, '2025-01-10', '17:00:00', NULL),
(91, 5, 1, '2025-01-11', '17:00:00', NULL),
(92, 6, 2, '2025-01-05', '17:00:00', NULL),
(93, 6, 2, '2025-01-06', '17:00:00', NULL),
(94, 6, 2, '2025-01-07', '17:00:00', NULL),
(95, 6, 2, '2025-01-08', '17:00:00', NULL),
(96, 6, 2, '2025-01-09', '17:00:00', NULL),
(97, 6, 2, '2025-01-10', '17:00:00', NULL),
(98, 6, 2, '2025-01-11', '17:00:00', NULL),
(99, 4, 3, '2025-01-05', '17:00:00', NULL),
(100, 4, 3, '2025-01-06', '17:00:00', NULL),
(101, 4, 3, '2025-01-07', '17:00:00', NULL),
(102, 4, 3, '2025-01-08', '17:00:00', NULL),
(103, 4, 3, '2025-01-09', '17:00:00', NULL),
(104, 4, 3, '2025-01-10', '17:00:00', NULL),
(105, 4, 3, '2025-01-11', '17:00:00', NULL),
(106, 6, 1, '2025-01-05', '19:00:00', 575500),
(107, 6, 1, '2025-01-06', '19:00:00', 420500),
(108, 6, 1, '2025-01-07', '19:00:00', 427500),
(109, 6, 1, '2025-01-08', '19:00:00', 548000),
(110, 6, 1, '2025-01-09', '19:00:00', 337000),
(111, 6, 1, '2025-01-10', '19:00:00', 524500),
(112, 6, 1, '2025-01-11', '19:00:00', 698000),
(113, 4, 2, '2025-01-05', '19:00:00', 620000),
(114, 4, 2, '2025-01-06', '19:00:00', 402000),
(115, 4, 2, '2025-01-07', '19:00:00', 358500),
(116, 4, 2, '2025-01-08', '19:00:00', 409500),
(117, 4, 2, '2025-01-09', '19:00:00', 376000),
(118, 4, 2, '2025-01-10', '19:00:00', 544000),
(119, 4, 2, '2025-01-11', '19:00:00', 554500),
(120, 5, 3, '2025-01-05', '19:00:00', 409000),
(121, 5, 3, '2025-01-06', '19:00:00', 446500),
(122, 5, 3, '2025-01-07', '19:00:00', 314500),
(123, 5, 3, '2025-01-08', '19:00:00', 471500),
(124, 5, 3, '2025-01-09', '19:00:00', 384500),
(125, 5, 3, '2025-01-10', '19:00:00', 473000),
(126, 5, 3, '2025-01-11', '19:00:00', 422000),
(127, 7, 1, '2025-01-12', '09:00:00', NULL),
(128, 7, 1, '2025-01-13', '09:00:00', NULL),
(129, 7, 1, '2025-01-14', '09:00:00', NULL),
(130, 7, 1, '2025-01-15', '09:00:00', NULL),
(131, 7, 1, '2025-01-16', '09:00:00', NULL),
(132, 7, 1, '2025-01-17', '09:00:00', NULL),
(133, 7, 1, '2025-01-18', '09:00:00', NULL),
(134, 8, 2, '2025-01-12', '09:00:00', NULL),
(135, 8, 2, '2025-01-13', '09:00:00', NULL),
(136, 8, 2, '2025-01-14', '09:00:00', NULL),
(137, 8, 2, '2025-01-15', '09:00:00', NULL),
(138, 8, 2, '2025-01-16', '09:00:00', NULL),
(139, 8, 2, '2025-01-17', '09:00:00', NULL),
(140, 8, 2, '2025-01-18', '09:00:00', NULL),
(141, 9, 3, '2025-01-12', '09:00:00', NULL),
(142, 9, 3, '2025-01-13', '09:00:00', NULL),
(143, 9, 3, '2025-01-14', '09:00:00', NULL),
(144, 9, 3, '2025-01-15', '09:00:00', NULL),
(145, 9, 3, '2025-01-16', '09:00:00', NULL),
(146, 9, 3, '2025-01-17', '09:00:00', NULL),
(147, 9, 3, '2025-01-18', '09:00:00', NULL),
(148, 8, 1, '2025-01-12', '17:00:00', NULL),
(149, 8, 1, '2025-01-13', '17:00:00', NULL),
(150, 8, 1, '2025-01-14', '17:00:00', NULL),
(151, 8, 1, '2025-01-15', '17:00:00', NULL),
(152, 8, 1, '2025-01-16', '17:00:00', NULL),
(153, 8, 1, '2025-01-17', '17:00:00', NULL),
(154, 8, 1, '2025-01-18', '17:00:00', NULL),
(155, 9, 2, '2025-01-12', '17:00:00', NULL),
(156, 9, 2, '2025-01-13', '17:00:00', NULL),
(157, 9, 2, '2025-01-14', '17:00:00', NULL),
(158, 9, 2, '2025-01-15', '17:00:00', NULL),
(159, 9, 2, '2025-01-16', '17:00:00', NULL),
(160, 9, 2, '2025-01-17', '17:00:00', NULL),
(161, 9, 2, '2025-01-18', '17:00:00', NULL),
(162, 7, 3, '2025-01-12', '17:00:00', NULL),
(163, 7, 3, '2025-01-13', '17:00:00', NULL),
(164, 7, 3, '2025-01-14', '17:00:00', NULL),
(165, 7, 3, '2025-01-15', '17:00:00', NULL),
(166, 7, 3, '2025-01-16', '17:00:00', NULL),
(167, 7, 3, '2025-01-17', '17:00:00', NULL),
(168, 7, 3, '2025-01-18', '17:00:00', NULL),
(169, 9, 1, '2025-01-12', '19:00:00', 472000),
(170, 9, 1, '2025-01-13', '19:00:00', 474000),
(171, 9, 1, '2025-01-14', '19:00:00', 527000),
(172, 9, 1, '2025-01-15', '19:00:00', 459000),
(173, 9, 1, '2025-01-16', '19:00:00', 394500),
(174, 9, 1, '2025-01-17', '19:00:00', 402000),
(175, 9, 1, '2025-01-18', '19:00:00', 459500),
(176, 7, 2, '2025-01-12', '19:00:00', 691500),
(177, 7, 2, '2025-01-13', '19:00:00', 600000),
(178, 7, 2, '2025-01-14', '19:00:00', 715500),
(179, 7, 2, '2025-01-15', '19:00:00', 697500),
(180, 7, 2, '2025-01-16', '19:00:00', 756000),
(181, 7, 2, '2025-01-17', '19:00:00', 605000),
(182, 7, 2, '2025-01-18', '19:00:00', 891000),
(183, 8, 3, '2025-01-12', '19:00:00', 463500),
(184, 8, 3, '2025-01-13', '19:00:00', 448500),
(185, 8, 3, '2025-01-14', '19:00:00', 419000),
(186, 8, 3, '2025-01-15', '19:00:00', 393000),
(187, 8, 3, '2025-01-16', '19:00:00', 501500),
(188, 8, 3, '2025-01-17', '19:00:00', 426000),
(189, 8, 3, '2025-01-18', '19:00:00', 336000),
(190, 10, 1, '2025-01-19', '09:00:00', NULL),
(191, 10, 1, '2025-01-20', '09:00:00', NULL),
(192, 10, 1, '2025-01-21', '09:00:00', NULL),
(193, 10, 1, '2025-01-22', '09:00:00', NULL),
(194, 10, 1, '2025-01-23', '09:00:00', NULL),
(195, 10, 1, '2025-01-24', '09:00:00', NULL),
(196, 10, 1, '2025-01-25', '09:00:00', NULL),
(197, 11, 2, '2025-01-19', '09:00:00', NULL),
(198, 11, 2, '2025-01-20', '09:00:00', NULL),
(199, 11, 2, '2025-01-21', '09:00:00', NULL),
(200, 11, 2, '2025-01-22', '09:00:00', NULL),
(201, 11, 2, '2025-01-23', '09:00:00', NULL),
(202, 11, 2, '2025-01-24', '09:00:00', NULL),
(203, 11, 2, '2025-01-25', '09:00:00', NULL),
(204, 12, 3, '2025-01-19', '09:00:00', NULL),
(205, 12, 3, '2025-01-20', '09:00:00', NULL),
(206, 12, 3, '2025-01-21', '09:00:00', NULL),
(207, 12, 3, '2025-01-22', '09:00:00', NULL),
(208, 12, 3, '2025-01-23', '09:00:00', NULL),
(209, 12, 3, '2025-01-24', '09:00:00', NULL),
(210, 12, 3, '2025-01-25', '09:00:00', NULL),
(211, 11, 1, '2025-01-19', '17:00:00', NULL),
(212, 11, 1, '2025-01-20', '17:00:00', NULL),
(213, 11, 1, '2025-01-21', '17:00:00', NULL),
(214, 11, 1, '2025-01-22', '17:00:00', NULL),
(215, 11, 1, '2025-01-23', '17:00:00', NULL),
(216, 11, 1, '2025-01-24', '17:00:00', NULL),
(217, 11, 1, '2025-01-25', '17:00:00', NULL),
(218, 12, 2, '2025-01-19', '17:00:00', NULL),
(219, 12, 2, '2025-01-20', '17:00:00', NULL),
(220, 12, 2, '2025-01-21', '17:00:00', NULL),
(221, 12, 2, '2025-01-22', '17:00:00', NULL),
(222, 12, 2, '2025-01-23', '17:00:00', NULL),
(223, 12, 2, '2025-01-24', '17:00:00', NULL),
(224, 12, 2, '2025-01-25', '17:00:00', NULL),
(225, 10, 3, '2025-01-19', '17:00:00', NULL),
(226, 10, 3, '2025-01-20', '17:00:00', NULL),
(227, 10, 3, '2025-01-21', '17:00:00', NULL),
(228, 10, 3, '2025-01-22', '17:00:00', NULL),
(229, 10, 3, '2025-01-23', '17:00:00', NULL),
(230, 10, 3, '2025-01-24', '17:00:00', NULL),
(231, 10, 3, '2025-01-25', '17:00:00', NULL),
(232, 12, 1, '2025-01-19', '19:00:00', 520000),
(233, 12, 1, '2025-01-20', '19:00:00', 421500),
(234, 12, 1, '2025-01-21', '19:00:00', 509500),
(235, 12, 1, '2025-01-22', '19:00:00', 503500),
(236, 12, 1, '2025-01-23', '19:00:00', 319500),
(237, 12, 1, '2025-01-24', '19:00:00', 477500),
(238, 12, 1, '2025-01-25', '19:00:00', 483000),
(239, 10, 2, '2025-01-19', '19:00:00', 401000),
(240, 10, 2, '2025-01-20', '19:00:00', 335500),
(241, 10, 2, '2025-01-21', '19:00:00', 255000),
(242, 10, 2, '2025-01-22', '19:00:00', 353000),
(243, 10, 2, '2025-01-23', '19:00:00', 456000),
(244, 10, 2, '2025-01-24', '19:00:00', 403500),
(245, 10, 2, '2025-01-25', '19:00:00', 437000),
(246, 11, 3, '2025-01-19', '19:00:00', 409000),
(247, 11, 3, '2025-01-20', '19:00:00', 371500),
(248, 11, 3, '2025-01-21', '19:00:00', 341000),
(249, 11, 3, '2025-01-22', '19:00:00', 413000),
(250, 11, 3, '2025-01-23', '19:00:00', 363000),
(251, 11, 3, '2025-01-24', '19:00:00', 457500),
(252, 11, 3, '2025-01-25', '19:00:00', 334500),
(253, 13, 1, '2025-01-26', '09:00:00', NULL),
(254, 13, 1, '2025-01-27', '09:00:00', NULL),
(255, 13, 1, '2025-01-28', '09:00:00', NULL),
(256, 13, 1, '2025-01-29', '09:00:00', NULL),
(257, 13, 1, '2025-01-30', '09:00:00', NULL),
(258, 13, 1, '2025-01-31', '09:00:00', NULL),
(259, 13, 1, '2025-02-01', '09:00:00', NULL),
(260, 14, 2, '2025-01-26', '09:00:00', NULL),
(261, 14, 2, '2025-01-27', '09:00:00', NULL),
(262, 14, 2, '2025-01-28', '09:00:00', NULL),
(263, 14, 2, '2025-01-29', '09:00:00', NULL),
(264, 14, 2, '2025-01-30', '09:00:00', NULL),
(265, 14, 2, '2025-01-31', '09:00:00', NULL),
(266, 14, 2, '2025-02-01', '09:00:00', NULL),
(267, 15, 3, '2025-01-26', '09:00:00', NULL),
(268, 15, 3, '2025-01-27', '09:00:00', NULL),
(269, 15, 3, '2025-01-28', '09:00:00', NULL),
(270, 15, 3, '2025-01-29', '09:00:00', NULL),
(271, 15, 3, '2025-01-30', '09:00:00', NULL),
(272, 15, 3, '2025-01-31', '09:00:00', NULL),
(273, 15, 3, '2025-02-01', '09:00:00', NULL),
(274, 14, 1, '2025-01-26', '17:00:00', NULL),
(275, 14, 1, '2025-01-27', '17:00:00', NULL),
(276, 14, 1, '2025-01-28', '17:00:00', NULL),
(277, 14, 1, '2025-01-29', '17:00:00', NULL),
(278, 14, 1, '2025-01-30', '17:00:00', NULL),
(279, 14, 1, '2025-01-31', '17:00:00', NULL),
(280, 14, 1, '2025-02-01', '17:00:00', NULL),
(281, 15, 2, '2025-01-26', '17:00:00', NULL),
(282, 15, 2, '2025-01-27', '17:00:00', NULL),
(283, 15, 2, '2025-01-28', '17:00:00', NULL),
(284, 15, 2, '2025-01-29', '17:00:00', NULL),
(285, 15, 2, '2025-01-30', '17:00:00', NULL),
(286, 15, 2, '2025-01-31', '17:00:00', NULL),
(287, 15, 2, '2025-02-01', '17:00:00', NULL),
(288, 13, 3, '2025-01-26', '17:00:00', NULL),
(289, 13, 3, '2025-01-27', '17:00:00', NULL),
(290, 13, 3, '2025-01-28', '17:00:00', NULL),
(291, 13, 3, '2025-01-29', '17:00:00', NULL),
(292, 13, 3, '2025-01-30', '17:00:00', NULL),
(293, 13, 3, '2025-01-31', '17:00:00', NULL),
(294, 13, 3, '2025-02-01', '17:00:00', NULL),
(295, 15, 1, '2025-01-26', '19:00:00', 454000),
(296, 15, 1, '2025-01-27', '19:00:00', 459000),
(297, 15, 1, '2025-01-28', '19:00:00', 463500),
(298, 15, 1, '2025-01-29', '19:00:00', 363500),
(299, 15, 1, '2025-01-30', '19:00:00', 391500),
(300, 15, 1, '2025-01-31', '19:00:00', 456500),
(301, 15, 1, '2025-02-01', '19:00:00', 538000),
(302, 13, 2, '2025-01-26', '19:00:00', 470000),
(303, 13, 2, '2025-01-27', '19:00:00', 303000),
(304, 13, 2, '2025-01-28', '19:00:00', 210000),
(305, 13, 2, '2025-01-29', '19:00:00', 56000),
(306, 13, 2, '2025-01-30', '19:00:00', NULL),
(307, 13, 2, '2025-01-31', '19:00:00', 383000),
(308, 13, 2, '2025-02-01', '19:00:00', 413000),
(309, 14, 3, '2025-01-26', '19:00:00', 415000),
(310, 14, 3, '2025-01-27', '19:00:00', 389500),
(311, 14, 3, '2025-01-28', '19:00:00', 357500),
(312, 14, 3, '2025-01-29', '19:00:00', 499500),
(313, 14, 3, '2025-01-30', '19:00:00', 418500),
(314, 14, 3, '2025-01-31', '19:00:00', 492000),
(315, 14, 3, '2025-02-01', '19:00:00', 443500),
(316, 16, 1, '2025-02-02', '09:00:00', NULL),
(317, 16, 1, '2025-02-03', '09:00:00', NULL),
(318, 16, 1, '2025-02-04', '09:00:00', NULL),
(319, 16, 1, '2025-02-05', '09:00:00', NULL),
(320, 16, 1, '2025-02-06', '09:00:00', NULL),
(321, 16, 1, '2025-02-07', '09:00:00', NULL),
(322, 16, 1, '2025-02-08', '09:00:00', NULL),
(323, 17, 2, '2025-02-02', '09:00:00', NULL),
(324, 17, 2, '2025-02-03', '09:00:00', NULL),
(325, 17, 2, '2025-02-04', '09:00:00', NULL),
(326, 17, 2, '2025-02-05', '09:00:00', NULL),
(327, 17, 2, '2025-02-06', '09:00:00', NULL),
(328, 17, 2, '2025-02-07', '09:00:00', NULL),
(329, 17, 2, '2025-02-08', '09:00:00', NULL),
(330, 18, 3, '2025-02-02', '09:00:00', NULL),
(331, 18, 3, '2025-02-03', '09:00:00', NULL),
(332, 18, 3, '2025-02-04', '09:00:00', NULL),
(333, 18, 3, '2025-02-05', '09:00:00', NULL),
(334, 18, 3, '2025-02-06', '09:00:00', NULL),
(335, 18, 3, '2025-02-07', '09:00:00', NULL),
(336, 18, 3, '2025-02-08', '09:00:00', NULL),
(337, 17, 1, '2025-02-02', '17:00:00', NULL),
(338, 17, 1, '2025-02-03', '17:00:00', NULL),
(339, 17, 1, '2025-02-04', '17:00:00', NULL),
(340, 17, 1, '2025-02-05', '17:00:00', NULL),
(341, 17, 1, '2025-02-06', '17:00:00', NULL),
(342, 17, 1, '2025-02-07', '17:00:00', NULL),
(343, 17, 1, '2025-02-08', '17:00:00', NULL),
(344, 18, 2, '2025-02-02', '17:00:00', NULL),
(345, 18, 2, '2025-02-03', '17:00:00', NULL),
(346, 18, 2, '2025-02-04', '17:00:00', NULL),
(347, 18, 2, '2025-02-05', '17:00:00', NULL),
(348, 18, 2, '2025-02-06', '17:00:00', NULL),
(349, 18, 2, '2025-02-07', '17:00:00', NULL),
(350, 18, 2, '2025-02-08', '17:00:00', NULL),
(351, 16, 3, '2025-02-02', '17:00:00', NULL),
(352, 16, 3, '2025-02-03', '17:00:00', NULL),
(353, 16, 3, '2025-02-04', '17:00:00', NULL),
(354, 16, 3, '2025-02-05', '17:00:00', NULL),
(355, 16, 3, '2025-02-06', '17:00:00', NULL),
(356, 16, 3, '2025-02-07', '17:00:00', NULL),
(357, 16, 3, '2025-02-08', '17:00:00', NULL),
(358, 18, 1, '2025-02-02', '19:00:00', 687000),
(359, 18, 1, '2025-02-03', '19:00:00', 512500),
(360, 18, 1, '2025-02-04', '19:00:00', 385000),
(361, 18, 1, '2025-02-05', '19:00:00', 354500),
(362, 18, 1, '2025-02-06', '19:00:00', 323000),
(363, 18, 1, '2025-02-07', '19:00:00', 450500),
(364, 18, 1, '2025-02-08', '19:00:00', 773000),
(365, 16, 2, '2025-02-02', '19:00:00', 459000),
(366, 16, 2, '2025-02-03', '19:00:00', 366000),
(367, 16, 2, '2025-02-04', '19:00:00', 298500),
(368, 16, 2, '2025-02-05', '19:00:00', 239500),
(369, 16, 2, '2025-02-06', '19:00:00', 238500),
(370, 16, 2, '2025-02-07', '19:00:00', 178000),
(371, 16, 2, '2025-02-08', '19:00:00', 582000),
(372, 17, 3, '2025-02-02', '19:00:00', 645500),
(373, 17, 3, '2025-02-03', '19:00:00', 593500),
(374, 17, 3, '2025-02-04', '19:00:00', 469500),
(375, 17, 3, '2025-02-05', '19:00:00', 404500),
(376, 17, 3, '2025-02-06', '19:00:00', 394000),
(377, 17, 3, '2025-02-07', '19:00:00', 450000),
(378, 17, 3, '2025-02-08', '19:00:00', 650500),
(379, 19, 1, '2025-02-09', '09:00:00', NULL),
(380, 19, 1, '2025-02-10', '09:00:00', NULL),
(381, 19, 1, '2025-02-11', '09:00:00', NULL),
(382, 19, 1, '2025-02-12', '09:00:00', NULL),
(383, 19, 1, '2025-02-13', '09:00:00', NULL),
(384, 19, 1, '2025-02-14', '09:00:00', NULL),
(385, 19, 1, '2025-02-15', '09:00:00', NULL),
(386, 20, 2, '2025-02-09', '09:00:00', NULL),
(387, 20, 2, '2025-02-10', '09:00:00', NULL),
(388, 20, 2, '2025-02-11', '09:00:00', NULL),
(389, 20, 2, '2025-02-12', '09:00:00', NULL),
(390, 20, 2, '2025-02-13', '09:00:00', NULL),
(391, 20, 2, '2025-02-14', '09:00:00', NULL),
(392, 20, 2, '2025-02-15', '09:00:00', NULL),
(393, 21, 3, '2025-02-09', '09:00:00', NULL),
(394, 21, 3, '2025-02-10', '09:00:00', NULL),
(395, 21, 3, '2025-02-11', '09:00:00', NULL),
(396, 21, 3, '2025-02-12', '09:00:00', NULL),
(397, 21, 3, '2025-02-13', '09:00:00', NULL),
(398, 21, 3, '2025-02-14', '09:00:00', NULL),
(399, 21, 3, '2025-02-15', '09:00:00', NULL),
(400, 20, 1, '2025-02-09', '17:00:00', NULL),
(401, 20, 1, '2025-02-10', '17:00:00', NULL),
(402, 20, 1, '2025-02-11', '17:00:00', NULL),
(403, 20, 1, '2025-02-12', '17:00:00', NULL),
(404, 20, 1, '2025-02-13', '17:00:00', NULL),
(405, 20, 1, '2025-02-14', '17:00:00', NULL),
(406, 20, 1, '2025-02-15', '17:00:00', NULL),
(407, 21, 2, '2025-02-09', '17:00:00', NULL),
(408, 21, 2, '2025-02-10', '17:00:00', NULL),
(409, 21, 2, '2025-02-11', '17:00:00', NULL),
(410, 21, 2, '2025-02-12', '17:00:00', NULL),
(411, 21, 2, '2025-02-13', '17:00:00', NULL),
(412, 21, 2, '2025-02-14', '17:00:00', NULL),
(413, 21, 2, '2025-02-15', '17:00:00', NULL),
(414, 19, 3, '2025-02-09', '17:00:00', NULL),
(415, 19, 3, '2025-02-10', '17:00:00', NULL),
(416, 19, 3, '2025-02-11', '17:00:00', NULL),
(417, 19, 3, '2025-02-12', '17:00:00', NULL),
(418, 19, 3, '2025-02-13', '17:00:00', NULL),
(419, 19, 3, '2025-02-14', '17:00:00', NULL),
(420, 19, 3, '2025-02-15', '17:00:00', NULL),
(421, 21, 1, '2025-02-09', '19:00:00', 823000),
(422, 21, 1, '2025-02-10', '19:00:00', 348500),
(423, 21, 1, '2025-02-11', '19:00:00', 283000),
(424, 21, 1, '2025-02-12', '19:00:00', 286000),
(425, 21, 1, '2025-02-13', '19:00:00', 317000),
(426, 21, 1, '2025-02-14', '19:00:00', 301500),
(427, 21, 1, '2025-02-15', '19:00:00', 831500),
(428, 19, 2, '2025-02-09', '19:00:00', 860500),
(429, 19, 2, '2025-02-10', '19:00:00', 236500),
(430, 19, 2, '2025-02-11', '19:00:00', 191000),
(431, 19, 2, '2025-02-12', '19:00:00', 212500),
(432, 19, 2, '2025-02-13', '19:00:00', 136000),
(433, 19, 2, '2025-02-14', '19:00:00', 159000),
(434, 19, 2, '2025-02-15', '19:00:00', 847000),
(435, 20, 3, '2025-02-09', '19:00:00', 898000),
(436, 20, 3, '2025-02-10', '19:00:00', 237000),
(437, 20, 3, '2025-02-11', '19:00:00', 290000),
(438, 20, 3, '2025-02-12', '19:00:00', 158000),
(439, 20, 3, '2025-02-13', '19:00:00', 201000),
(440, 20, 3, '2025-02-14', '19:00:00', 294000),
(441, 20, 3, '2025-02-15', '19:00:00', 824000),
(442, 22, 1, '2025-02-16', '09:00:00', NULL),
(443, 22, 1, '2025-02-17', '09:00:00', NULL),
(444, 22, 1, '2025-02-18', '09:00:00', NULL),
(445, 22, 1, '2025-02-19', '09:00:00', NULL),
(446, 22, 1, '2025-02-20', '09:00:00', NULL),
(447, 22, 1, '2025-02-21', '09:00:00', NULL),
(448, 22, 1, '2025-02-22', '09:00:00', NULL),
(449, 23, 2, '2025-02-16', '09:00:00', NULL),
(450, 23, 2, '2025-02-17', '09:00:00', NULL),
(451, 23, 2, '2025-02-18', '09:00:00', NULL),
(452, 23, 2, '2025-02-19', '09:00:00', NULL),
(453, 23, 2, '2025-02-20', '09:00:00', NULL),
(454, 23, 2, '2025-02-21', '09:00:00', NULL),
(455, 23, 2, '2025-02-22', '09:00:00', NULL),
(456, 24, 3, '2025-02-16', '09:00:00', NULL),
(457, 24, 3, '2025-02-17', '09:00:00', NULL),
(458, 24, 3, '2025-02-18', '09:00:00', NULL),
(459, 24, 3, '2025-02-19', '09:00:00', NULL),
(460, 24, 3, '2025-02-20', '09:00:00', NULL),
(461, 24, 3, '2025-02-21', '09:00:00', NULL),
(462, 24, 3, '2025-02-22', '09:00:00', NULL),
(463, 23, 1, '2025-02-16', '17:00:00', NULL),
(464, 23, 1, '2025-02-17', '17:00:00', NULL),
(465, 23, 1, '2025-02-18', '17:00:00', NULL),
(466, 23, 1, '2025-02-19', '17:00:00', NULL),
(467, 23, 1, '2025-02-20', '17:00:00', NULL),
(468, 23, 1, '2025-02-21', '17:00:00', NULL),
(469, 23, 1, '2025-02-22', '17:00:00', NULL),
(470, 24, 2, '2025-02-16', '17:00:00', NULL),
(471, 24, 2, '2025-02-17', '17:00:00', NULL),
(472, 24, 2, '2025-02-18', '17:00:00', NULL),
(473, 24, 2, '2025-02-19', '17:00:00', NULL),
(474, 24, 2, '2025-02-20', '17:00:00', NULL),
(475, 24, 2, '2025-02-21', '17:00:00', NULL),
(476, 24, 2, '2025-02-22', '17:00:00', NULL),
(477, 22, 3, '2025-02-16', '17:00:00', NULL),
(478, 22, 3, '2025-02-17', '17:00:00', NULL),
(479, 22, 3, '2025-02-18', '17:00:00', NULL),
(480, 22, 3, '2025-02-19', '17:00:00', NULL),
(481, 22, 3, '2025-02-20', '17:00:00', NULL),
(482, 22, 3, '2025-02-21', '17:00:00', NULL),
(483, 22, 3, '2025-02-22', '17:00:00', NULL),
(484, 24, 1, '2025-02-16', '19:00:00', 823500),
(485, 24, 1, '2025-02-17', '19:00:00', 271000),
(486, 24, 1, '2025-02-18', '19:00:00', 258500),
(487, 24, 1, '2025-02-19', '19:00:00', 267000),
(488, 24, 1, '2025-02-20', '19:00:00', 203500),
(489, 24, 1, '2025-02-21', '19:00:00', 235500),
(490, 24, 1, '2025-02-22', '19:00:00', 840500),
(491, 22, 2, '2025-02-16', '19:00:00', 808500),
(492, 22, 2, '2025-02-17', '19:00:00', 248500),
(493, 22, 2, '2025-02-18', '19:00:00', 314000),
(494, 22, 2, '2025-02-19', '19:00:00', 166500),
(495, 22, 2, '2025-02-20', '19:00:00', 263500),
(496, 22, 2, '2025-02-21', '19:00:00', 394500),
(497, 22, 2, '2025-02-22', '19:00:00', 661000),
(498, 23, 3, '2025-02-16', '19:00:00', 788000),
(499, 23, 3, '2025-02-17', '19:00:00', 290000),
(500, 23, 3, '2025-02-18', '19:00:00', 264000),
(501, 23, 3, '2025-02-19', '19:00:00', 268500),
(502, 23, 3, '2025-02-20', '19:00:00', 328500),
(503, 23, 3, '2025-02-21', '19:00:00', 338500),
(504, 23, 3, '2025-02-22', '19:00:00', 858000),
(505, 25, 1, '2025-02-23', '09:00:00', NULL),
(506, 25, 1, '2025-02-24', '09:00:00', NULL),
(507, 25, 1, '2025-02-25', '09:00:00', NULL),
(508, 25, 1, '2025-02-26', '09:00:00', NULL),
(509, 25, 1, '2025-02-27', '09:00:00', NULL),
(510, 25, 1, '2025-02-28', '09:00:00', NULL),
(511, 25, 1, '2025-03-01', '09:00:00', NULL),
(512, 26, 2, '2025-02-23', '09:00:00', NULL),
(513, 26, 2, '2025-02-24', '09:00:00', NULL),
(514, 26, 2, '2025-02-25', '09:00:00', NULL),
(515, 26, 2, '2025-02-26', '09:00:00', NULL),
(516, 26, 2, '2025-02-27', '09:00:00', NULL),
(517, 26, 2, '2025-02-28', '09:00:00', NULL),
(518, 26, 2, '2025-03-01', '09:00:00', NULL),
(519, 27, 3, '2025-02-23', '09:00:00', NULL),
(520, 27, 3, '2025-02-24', '09:00:00', NULL),
(521, 27, 3, '2025-02-25', '09:00:00', NULL),
(522, 27, 3, '2025-02-26', '09:00:00', NULL),
(523, 27, 3, '2025-02-27', '09:00:00', NULL),
(524, 27, 3, '2025-02-28', '09:00:00', NULL),
(525, 27, 3, '2025-03-01', '09:00:00', NULL),
(526, 26, 1, '2025-02-23', '17:00:00', NULL),
(527, 26, 1, '2025-02-24', '17:00:00', NULL),
(528, 26, 1, '2025-02-25', '17:00:00', NULL),
(529, 26, 1, '2025-02-26', '17:00:00', NULL),
(530, 26, 1, '2025-02-27', '17:00:00', NULL),
(531, 26, 1, '2025-02-28', '17:00:00', NULL),
(532, 26, 1, '2025-03-01', '17:00:00', NULL),
(533, 27, 2, '2025-02-23', '17:00:00', NULL),
(534, 27, 2, '2025-02-24', '17:00:00', NULL),
(535, 27, 2, '2025-02-25', '17:00:00', NULL),
(536, 27, 2, '2025-02-26', '17:00:00', NULL),
(537, 27, 2, '2025-02-27', '17:00:00', NULL),
(538, 27, 2, '2025-02-28', '17:00:00', NULL),
(539, 27, 2, '2025-03-01', '17:00:00', NULL),
(540, 25, 3, '2025-02-23', '17:00:00', NULL),
(541, 25, 3, '2025-02-24', '17:00:00', NULL),
(542, 25, 3, '2025-02-25', '17:00:00', NULL),
(543, 25, 3, '2025-02-26', '17:00:00', NULL),
(544, 25, 3, '2025-02-27', '17:00:00', NULL),
(545, 25, 3, '2025-02-28', '17:00:00', NULL),
(546, 25, 3, '2025-03-01', '17:00:00', NULL),
(547, 27, 1, '2025-02-23', '19:00:00', 663500),
(548, 27, 1, '2025-02-24', '19:00:00', 115000),
(549, 27, 1, '2025-02-25', '19:00:00', 181000),
(550, 27, 1, '2025-02-26', '19:00:00', 126500),
(551, 27, 1, '2025-02-27', '19:00:00', 92000),
(552, 27, 1, '2025-02-28', '19:00:00', 149500),
(553, 27, 1, '2025-03-01', '19:00:00', 613000),
(554, 25, 2, '2025-02-23', '19:00:00', 753500),
(555, 25, 2, '2025-02-24', '19:00:00', 204000),
(556, 25, 2, '2025-02-25', '19:00:00', 225500),
(557, 25, 2, '2025-02-26', '19:00:00', 267000),
(558, 25, 2, '2025-02-27', '19:00:00', 191000),
(559, 25, 2, '2025-02-28', '19:00:00', 272500),
(560, 25, 2, '2025-03-01', '19:00:00', 803500),
(561, 26, 3, '2025-02-23', '19:00:00', 748500),
(562, 26, 3, '2025-02-24', '19:00:00', 158000),
(563, 26, 3, '2025-02-25', '19:00:00', 103500),
(564, 26, 3, '2025-02-26', '19:00:00', 126500),
(565, 26, 3, '2025-02-27', '19:00:00', 135000),
(566, 26, 3, '2025-02-28', '19:00:00', 145000),
(567, 26, 3, '2025-03-01', '19:00:00', 786500),
(568, 28, 1, '2025-03-02', '09:00:00', NULL),
(569, 28, 1, '2025-03-03', '09:00:00', NULL),
(570, 28, 1, '2025-03-04', '09:00:00', NULL),
(571, 28, 1, '2025-03-05', '09:00:00', NULL),
(572, 28, 1, '2025-03-06', '09:00:00', NULL),
(573, 28, 1, '2025-03-07', '09:00:00', NULL),
(574, 28, 1, '2025-03-08', '09:00:00', NULL),
(575, 29, 2, '2025-03-02', '09:00:00', NULL),
(576, 29, 2, '2025-03-03', '09:00:00', NULL),
(577, 29, 2, '2025-03-04', '09:00:00', NULL),
(578, 29, 2, '2025-03-05', '09:00:00', NULL),
(579, 29, 2, '2025-03-06', '09:00:00', NULL),
(580, 29, 2, '2025-03-07', '09:00:00', NULL),
(581, 29, 2, '2025-03-08', '09:00:00', NULL),
(582, 30, 3, '2025-03-02', '09:00:00', NULL),
(583, 30, 3, '2025-03-03', '09:00:00', NULL),
(584, 30, 3, '2025-03-04', '09:00:00', NULL),
(585, 30, 3, '2025-03-05', '09:00:00', NULL),
(586, 30, 3, '2025-03-06', '09:00:00', NULL),
(587, 30, 3, '2025-03-07', '09:00:00', NULL),
(588, 30, 3, '2025-03-08', '09:00:00', NULL),
(589, 29, 1, '2025-03-02', '17:00:00', NULL),
(590, 29, 1, '2025-03-03', '17:00:00', NULL),
(591, 29, 1, '2025-03-04', '17:00:00', NULL),
(592, 29, 1, '2025-03-05', '17:00:00', NULL),
(593, 29, 1, '2025-03-06', '17:00:00', NULL),
(594, 29, 1, '2025-03-07', '17:00:00', NULL),
(595, 29, 1, '2025-03-08', '17:00:00', NULL),
(596, 30, 2, '2025-03-02', '17:00:00', NULL),
(597, 30, 2, '2025-03-03', '17:00:00', NULL),
(598, 30, 2, '2025-03-04', '17:00:00', NULL),
(599, 30, 2, '2025-03-05', '17:00:00', NULL),
(600, 30, 2, '2025-03-06', '17:00:00', NULL),
(601, 30, 2, '2025-03-07', '17:00:00', NULL),
(602, 30, 2, '2025-03-08', '17:00:00', NULL),
(603, 28, 3, '2025-03-02', '17:00:00', NULL),
(604, 28, 3, '2025-03-03', '17:00:00', NULL),
(605, 28, 3, '2025-03-04', '17:00:00', NULL),
(606, 28, 3, '2025-03-05', '17:00:00', NULL),
(607, 28, 3, '2025-03-06', '17:00:00', NULL),
(608, 28, 3, '2025-03-07', '17:00:00', NULL),
(609, 28, 3, '2025-03-08', '17:00:00', NULL),
(610, 28, 2, '2025-03-02', '19:00:00', 437000),
(611, 28, 2, '2025-03-03', '19:00:00', 389000),
(612, 28, 2, '2025-03-04', '19:00:00', 357500),
(613, 28, 2, '2025-03-05', '19:00:00', 188000),
(614, 28, 2, '2025-03-06', '19:00:00', 224000),
(615, 28, 2, '2025-03-07', '19:00:00', 207500),
(616, 28, 2, '2025-03-08', '19:00:00', 408000),
(617, 29, 3, '2025-03-02', '19:00:00', 470500),
(618, 29, 3, '2025-03-03', '19:00:00', 424000),
(619, 29, 3, '2025-03-04', '19:00:00', 442000),
(620, 29, 3, '2025-03-05', '19:00:00', 372000),
(621, 29, 3, '2025-03-06', '19:00:00', 515500),
(622, 29, 3, '2025-03-07', '19:00:00', 325500),
(623, 29, 3, '2025-03-08', '19:00:00', 414000),
(624, 30, 1, '2025-03-02', '19:00:00', 495000),
(625, 30, 1, '2025-03-03', '19:00:00', 349000),
(626, 30, 1, '2025-03-04', '19:00:00', 322500),
(627, 30, 1, '2025-03-05', '19:00:00', 312000),
(628, 30, 1, '2025-03-06', '19:00:00', 307500),
(629, 30, 1, '2025-03-07', '19:00:00', 462000),
(630, 30, 1, '2025-03-08', '19:00:00', 229500),
(631, 31, 1, '2025-03-09', '09:00:00', NULL),
(632, 31, 1, '2025-03-10', '09:00:00', NULL),
(633, 31, 1, '2025-03-11', '09:00:00', NULL),
(634, 31, 1, '2025-03-12', '09:00:00', NULL),
(635, 31, 1, '2025-03-13', '09:00:00', NULL),
(636, 31, 1, '2025-03-14', '09:00:00', NULL),
(637, 31, 1, '2025-03-15', '09:00:00', NULL),
(638, 32, 2, '2025-03-09', '09:00:00', NULL),
(639, 32, 2, '2025-03-10', '09:00:00', NULL),
(640, 32, 2, '2025-03-11', '09:00:00', NULL),
(641, 32, 2, '2025-03-12', '09:00:00', NULL),
(642, 32, 2, '2025-03-13', '09:00:00', NULL),
(643, 32, 2, '2025-03-14', '09:00:00', NULL),
(644, 32, 2, '2025-03-15', '09:00:00', NULL),
(645, 33, 3, '2025-03-09', '09:00:00', NULL),
(646, 33, 3, '2025-03-10', '09:00:00', NULL),
(647, 33, 3, '2025-03-11', '09:00:00', NULL),
(648, 33, 3, '2025-03-12', '09:00:00', NULL),
(649, 33, 3, '2025-03-13', '09:00:00', NULL),
(650, 33, 3, '2025-03-14', '09:00:00', NULL),
(651, 33, 3, '2025-03-15', '09:00:00', NULL),
(652, 32, 1, '2025-03-09', '17:00:00', NULL),
(653, 32, 1, '2025-03-10', '17:00:00', NULL),
(654, 32, 1, '2025-03-11', '17:00:00', NULL),
(655, 32, 1, '2025-03-12', '17:00:00', NULL),
(656, 32, 1, '2025-03-13', '17:00:00', NULL),
(657, 32, 1, '2025-03-14', '17:00:00', NULL),
(658, 32, 1, '2025-03-15', '17:00:00', NULL),
(659, 33, 2, '2025-03-09', '17:00:00', NULL),
(660, 33, 2, '2025-03-10', '17:00:00', NULL),
(661, 33, 2, '2025-03-11', '17:00:00', NULL),
(662, 33, 2, '2025-03-12', '17:00:00', NULL),
(663, 33, 2, '2025-03-13', '17:00:00', NULL),
(664, 33, 2, '2025-03-14', '17:00:00', NULL),
(665, 33, 2, '2025-03-15', '17:00:00', NULL),
(666, 31, 3, '2025-03-09', '17:00:00', NULL),
(667, 31, 3, '2025-03-10', '17:00:00', NULL),
(668, 31, 3, '2025-03-11', '17:00:00', NULL),
(669, 31, 3, '2025-03-12', '17:00:00', NULL),
(670, 31, 3, '2025-03-13', '17:00:00', NULL),
(671, 31, 3, '2025-03-14', '17:00:00', NULL),
(672, 31, 3, '2025-03-15', '17:00:00', NULL),
(673, 33, 1, '2025-03-09', '19:00:00', 477000),
(674, 33, 1, '2025-03-10', '19:00:00', 478000),
(675, 33, 1, '2025-03-11', '19:00:00', 298500),
(676, 33, 1, '2025-03-12', '19:00:00', 307500),
(677, 33, 1, '2025-03-13', '19:00:00', 396500),
(678, 33, 1, '2025-03-14', '19:00:00', 312000),
(679, 33, 1, '2025-03-15', '19:00:00', 337000),
(680, 31, 2, '2025-03-09', '19:00:00', 514000),
(681, 31, 2, '2025-03-10', '19:00:00', 397500),
(682, 31, 2, '2025-03-11', '19:00:00', 413500),
(683, 31, 2, '2025-03-12', '19:00:00', 310000),
(684, 31, 2, '2025-03-13', '19:00:00', 440000),
(685, 31, 2, '2025-03-14', '19:00:00', 295000),
(686, 31, 2, '2025-03-15', '19:00:00', 333000),
(687, 32, 3, '2025-03-09', '19:00:00', 374000),
(688, 32, 3, '2025-03-10', '19:00:00', 242000),
(689, 32, 3, '2025-03-11', '19:00:00', 228000),
(690, 32, 3, '2025-03-12', '19:00:00', 100500),
(691, 32, 3, '2025-03-13', '19:00:00', 81500),
(692, 32, 3, '2025-03-14', '19:00:00', 23000),
(693, 32, 3, '2025-03-15', '19:00:00', 412000),
(694, 34, 1, '2025-03-16', '09:00:00', NULL),
(695, 34, 1, '2025-03-17', '09:00:00', NULL),
(696, 34, 1, '2025-03-18', '09:00:00', NULL),
(697, 34, 1, '2025-03-19', '09:00:00', NULL),
(698, 34, 1, '2025-03-20', '09:00:00', NULL),
(699, 34, 1, '2025-03-21', '09:00:00', NULL),
(700, 34, 1, '2025-03-22', '09:00:00', NULL),
(701, 35, 2, '2025-03-16', '09:00:00', NULL),
(702, 35, 2, '2025-03-17', '09:00:00', NULL),
(703, 35, 2, '2025-03-18', '09:00:00', NULL),
(704, 35, 2, '2025-03-19', '09:00:00', NULL),
(705, 35, 2, '2025-03-20', '09:00:00', NULL),
(706, 35, 2, '2025-03-21', '09:00:00', NULL),
(707, 35, 2, '2025-03-22', '09:00:00', NULL),
(708, 36, 3, '2025-03-16', '09:00:00', NULL),
(709, 36, 3, '2025-03-17', '09:00:00', NULL),
(710, 36, 3, '2025-03-18', '09:00:00', NULL),
(711, 36, 3, '2025-03-19', '09:00:00', NULL),
(712, 36, 3, '2025-03-20', '09:00:00', NULL),
(713, 36, 3, '2025-03-21', '09:00:00', NULL),
(714, 36, 3, '2025-03-22', '09:00:00', NULL),
(715, 35, 1, '2025-03-16', '17:00:00', NULL),
(716, 35, 1, '2025-03-17', '17:00:00', NULL),
(717, 35, 1, '2025-03-18', '17:00:00', NULL),
(718, 35, 1, '2025-03-19', '17:00:00', NULL),
(719, 35, 1, '2025-03-20', '17:00:00', NULL),
(720, 35, 1, '2025-03-21', '17:00:00', NULL),
(721, 35, 1, '2025-03-22', '17:00:00', NULL),
(722, 36, 2, '2025-03-16', '17:00:00', NULL),
(723, 36, 2, '2025-03-17', '17:00:00', NULL),
(724, 36, 2, '2025-03-18', '17:00:00', NULL),
(725, 36, 2, '2025-03-19', '17:00:00', NULL),
(726, 36, 2, '2025-03-20', '17:00:00', NULL),
(727, 36, 2, '2025-03-21', '17:00:00', NULL),
(728, 36, 2, '2025-03-22', '17:00:00', NULL),
(729, 34, 3, '2025-03-16', '17:00:00', NULL),
(730, 34, 3, '2025-03-17', '17:00:00', NULL),
(731, 34, 3, '2025-03-18', '17:00:00', NULL),
(732, 34, 3, '2025-03-19', '17:00:00', NULL),
(733, 34, 3, '2025-03-20', '17:00:00', NULL),
(734, 34, 3, '2025-03-21', '17:00:00', NULL),
(735, 34, 3, '2025-03-22', '17:00:00', NULL),
(736, 36, 1, '2025-03-16', '19:00:00', 375000),
(737, 36, 1, '2025-03-17', '19:00:00', 309500),
(738, 36, 1, '2025-03-18', '19:00:00', 246500),
(739, 36, 1, '2025-03-19', '19:00:00', 285500),
(740, 36, 1, '2025-03-20', '19:00:00', 255000),
(741, 36, 1, '2025-03-21', '19:00:00', 262500),
(742, 36, 1, '2025-03-22', '19:00:00', 340500),
(743, 34, 2, '2025-03-16', '19:00:00', 295000),
(744, 34, 2, '2025-03-17', '19:00:00', 199500),
(745, 34, 2, '2025-03-18', '19:00:00', 256500),
(746, 34, 2, '2025-03-19', '19:00:00', 188000),
(747, 34, 2, '2025-03-20', '19:00:00', 212000),
(748, 34, 2, '2025-03-21', '19:00:00', 207000),
(749, 34, 2, '2025-03-22', '19:00:00', 340500),
(750, 35, 3, '2025-03-16', '19:00:00', 606500),
(751, 35, 3, '2025-03-17', '19:00:00', 526000),
(752, 35, 3, '2025-03-18', '19:00:00', 509500),
(753, 35, 3, '2025-03-19', '19:00:00', 459500),
(754, 35, 3, '2025-03-20', '19:00:00', 343000),
(755, 35, 3, '2025-03-21', '19:00:00', 203000),
(756, 35, 3, '2025-03-22', '19:00:00', 354000),
(757, 40, 1, '2025-03-30', '09:00:00', NULL),
(758, 40, 1, '2025-03-31', '09:00:00', NULL),
(759, 40, 1, '2025-04-01', '09:00:00', NULL),
(760, 40, 1, '2025-04-02', '09:00:00', NULL),
(761, 40, 1, '2025-04-03', '09:00:00', NULL),
(762, 40, 1, '2025-04-04', '09:00:00', NULL),
(763, 40, 1, '2025-04-05', '09:00:00', NULL),
(764, 41, 2, '2025-03-30', '09:00:00', NULL),
(765, 41, 2, '2025-03-31', '09:00:00', NULL),
(766, 41, 2, '2025-04-01', '09:00:00', NULL),
(767, 41, 2, '2025-04-02', '09:00:00', NULL),
(768, 41, 2, '2025-04-03', '09:00:00', NULL),
(769, 41, 2, '2025-04-04', '09:00:00', NULL),
(770, 41, 2, '2025-04-05', '09:00:00', NULL),
(771, 42, 3, '2025-03-30', '09:00:00', NULL),
(772, 42, 3, '2025-03-31', '09:00:00', NULL),
(773, 42, 3, '2025-04-01', '09:00:00', NULL),
(774, 42, 3, '2025-04-02', '09:00:00', NULL),
(775, 42, 3, '2025-04-03', '09:00:00', NULL),
(776, 42, 3, '2025-04-04', '09:00:00', NULL),
(777, 42, 3, '2025-04-05', '09:00:00', NULL),
(778, 41, 1, '2025-03-30', '17:00:00', NULL),
(779, 41, 1, '2025-03-31', '17:00:00', NULL),
(780, 41, 1, '2025-04-01', '17:00:00', NULL),
(781, 41, 1, '2025-04-02', '17:00:00', NULL),
(782, 41, 1, '2025-04-03', '17:00:00', NULL),
(783, 41, 1, '2025-04-04', '17:00:00', NULL),
(784, 41, 1, '2025-04-05', '17:00:00', NULL),
(785, 42, 2, '2025-03-30', '17:00:00', NULL),
(786, 42, 2, '2025-03-31', '17:00:00', NULL),
(787, 42, 2, '2025-04-01', '17:00:00', NULL),
(788, 42, 2, '2025-04-02', '17:00:00', NULL),
(789, 42, 2, '2025-04-03', '17:00:00', NULL),
(790, 42, 2, '2025-04-04', '17:00:00', NULL),
(791, 42, 2, '2025-04-05', '17:00:00', NULL),
(792, 40, 3, '2025-03-30', '17:00:00', NULL),
(793, 40, 3, '2025-03-31', '17:00:00', NULL),
(794, 40, 3, '2025-04-01', '17:00:00', NULL),
(795, 40, 3, '2025-04-02', '17:00:00', NULL),
(796, 40, 3, '2025-04-03', '17:00:00', NULL),
(797, 40, 3, '2025-04-04', '17:00:00', NULL),
(798, 40, 3, '2025-04-05', '17:00:00', NULL),
(799, 42, 1, '2025-03-30', '19:00:00', 898000),
(800, 42, 1, '2025-03-31', '19:00:00', 282500),
(801, 42, 1, '2025-04-01', '19:00:00', 330000),
(802, 42, 1, '2025-04-02', '19:00:00', 230000),
(803, 42, 1, '2025-04-03', '19:00:00', 251500),
(804, 42, 1, '2025-04-04', '19:00:00', 367500),
(805, 42, 1, '2025-04-05', '19:00:00', 867000),
(806, 40, 2, '2025-03-30', '19:00:00', 520500),
(807, 40, 2, '2025-03-31', '19:00:00', 450500),
(808, 40, 2, '2025-04-01', '19:00:00', 363500),
(809, 40, 2, '2025-04-02', '19:00:00', 321500),
(810, 40, 2, '2025-04-03', '19:00:00', 265500),
(811, 40, 2, '2025-04-04', '19:00:00', 364500),
(812, 40, 2, '2025-04-05', '19:00:00', 494000),
(813, 41, 3, '2025-03-30', '19:00:00', 459500),
(814, 41, 3, '2025-03-31', '19:00:00', 351500),
(815, 41, 3, '2025-04-01', '19:00:00', 345000),
(816, 41, 3, '2025-04-02', '19:00:00', 346000),
(817, 41, 3, '2025-04-03', '19:00:00', 323000),
(818, 41, 3, '2025-04-04', '19:00:00', 333000),
(819, 41, 3, '2025-04-05', '19:00:00', 298500),
(820, 43, 1, '2025-04-06', '09:00:00', NULL),
(821, 43, 1, '2025-04-07', '09:00:00', NULL),
(822, 43, 1, '2025-04-08', '09:00:00', NULL),
(823, 43, 1, '2025-04-09', '09:00:00', NULL),
(824, 43, 1, '2025-04-10', '09:00:00', NULL),
(825, 43, 1, '2025-04-11', '09:00:00', NULL),
(826, 43, 1, '2025-04-12', '09:00:00', NULL),
(827, 44, 2, '2025-04-06', '09:00:00', NULL),
(828, 44, 2, '2025-04-07', '09:00:00', NULL),
(829, 44, 2, '2025-04-08', '09:00:00', NULL),
(830, 44, 2, '2025-04-09', '09:00:00', NULL),
(831, 44, 2, '2025-04-10', '09:00:00', NULL),
(832, 44, 2, '2025-04-11', '09:00:00', NULL),
(833, 44, 2, '2025-04-12', '09:00:00', NULL),
(834, 45, 3, '2025-04-06', '09:00:00', NULL),
(835, 45, 3, '2025-04-07', '09:00:00', NULL),
(836, 45, 3, '2025-04-08', '09:00:00', NULL),
(837, 45, 3, '2025-04-09', '09:00:00', NULL),
(838, 45, 3, '2025-04-10', '09:00:00', NULL),
(839, 45, 3, '2025-04-11', '09:00:00', NULL),
(840, 45, 3, '2025-04-12', '09:00:00', NULL),
(841, 44, 1, '2025-04-06', '17:00:00', NULL),
(842, 44, 1, '2025-04-07', '17:00:00', NULL),
(843, 44, 1, '2025-04-08', '17:00:00', NULL),
(844, 44, 1, '2025-04-09', '17:00:00', NULL),
(845, 44, 1, '2025-04-10', '17:00:00', NULL),
(846, 44, 1, '2025-04-11', '17:00:00', NULL),
(847, 44, 1, '2025-04-12', '17:00:00', NULL),
(848, 45, 2, '2025-04-06', '17:00:00', NULL),
(849, 45, 2, '2025-04-07', '17:00:00', NULL),
(850, 45, 2, '2025-04-08', '17:00:00', NULL),
(851, 45, 2, '2025-04-09', '17:00:00', NULL),
(852, 45, 2, '2025-04-10', '17:00:00', NULL),
(853, 45, 2, '2025-04-11', '17:00:00', NULL),
(854, 45, 2, '2025-04-12', '17:00:00', NULL),
(855, 43, 3, '2025-04-06', '17:00:00', NULL),
(856, 43, 3, '2025-04-07', '17:00:00', NULL),
(857, 43, 3, '2025-04-08', '17:00:00', NULL),
(858, 43, 3, '2025-04-09', '17:00:00', NULL),
(859, 43, 3, '2025-04-10', '17:00:00', NULL),
(860, 43, 3, '2025-04-11', '17:00:00', NULL),
(861, 43, 3, '2025-04-12', '17:00:00', NULL),
(862, 45, 1, '2025-04-06', '19:00:00', 34500),
(863, 45, 1, '2025-04-07', '19:00:00', 11500),
(864, 45, 1, '2025-04-08', '19:00:00', NULL),
(865, 45, 1, '2025-04-09', '19:00:00', NULL),
(866, 45, 1, '2025-04-10', '19:00:00', NULL),
(867, 45, 1, '2025-04-11', '19:00:00', NULL),
(868, 45, 1, '2025-04-12', '19:00:00', NULL),
(869, 43, 2, '2025-04-06', '19:00:00', 984000),
(870, 43, 2, '2025-04-07', '19:00:00', 330000),
(871, 43, 2, '2025-04-08', '19:00:00', 502000),
(872, 43, 2, '2025-04-09', '19:00:00', 331500),
(873, 43, 2, '2025-04-10', '19:00:00', 296000),
(874, 43, 2, '2025-04-11', '19:00:00', 388500),
(875, 43, 2, '2025-04-12', '19:00:00', 964500),
(876, 44, 3, '2025-04-06', '19:00:00', 919500),
(877, 44, 3, '2025-04-07', '19:00:00', 337000),
(878, 44, 3, '2025-04-08', '19:00:00', 330000),
(879, 44, 3, '2025-04-09', '19:00:00', 182500),
(880, 44, 3, '2025-04-10', '19:00:00', 149500),
(881, 44, 3, '2025-04-11', '19:00:00', NULL),
(882, 44, 3, '2025-04-12', '19:00:00', NULL),
(883, 46, 1, '2025-04-13', '09:00:00', NULL),
(884, 46, 1, '2025-04-14', '09:00:00', NULL),
(885, 46, 1, '2025-04-15', '09:00:00', NULL),
(886, 46, 1, '2025-04-16', '09:00:00', NULL),
(887, 46, 1, '2025-04-17', '09:00:00', NULL),
(888, 46, 1, '2025-04-18', '09:00:00', NULL),
(889, 46, 1, '2025-04-19', '09:00:00', NULL),
(890, 57, 2, '2025-04-13', '09:00:00', NULL),
(891, 57, 2, '2025-04-14', '09:00:00', NULL),
(892, 57, 2, '2025-04-15', '09:00:00', NULL),
(893, 57, 2, '2025-04-16', '09:00:00', NULL),
(894, 57, 2, '2025-04-17', '09:00:00', NULL),
(895, 57, 2, '2025-04-18', '09:00:00', NULL),
(896, 57, 2, '2025-04-19', '09:00:00', NULL),
(897, 47, 3, '2025-04-13', '09:00:00', NULL),
(898, 47, 3, '2025-04-14', '09:00:00', NULL),
(899, 47, 3, '2025-04-15', '09:00:00', 38000),
(900, 47, 3, '2025-04-16', '09:00:00', NULL),
(901, 47, 3, '2025-04-17', '09:00:00', NULL),
(902, 47, 3, '2025-04-18', '09:00:00', NULL),
(903, 47, 3, '2025-04-19', '09:00:00', NULL),
(904, 57, 1, '2025-04-13', '17:00:00', NULL),
(905, 57, 1, '2025-04-14', '17:00:00', NULL),
(906, 57, 1, '2025-04-15', '17:00:00', NULL),
(907, 57, 1, '2025-04-16', '17:00:00', NULL),
(908, 57, 1, '2025-04-17', '17:00:00', 69000),
(909, 57, 1, '2025-04-18', '17:00:00', NULL),
(910, 57, 1, '2025-04-19', '17:00:00', NULL),
(911, 47, 2, '2025-04-13', '17:00:00', NULL),
(912, 47, 2, '2025-04-14', '17:00:00', NULL),
(913, 47, 2, '2025-04-15', '17:00:00', NULL),
(914, 47, 2, '2025-04-16', '17:00:00', NULL),
(915, 47, 2, '2025-04-17', '17:00:00', NULL),
(916, 47, 2, '2025-04-18', '17:00:00', NULL),
(917, 47, 2, '2025-04-19', '17:00:00', NULL),
(918, 46, 3, '2025-04-13', '17:00:00', NULL),
(919, 46, 3, '2025-04-14', '17:00:00', NULL),
(920, 46, 3, '2025-04-15', '17:00:00', NULL),
(921, 46, 3, '2025-04-16', '17:00:00', NULL),
(922, 46, 3, '2025-04-17', '17:00:00', NULL),
(923, 46, 3, '2025-04-18', '17:00:00', NULL),
(924, 46, 3, '2025-04-19', '17:00:00', NULL),
(925, 47, 1, '2025-04-13', '19:00:00', NULL),
(926, 47, 1, '2025-04-14', '19:00:00', NULL),
(927, 47, 1, '2025-04-15', '19:00:00', NULL),
(928, 47, 1, '2025-04-16', '19:00:00', NULL),
(929, 47, 1, '2025-04-17', '19:00:00', NULL),
(930, 47, 1, '2025-04-18', '19:00:00', NULL),
(931, 47, 1, '2025-04-19', '19:00:00', NULL),
(932, 46, 2, '2025-04-13', '19:00:00', NULL),
(933, 46, 2, '2025-04-14', '19:00:00', NULL),
(934, 46, 2, '2025-04-15', '19:00:00', NULL),
(935, 46, 2, '2025-04-16', '19:00:00', NULL),
(936, 46, 2, '2025-04-17', '19:00:00', NULL),
(937, 46, 2, '2025-04-18', '19:00:00', NULL),
(938, 46, 2, '2025-04-19', '19:00:00', NULL),
(939, 57, 3, '2025-04-13', '19:00:00', NULL),
(940, 57, 3, '2025-04-14', '19:00:00', NULL),
(941, 57, 3, '2025-04-15', '19:00:00', NULL),
(942, 57, 3, '2025-04-16', '19:00:00', NULL),
(943, 57, 3, '2025-04-17', '19:00:00', NULL),
(944, 57, 3, '2025-04-18', '19:00:00', NULL),
(945, 57, 3, '2025-04-19', '19:00:00', NULL),
(946, 48, 1, '2025-04-20', '09:00:00', 20000),
(947, 48, 1, '2025-04-21', '09:00:00', NULL),
(948, 48, 1, '2025-04-22', '09:00:00', NULL),
(949, 48, 1, '2025-04-23', '09:00:00', NULL),
(950, 48, 1, '2025-04-24', '09:00:00', NULL),
(951, 48, 1, '2025-04-25', '09:00:00', NULL),
(952, 48, 1, '2025-04-26', '09:00:00', NULL),
(953, 49, 2, '2025-04-20', '09:00:00', NULL),
(954, 49, 2, '2025-04-21', '09:00:00', NULL),
(955, 49, 2, '2025-04-22', '09:00:00', 23000),
(956, 49, 2, '2025-04-23', '09:00:00', NULL),
(957, 49, 2, '2025-04-24', '09:00:00', NULL),
(958, 49, 2, '2025-04-25', '09:00:00', NULL),
(959, 49, 2, '2025-04-26', '09:00:00', NULL),
(960, 50, 3, '2025-04-20', '09:00:00', 29000),
(961, 50, 3, '2025-04-21', '09:00:00', NULL),
(962, 50, 3, '2025-04-22', '09:00:00', NULL),
(963, 50, 3, '2025-04-23', '09:00:00', NULL),
(964, 50, 3, '2025-04-24', '09:00:00', NULL),
(965, 50, 3, '2025-04-25', '09:00:00', NULL),
(966, 50, 3, '2025-04-26', '09:00:00', NULL),
(967, 49, 1, '2025-04-20', '17:00:00', NULL),
(968, 49, 1, '2025-04-21', '17:00:00', NULL),
(969, 49, 1, '2025-04-22', '17:00:00', NULL),
(970, 49, 1, '2025-04-23', '17:00:00', NULL),
(971, 49, 1, '2025-04-24', '17:00:00', NULL),
(972, 49, 1, '2025-04-25', '17:00:00', NULL),
(973, 49, 1, '2025-04-26', '17:00:00', NULL),
(974, 50, 2, '2025-04-20', '17:00:00', NULL),
(975, 50, 2, '2025-04-21', '17:00:00', NULL),
(976, 50, 2, '2025-04-22', '17:00:00', NULL),
(977, 50, 2, '2025-04-23', '17:00:00', NULL),
(978, 50, 2, '2025-04-24', '17:00:00', NULL),
(979, 50, 2, '2025-04-25', '17:00:00', NULL),
(980, 50, 2, '2025-04-26', '17:00:00', NULL),
(981, 48, 3, '2025-04-20', '17:00:00', NULL),
(982, 48, 3, '2025-04-21', '17:00:00', NULL),
(983, 48, 3, '2025-04-22', '17:00:00', NULL),
(984, 48, 3, '2025-04-23', '17:00:00', NULL),
(985, 48, 3, '2025-04-24', '17:00:00', NULL),
(986, 48, 3, '2025-04-25', '17:00:00', NULL),
(987, 48, 3, '2025-04-26', '17:00:00', NULL),
(988, 50, 1, '2025-04-20', '19:00:00', 67000),
(989, 50, 1, '2025-04-21', '19:00:00', NULL),
(990, 50, 1, '2025-04-22', '19:00:00', NULL),
(991, 50, 1, '2025-04-23', '19:00:00', NULL),
(992, 50, 1, '2025-04-24', '19:00:00', NULL),
(993, 50, 1, '2025-04-25', '19:00:00', NULL),
(994, 50, 1, '2025-04-26', '19:00:00', NULL),
(995, 48, 2, '2025-04-20', '19:00:00', NULL),
(996, 48, 2, '2025-04-21', '19:00:00', NULL),
(997, 48, 2, '2025-04-22', '19:00:00', NULL),
(998, 48, 2, '2025-04-23', '19:00:00', NULL),
(999, 48, 2, '2025-04-24', '19:00:00', NULL),
(1000, 48, 2, '2025-04-25', '19:00:00', NULL),
(1001, 48, 2, '2025-04-26', '19:00:00', NULL),
(1002, 49, 3, '2025-04-20', '19:00:00', 40000),
(1003, 49, 3, '2025-04-21', '19:00:00', NULL),
(1004, 49, 3, '2025-04-22', '19:00:00', NULL),
(1005, 49, 3, '2025-04-23', '19:00:00', NULL),
(1006, 49, 3, '2025-04-24', '19:00:00', NULL),
(1007, 49, 3, '2025-04-25', '19:00:00', NULL),
(1008, 49, 3, '2025-04-26', '19:00:00', NULL);

-- --------------------------------------------------------

--
-- Table structure for table `food`
--

CREATE TABLE `food` (
  `food_id` int(11) NOT NULL,
  `food_name` varchar(100) NOT NULL,
  `food_image` varchar(500) NOT NULL,
  `food_price` int(20) NOT NULL,
  `food_category` varchar(50) NOT NULL
) ENGINE=InnoDB DEFAULT CHARSET=utf8mb4 COLLATE=utf8mb4_general_ci;

--
-- Dumping data for table `food`
--

INSERT INTO `food` (`food_id`, `food_name`, `food_image`, `food_price`, `food_category`) VALUES
(2, 'Cheese Popcorn', 'Cheese Popcorn.png', 7000, 'food'),
(3, 'chips', 'chips.png', 4600, 'food'),
(4, 'Dark-chocolate', 'Dark-chocolate.png', 10500, 'food'),
(5, 'crispy-tortilla-chips', 'crispy-tortilla-chips.png', 6200, 'food'),
(6, 'korean fish cake', 'korean-fish-cake.png', 9000, 'food'),
(7, 'Fish Crackers', 'fish-crackers.png', 3400, 'food'),
(8, 'honey-caramel-popcorn', 'honey-caramel-popcorn.png', 8000, 'food'),
(9, 'JUMBO Sunflower Seed', 'JUMBO.png', 2000, 'food'),
(10, 'mg', 'mg.png', 1000, 'food'),
(15, 'Popcorn', 'popcorn.png', 6300, 'food'),
(16, 'Sunflower Seeds', 'seed.png', 2500, 'food'),
(17, 'Tissue', 'tissue.png', 1600, '???'),
(18, 'Tteokbokki', 'tteokbokki-korean-food.png', 9600, 'food'),
(19, 'Carabao', 'Carabao.png', 2000, 'drink'),
(20, 'Coca Cola', 'Coca Cola.png', 1400, 'drink'),
(21, 'Diet Pepsi', 'Diet Pepsi.jpg', 1500, 'drink'),
(22, 'Fanta', 'Fanta.png', 1200, 'drink'),
(23, 'Pepsi Can', 'Pepsi Can.png', 1800, 'drink'),
(24, 'Pepsi', 'Pepsi.png', 1400, 'drink'),
(25, 'Pocari Sweat', 'Pocari_Sweat.png', 1000, 'drink'),
(26, 'Shark', 'Shark-energy-drink.png', 2400, 'drink'),
(27, 'Sprite', 'Sprite.png', 1400, 'drink'),
(28, 'Sunkist can', 'Sunkist.png', 1300, 'drink'),
(29, 'Water', 'Water.png', 500, 'drink'),
(30, 'Couple Set', 'Couple-set.png', 20000, 'set'),
(31, 'Duo Set', 'Duo-set.png', 15000, 'set'),
(32, 'Family Set', 'Family-set.png', 35000, 'set'),
(33, 'Single Set', 'Single-set.png', 9000, 'set'),
(34, 'Sweet Set', 'Sweet-set.png', 24000, 'set'),
(35, 'oishi_tomato_snack', 'oishi-tomato-snack.png', 2000, 'food'),
(36, 'Oishi Prawn Crackers', 'Oishi prawn cracker.png', 1500, 'food'),
(37, 'Oishi Random Chips', 'oishi-random-chip.png', 1500, 'food'),
(38, 'crispy chips', 'crispy-tortilla-chips.png', 5000, 'food');

-- --------------------------------------------------------

--
-- Table structure for table `movie`
--

CREATE TABLE `movie` (
  `movieid` int(11) NOT NULL,
  `moviename` varchar(64) NOT NULL,
  `genre` varchar(16) NOT NULL,
  `duration` time NOT NULL,
  `imagepath` varchar(255) NOT NULL,
  `description` varchar(255) NOT NULL,
  `current` varchar(15) DEFAULT NULL
) ENGINE=InnoDB DEFAULT CHARSET=utf8mb4 COLLATE=utf8mb4_general_ci;

--
-- Dumping data for table `movie`
--

INSERT INTO `movie` (`movieid`, `moviename`, `genre`, `duration`, `imagepath`, `description`, `current`) VALUES
(1, 'Spider-Man: Across the Spider-Verse', 'Action', '02:20:00', 'Spider-Man Across the Spider-Verse.jpg', 'Traveling across the multiverse, Miles Morales meets a new team of Spider-People, made up of heroes from different dimensions. But when the heroes clash over how to deal with a new threat, Miles finds himself at a crossroads.', 'End Showing'),
(2, 'Deadpool & Wolverine', 'Action', '02:08:00', 'Deadpool & Wolverine.png', 'Deadpool is offered a place in the Marvel Cinematic Universe by the Time Variance Authority, but instead recruits a variant of Wolverine to save his universe from extinction.', 'End Showing'),
(3, 'Interstellar', 'Fantasy', '02:49:00', 'Interstellar.jpg', 'When Earth becomes uninhabitable in the future, a farmer and ex-NASA pilot, Joseph Cooper, is tasked to pilot a spacecraft, along with a team of researchers, to find a new planet for humans.\n', 'End Showing'),
(4, 'The Garfield Movie', 'Comedy', '01:41:00', 'The Garfield Movie.jpg', 'After Garfield\'s unexpected reunion with his long-lost father, ragged alley cat Vic, he and his canine friend Odie are forced from their perfectly pampered lives to join Vic on a risky heist.\n', 'End Showing'),
(5, 'Oppenheimer', 'Action', '03:00:00', 'Oppenheimer.jpg', 'A dramatization of the life story of J. Robert Oppenheimer, the physicist who had a large hand in the development of the atomic bombs that brought an end to World War II.', 'End Showing'),
(6, 'Venom: The Last Dance', 'Action', '01:51:00', 'synopsis_poster.png', 'Eddie Brock and Venom must make a devastating decision as they\'re pursued by a mysterious military man and alien monsters from Venom\'s home world.\n', 'End Showing'),
(7, 'Ne Zha 2', 'Action', '02:23:00', 'Ne Zha 2.jpg', 'After the catastrophe, although the souls of Nezha and Aobing were saved, their bodies would soon be shattered. Taiyi Zhenren planned to use the seven-colored lotus to rebuild their bodies.\n', 'End Showing'),
(8, 'Moana 2', 'Action', '01:40:00', 'Moana 2.jpg', 'After receiving an unexpected call from her wayfinding ancestors, Moana must journey to the far seas of Oceania and into dangerous, long-lost waters for an adventure unlike anything she\'s ever faced.', 'End Showing'),
(9, 'Dune: Part Two', 'Action', '02:46:00', 'Dune Part Two.jpg', 'Paul Atreides unites with the Fremen while on a warpath of revenge against the conspirators who destroyed his family. Facing a choice between the love of his life and the fate of the universe, he endeavors to prevent a terrible future.', 'End Showing'),
(10, 'Red One', 'Fantasy', '02:03:00', 'Red One.jpg', 'After Santa Claus is kidnapped, the North Pole\'s Head of Security must team up with a notorious hacker in a globe-trotting, action-packed mission to save Christmas.', 'End Showing'),
(11, 'Black Bag', 'Action', '01:33:00', 'Black Bag.jpg', 'When intelligence agent Kathryn Woodhouse is suspected of betraying the nation, her husband - also a legendary agent - faces the ultimate test of whether to be loyal to his marriage, or his country.', 'End Showing'),
(12, 'O\'Dessa', 'Romance', '01:46:00', 'O_dessa.jpg', 'A farm girl in search to recover a cherished family heirloom. She travels to a strange and dangerous city where she meets her one true love. To save his soul, she must put the power of destiny to the ultimate test.', 'End Showing'),
(13, 'The Alto Knights', 'Action', '02:03:00', 'The Alto Knight.jpg', 'Two of New York City\'s most notorious organized crime bosses vie for control of the city\'s streets. Once best friends, petty jealousies and a series of betrayals set them on a deadly collision course.', 'End Showing'),
(14, 'Heretic', 'Horror', '01:51:00', 'Heretic.jpg', 'Two young religious women are drawn into a game of cat-and-mouse in the house of a strange man.', 'End Showing'),
(15, 'Novocaine', 'Comedy', '01:50:00', 'Novocaine.jpg', 'When the girl of his dreams is kidnapped, a man incapable of feeling physical pain turns his rare condition into an unexpected advantage in the fight to rescue her.', 'End Showing'),
(16, 'Last Breath', 'Action', '01:32:00', 'Last Breath.jpg', 'A true story that follows seasoned deep-sea divers as they battle the raging elements to rescue their crew mate trapped hundreds of feet below the ocean\'s surface.', 'End Showing'),
(17, 'The Brutalist', 'Action', '03:36:00', 'The Brutalist.jpg', 'When a visionary architect and his wife flee post-war Europe in 1947 to rebuild their legacy and witness the birth of modern United States, their lives are changed forever by a mysterious, wealthy client.', 'End Showing'),
(18, 'Better Man', 'Action', '02:15:00', 'Better Man.jpg', 'The meteoric rise, dramatic fall, and remarkable resurgence of British pop superstar Robbie Williams.', 'End Showing'),
(19, 'The Dark Knight', 'Action', '02:31:00', 'The Dark Knight.jpg', 'When a menace known as the Joker wreaks havoc and chaos on the people of Gotham, Batman, James Gordon and Harvey Dent must work together to put an end to the madness.', 'End Showing'),
(20, 'Den of Thieves: Pantera', 'Action', '02:24:00', 'Den of Thieves 2-Pantera.jpg', 'Big Nick is back on the hunt in Europe and closing in on Donnie, who is embroiled in the treacherous world of diamond thieves and the infamous Panther mafia, as they plot a massive heist of the world\'s largest diamond exchange.', 'End Showing'),
(21, 'A Complete Unknown', 'Action', '02:21:00', 'A Complete Unknown.jpg', 'In 1961, an unknown 19-year-old Bob Dylan arrives in New York City with his guitar and forges relationships with musical icons on his meteoric rise, culminating in a groundbreaking performance that reverberates around the world.', 'End Showing'),
(22, 'Woman In The Yard', 'Horror', '01:28:00', 'Woman In The Yard.jpg', 'A mysterious woman repeatedly appears in a family\'s front yard, often delivering chilling warnings and unsettling messages, leaving them to question her identity, motives and the potential danger she might pose.', 'End Showing'),
(23, 'Thunderbolts', 'Action', '02:06:00', 'Thunderbolts.jpg', 'After finding themselves ensnared in a death trap, an unconventional team of antiheroes must embark on a dangerous mission that will force them to confront the darkest corners of their pasts.', 'End Showing'),
(24, 'Clown In The Cornfield', 'Horror', '01:37:00', 'Clown In The Cornfield.jpg', 'A fading midwestern town in which Frendo the clown, a symbol of bygone success, reemerges as a terrifying scourge.', 'End Showing'),
(25, 'Popeye: The Slayer Man', 'Horror', '01:28:00', 'Popeye The Slayer Man.jpg', 'A curious group of friends sneak into an abandoned spinach canning factory to investigate the legend of the \"Sailor Man,\" who is said to haunt the factory and local docks.', 'End Showing'),
(26, 'Twisters', 'Action', '02:02:00', 'Twisters.jpg', 'Kate Carter, a retired tornado-chaser and meteorologist, is persuaded to return to Oklahoma to work with a new team and new technologies.', 'End Showing'),
(27, 'Conclave', 'Action', '02:00:00', 'Conclave.jpg', 'When Cardinal Lawrence is tasked with leading one of the world\'s most secretive and ancient events, selecting a new Pope, he finds himself at the center of a web of conspiracies and intrigue that could shake the very foundation of the Catholic Church.', 'End Showing'),
(28, 'Holland', 'Horror', '01:50:00', 'Holland.jpg', 'A woman\'s picture-perfect life in quaint Holland, Michigan crumbles, when she and a friend uncover a twisted secret in their midst.', 'End Showing'),
(29, 'No Hard Feelings', 'Romance', '01:43:00', 'No Hard Feelings.jpg', 'On the brink of losing her home, Maddie finds an intriguing job listing: helicopter parents looking for someone to bring their introverted 19-year-old son out of his shell before college. She has one summer to make him a man or die trying.', 'End Showing'),
(30, 'The Day The Earth Blew Up:A Looney Tunes Movie', 'Comedy', '01:33:00', 'The Day The Rarth Blew Up-A Looney Tunes Movie.jpg', 'Porky Pig and Daffy Duck are Earth\'s only hope when facing the threat of alien invasion.', 'End Showing'),
(31, 'Tom And Jerry:The Fast And The Furry', 'Comedy', '01:15:00', 'Tom And Jerry-The Fast And The Furry.jpg', 'After wrecking their house during a chase, Tom and Jerry enter a race around the world where the winner gets a new fancy house.', 'End Showing'),
(32, 'Carjackers', 'Action', '01:37:00', 'Carjackers.jpg', 'Nora is a valet driver; with Zo, Steve and Prestance, her colleagues and friends, she has set up the Carjackers team. By day, they serve wealthy clients in palaces, but when they\'re not working, they rob those whose evil deeds they know.', 'End Showing'),
(33, 'I\'m Still Here', 'Action', '02:17:00', 'I_m Still Here.jpg', 'A woman married to a former politician during the military dictatorship in Brazil is forced to reinvent herself and chart a new course for her family after a violent and arbitrary act.', 'End Showing'),
(34, 'No Other Land', 'Action', '01:32:00', 'No Other Land.jpg', 'This film made by a Palestinian-Israeli collective shows the destruction of the occupied West Bank\'s Masafer Yatta by Israeli soldiers and the alliance which develops between the Palestinian activist Basel and Israeli journalist Yuval.', 'End Showing'),
(35, 'The Actor', 'Romance', '01:38:00', 'The Actor.jpg', 'When New York actor Paul Cole is beaten and left for dead in 1950s Ohio, he loses his memory and finds himself stranded in a mysterious small town where he struggles to get back home and reclaim what he\'s lost.', 'End Showing'),
(36, 'The Life List', 'Romance', '01:03:00', 'The Life List.jpg', 'A woman revisits her childhood aspirations, endeavoring to achieve her old goals, only to discover that pursuing these lifelong dreams takes her on an unforeseen and surprising journey.', 'End Showing'),
(37, 'A Knight\'s War', 'Action', '01:35:00', 'A Knight_s War.jpg', 'A fearless knight braves a deadly realm to save the Chosen One\'s soul. Facing witches, demons, and brutal foes, he discovers her return could ignite chaos and doom humanity.', 'End Showing'),
(38, 'Revelations', 'Action', '02:02:00', 'Revelations.jpg', 'A pastor and a detective, driven by their beliefs, pursue a missing person case, with the pastor seeking retribution after a divine revelation identifies the culprit who abducted his son.', 'End Showing'),
(39, 'Riff Raff', 'Comedy', '01:43:00', 'Riff Raff.jpg', 'A former criminal\'s ordinary life is turned upside down when his old family shows up for a long-awaited reunion.', 'End Showing'),
(40, 'LA LA LAND', 'Romance', '02:08:00', 'La La Land.jpg', 'When Sebastian, a pianist, and Mia, an actress, follow their passion and achieve success in their respective fields, they find themselves torn between their love for each other and their careers.', 'End Showing'),
(41, 'Mickey 17', 'Action', '02:17:00', 'Mickey 17.jpg', 'Mickey 17 is an \"expendable\", a disposable employee on a human expedition sent to colonise the ice world Niflheim. After one iteration of Mickey dies, a new body is regenerated with most of his memories intact.', 'End Showing'),
(42, 'Flow', 'Fantasy', '01:24:00', 'Flow.jpg', 'The world seems to be coming to an end, teeming with the vestiges of a human presence.', 'End Showing'),
(43, 'MINECRAFT Movie', 'Fantasy', '01:40:00', 'minecraft.jpg', 'The malevolent Ender Dragon sets out on a path of destruction, prompting a young girl and her group of unlikely adventurers to set out to save the Overworld.\n', 'End Showing'),
(44, 'A REAL PAIN', 'Comedy', '01:30:00', 'ARealPain.jpg', 'Mismatched cousins reunite for a tour through Poland to honor their beloved grandmother, but their old tensions resurface against the backdrop of their family history.', 'End Showing'),
(45, 'Snow White', 'Fantasy', '01:49:00', 'snow_white.jpg', 'Live-action adaptation of the 1937 Disney animated film \'Snow White and the Seven Dwarfs\'.', 'End Showing'),
(46, 'The Monkey', 'Horror', '01:38:00', 'TheMonkey.jpg', 'When twin brothers Bill and Hal find their father\'s old monkey toy in the attic, a series of gruesome deaths start. The siblings decide to throw the toy away and move on with their lives, growing apart over the years.', 'Showing'),
(47, 'Companion', 'Horror', '01:37:00', 'Companion.jpg', 'During a weekend getaway at a secluded lakeside estate, a group of friends finds themselves entangled in a web of secrets, deception, and advanced technology.', 'Showing'),
(48, 'Panda Plan', 'Comedy', '01:39:00', 'Panda_Plan.jpg', 'An international action superstar and his assistant are involved in a transnational rescue operation of the mysterious protagonist P, the top international superstar.', 'Showing'),
(49, 'Captain America: Brave New World', 'Action', '01:59:00', 'CaptainAmericaBraveNewWorld.jpg', 'Sam Wilson, the new Captain America, finds himself in the middle of an international incident and must discover the motive behind a nefarious global plan.', 'Showing'),
(50, 'A Working Man', 'Action', '01:56:00', 'A Working Man.jpg', 'Levon Cade left his profession behind to work construction and be a good dad to his daughter. But when a local girl vanishes, he\'s asked to return to the skills that made him a mythic figure in the shadowy world of counter-terrorism.', 'Showing'),
(51, 'Detective Chinatown 1900', 'Action', '02:16:00', 'DetectiveChinatown1900.jpg', 'In 1900s San Francisco, a white woman is murdered in Chinatown and the suspect is a Chinese man. The murder causes a social shock and the public calls for Chinatown to be outlawed.', 'Upcoming'),
(52, 'Karate Kid: Legends', 'Action', '01:49:00', 'KarateKidLegends.jpg', 'Li is a skilled fighter and a student in Beijing who has his life uprooted when his mom decides that they\'re moving to Brooklyn for a work opportunity.', 'Upcoming'),
(53, 'The Bad Guys 2', 'Action', '02:09:00', 'TheBadGuys2.jpg', 'The Bad Guys are struggling to find trust and acceptance in their newly minted lives as Good Guys, when they are pulled out of retirement and forced to do \'one last job\' by an all-female squad of criminals.', 'Upcoming'),
(54, 'How To Train Your Dragon', 'Action', '01:36:00', 'How To train your dragon.jpg', 'Follows a young Viking as he aspires to hunt dragons, and how he becomes unexpectedly a friend of a young dragon.', 'Upcoming'),
(55, 'Jurassic World Rebirth', 'Action', '02:19:00', 'Jurassic_World_Rebirth.jpg', 'Five years post-Jurassic World Dominion, an expedition braves isolated equatorial regions to extract DNA from three massive prehistoric creatures for a groundbreaking medical breakthrough.', 'Upcoming'),
(56, 'Avengers: Doomsday', 'Action', '01:35:00', 'AvengersDoomsday.jpg', 'Plot undefined.', 'Upcoming'),
(57, 'Bright Sky', 'Romance', '01:25:00', 'Bright.jpg', 'A single mother escapes a dark past to a small town. As she begins to build a new life, she comes across an outlaw looking for redemption.', 'Showing');

-- --------------------------------------------------------

--
-- Table structure for table `room`
--

CREATE TABLE `room` (
  `roomid` int(11) NOT NULL,
  `roomname` varchar(64) NOT NULL
) ENGINE=InnoDB DEFAULT CHARSET=utf8mb4 COLLATE=utf8mb4_general_ci;

--
-- Dumping data for table `room`
--

INSERT INTO `room` (`roomid`, `roomname`) VALUES
(1, 'Room1'),
(2, 'Room2'),
(3, 'Room3');

-- --------------------------------------------------------

--
-- Table structure for table `sale`
--

CREATE TABLE `sale` (
  `showid` int(11) NOT NULL,
  `seatid` varchar(11) NOT NULL,
  `userid` int(11) DEFAULT NULL,
  `SaleDate` date DEFAULT NULL
) ENGINE=InnoDB DEFAULT CHARSET=utf8mb4 COLLATE=utf8mb4_general_ci;

--
-- Dumping data for table `sale`
--

INSERT INTO `sale` (`showid`, `seatid`, `userid`, `SaleDate`) VALUES
(15, 'A7', 9, '2024-12-28'),
(15, 'B1', 9, '2024-12-28'),
(15, 'B10', 9, '2024-12-28'),
(15, 'B3', 9, '2024-12-28'),
(15, 'B5', 9, '2024-12-28'),
(15, 'B6', 9, '2024-12-28'),
(15, 'B8', 9, '2024-12-28'),
(15, 'C2', 9, '2024-12-28'),
(15, 'C3', 9, '2024-12-28'),
(15, 'C4', 9, '2024-12-28'),
(15, 'C7', 9, '2024-12-28'),
(15, 'C8', 9, '2024-12-28'),
(15, 'D2', 9, '2024-12-28'),
(15, 'D3', 9, '2024-12-28'),
(15, 'D4', 9, '2024-12-28'),
(15, 'D6', 9, '2024-12-28'),
(15, 'D8', 9, '2024-12-28'),
(15, 'E2', 9, '2024-12-28'),
(15, 'E5', 9, '2024-12-28'),
(15, 'E9', 9, '2024-12-28'),
(15, 'F10', 9, '2024-12-28'),
(15, 'F2', 9, '2024-12-28'),
(15, 'F3', 9, '2024-12-28'),
(15, 'F4', 9, '2024-12-28'),
(15, 'F6', 9, '2024-12-28'),
(15, 'F7', 9, '2024-12-28'),
(15, 'F8', 9, '2024-12-28'),
(15, 'G1', 9, '2024-12-28'),
(15, 'G4', 9, '2024-12-28'),
(15, 'G9', 9, '2024-12-28'),
(15, 'H2', 9, '2024-12-28'),
(15, 'H3', 9, '2024-12-28'),
(15, 'H4', 9, '2024-12-28'),
(15, 'H5', 9, '2024-12-28'),
(15, 'H6', 9, '2024-12-28'),
(15, 'H7', 9, '2024-12-28'),
(15, 'H8', 9, '2024-12-28'),
(15, 'H9', 9, '2024-12-28'),
(15, 'I2', 9, '2024-12-28'),
(15, 'I6', 9, '2024-12-28'),
(15, 'J2', 9, '2024-12-28'),
(15, 'J4', 9, '2024-12-28'),
(16, 'A1', 9, '2024-12-27'),
(16, 'A4', 9, '2024-12-27'),
(16, 'A9', 9, '2024-12-27'),
(16, 'B6', 9, '2024-12-27'),
(16, 'B7', 9, '2024-12-27'),
(16, 'B8', 9, '2024-12-27'),
(16, 'C2', 9, '2024-12-27'),
(16, 'C3', 9, '2024-12-27'),
(16, 'C4', 9, '2024-12-27'),
(16, 'C9', 9, '2024-12-27'),
(16, 'D1', 9, '2024-12-27'),
(16, 'D6', 9, '2024-12-27'),
(16, 'D7', 9, '2024-12-27'),
(16, 'D9', 9, '2024-12-27'),
(16, 'E10', 9, '2024-12-27'),
(16, 'E3', 9, '2024-12-27'),
(16, 'E5', 9, '2024-12-27'),
(16, 'E6', 9, '2024-12-27'),
(16, 'E8', 9, '2024-12-27'),
(16, 'F1', 9, '2024-12-27'),
(16, 'F10', 9, '2024-12-27'),
(16, 'F2', 9, '2024-12-27'),
(16, 'F3', 9, '2024-12-27'),
(16, 'F7', 9, '2024-12-27'),
(16, 'F8', 9, '2024-12-27'),
(16, 'F9', 9, '2024-12-27'),
(16, 'G3', 9, '2024-12-27'),
(16, 'G4', 9, '2024-12-27'),
(16, 'G5', 9, '2024-12-27'),
(16, 'G6', 9, '2024-12-27'),
(16, 'H8', 9, '2024-12-27'),
(16, 'I1', 9, '2024-12-27'),
(16, 'I10', 9, '2024-12-27'),
(16, 'I3', 9, '2024-12-27'),
(16, 'I5', 9, '2024-12-27'),
(16, 'I6', 9, '2024-12-27'),
(16, 'J1', 9, '2024-12-27'),
(17, 'B4', 9, '2024-12-27'),
(17, 'B5', 9, '2024-12-27'),
(17, 'C2', 9, '2024-12-27'),
(17, 'C6', 9, '2024-12-27'),
(17, 'D3', 9, '2024-12-27'),
(17, 'D7', 9, '2024-12-27'),
(17, 'D9', 9, '2024-12-27'),
(17, 'E1', 9, '2024-12-27'),
(17, 'E8', 9, '2024-12-27'),
(17, 'F2', 9, '2024-12-27'),
(17, 'F4', 9, '2024-12-27'),
(17, 'F6', 9, '2024-12-27'),
(17, 'G10', 9, '2024-12-27'),
(17, 'G7', 9, '2024-12-27'),
(17, 'G8', 9, '2024-12-27'),
(17, 'H2', 9, '2024-12-27'),
(17, 'H4', 9, '2024-12-27'),
(17, 'H5', 9, '2024-12-27'),
(17, 'H9', 9, '2024-12-27'),
(17, 'J4', 9, '2024-12-27'),
(18, 'A9', 9, '2024-12-27'),
(18, 'B1', 9, '2024-12-27'),
(18, 'B3', 9, '2024-12-27'),
(18, 'C1', 9, '2024-12-27'),
(18, 'C3', 9, '2024-12-27'),
(18, 'C4', 9, '2024-12-27'),
(18, 'C6', 9, '2024-12-27'),
(18, 'C8', 9, '2024-12-27'),
(18, 'D10', 9, '2024-12-27'),
(18, 'D2', 9, '2024-12-27'),
(18, 'D5', 9, '2024-12-27'),
(18, 'E1', 9, '2024-12-27'),
(18, 'E6', 9, '2024-12-27'),
(18, 'E8', 9, '2024-12-27'),
(18, 'F7', 9, '2024-12-27'),
(18, 'G2', 9, '2024-12-27'),
(18, 'G3', 9, '2024-12-27'),
(18, 'G5', 9, '2024-12-27'),
(18, 'H1', 9, '2024-12-27'),
(18, 'H2', 9, '2024-12-27'),
(18, 'H3', 9, '2024-12-27'),
(18, 'H4', 9, '2024-12-27'),
(18, 'H8', 9, '2024-12-27'),
(18, 'H9', 9, '2024-12-27'),
(18, 'I2', 9, '2024-12-27'),
(18, 'I5', 9, '2024-12-27'),
(18, 'I6', 9, '2024-12-27'),
(18, 'I7', 9, '2024-12-27'),
(19, 'B8', 9, '2024-12-27'),
(19, 'C1', 9, '2024-12-27'),
(19, 'C2', 9, '2024-12-27'),
(19, 'C6', 9, '2024-12-27'),
(19, 'C7', 9, '2024-12-27'),
(19, 'D3', 9, '2024-12-27'),
(19, 'D4', 9, '2024-12-27'),
(19, 'E10', 9, '2024-12-27'),
(19, 'E2', 9, '2024-12-27'),
(19, 'E6', 9, '2024-12-27'),
(19, 'E9', 9, '2024-12-27'),
(19, 'F3', 9, '2024-12-27'),
(19, 'F5', 9, '2024-12-27'),
(19, 'G2', 9, '2024-12-27'),
(19, 'G8', 9, '2024-12-27'),
(19, 'H4', 9, '2024-12-27'),
(19, 'H6', 9, '2024-12-27'),
(19, 'I1', 9, '2024-12-27'),
(19, 'I10', 9, '2024-12-27'),
(19, 'I3', 9, '2024-12-27'),
(19, 'I8', 9, '2024-12-27'),
(20, 'B2', 9, '2024-12-27'),
(20, 'B4', 9, '2024-12-27'),
(20, 'B7', 9, '2024-12-27'),
(20, 'C2', 9, '2024-12-27'),
(20, 'C5', 9, '2024-12-27'),
(20, 'C8', 9, '2024-12-27'),
(20, 'D1', 9, '2024-12-27'),
(20, 'D10', 9, '2024-12-27'),
(20, 'D3', 9, '2024-12-27'),
(20, 'D6', 9, '2024-12-27'),
(20, 'E3', 9, '2024-12-27'),
(20, 'E7', 9, '2024-12-27'),
(20, 'F2', 9, '2024-12-27'),
(20, 'F5', 9, '2024-12-27'),
(20, 'F7', 9, '2024-12-27'),
(20, 'G1', 9, '2024-12-27'),
(20, 'G10', 9, '2024-12-27'),
(20, 'G3', 9, '2024-12-27'),
(20, 'G7', 9, '2024-12-27'),
(20, 'G8', 9, '2024-12-27'),
(20, 'G9', 9, '2024-12-27'),
(20, 'H4', 9, '2024-12-27'),
(20, 'I2', 9, '2024-12-27'),
(20, 'I8', 9, '2024-12-27'),
(20, 'J1', 9, '2024-12-27'),
(20, 'J2', 9, '2024-12-27'),
(21, 'A3', 9, '2024-12-27'),
(21, 'B5', 9, '2024-12-27'),
(21, 'B6', 9, '2024-12-27'),
(21, 'C10', 9, '2024-12-27'),
(21, 'C2', 9, '2024-12-27'),
(21, 'C3', 9, '2024-12-27'),
(21, 'C6', 9, '2024-12-27'),
(21, 'D5', 9, '2024-12-27'),
(21, 'D6', 9, '2024-12-27'),
(21, 'D8', 9, '2024-12-27'),
(21, 'D9', 9, '2024-12-27'),
(21, 'E1', 9, '2024-12-27'),
(21, 'E2', 9, '2024-12-27'),
(21, 'E5', 9, '2024-12-27'),
(21, 'E7', 9, '2024-12-27'),
(21, 'E9', 9, '2024-12-27'),
(21, 'F1', 9, '2024-12-27'),
(21, 'F10', 9, '2024-12-27'),
(21, 'F3', 9, '2024-12-27'),
(21, 'F8', 9, '2024-12-27'),
(21, 'G2', 9, '2024-12-27'),
(21, 'G3', 9, '2024-12-27'),
(21, 'G4', 9, '2024-12-27'),
(21, 'G6', 9, '2024-12-27'),
(21, 'H5', 9, '2024-12-27'),
(21, 'H6', 9, '2024-12-27'),
(21, 'H7', 9, '2024-12-27'),
(21, 'H8', 9, '2024-12-27'),
(21, 'H9', 9, '2024-12-27'),
(21, 'I1', 9, '2024-12-27'),
(21, 'I10', 9, '2024-12-27'),
(21, 'I4', 9, '2024-12-27'),
(21, 'I8', 9, '2024-12-27'),
(21, 'J2', 9, '2024-12-27'),
(21, 'J3', 9, '2024-12-27'),
(21, 'J5', 9, '2024-12-27'),
(36, 'A7', 9, '2024-12-28'),
(36, 'A8', 9, '2024-12-28'),
(36, 'B9', 9, '2024-12-28'),
(36, 'D1', 9, '2024-12-28'),
(36, 'D10', 9, '2024-12-28'),
(36, 'D2', 9, '2024-12-28'),
(36, 'D3', 9, '2024-12-28'),
(36, 'D4', 9, '2024-12-28'),
(36, 'D6', 9, '2024-12-28'),
(36, 'D7', 9, '2024-12-28'),
(36, 'D8', 9, '2024-12-28'),
(36, 'D9', 9, '2024-12-28'),
(36, 'E1', 9, '2024-12-28'),
(36, 'E2', 9, '2024-12-28'),
(36, 'E3', 9, '2024-12-28'),
(36, 'E4', 9, '2024-12-28'),
(36, 'E5', 9, '2024-12-28'),
(36, 'F4', 9, '2024-12-28'),
(36, 'F5', 9, '2024-12-28'),
(36, 'F6', 9, '2024-12-28'),
(36, 'F7', 9, '2024-12-28'),
(36, 'F8', 9, '2024-12-28'),
(36, 'G1', 9, '2024-12-28'),
(36, 'G2', 9, '2024-12-28'),
(36, 'G3', 9, '2024-12-28'),
(36, 'G4', 9, '2024-12-28'),
(36, 'G5', 9, '2024-12-28'),
(36, 'G6', 9, '2024-12-28'),
(36, 'H1', 9, '2024-12-28'),
(36, 'H10', 9, '2024-12-28'),
(36, 'H2', 9, '2024-12-28'),
(36, 'H3', 9, '2024-12-28'),
(36, 'I1', 9, '2024-12-28'),
(36, 'I10', 9, '2024-12-28'),
(36, 'I2', 9, '2024-12-28'),
(36, 'I3', 9, '2024-12-28'),
(36, 'I4', 9, '2024-12-28'),
(36, 'I5', 9, '2024-12-28'),
(36, 'I6', 9, '2024-12-28'),
(36, 'I7', 9, '2024-12-28'),
(36, 'I8', 9, '2024-12-28'),
(36, 'I9', 9, '2024-12-28'),
(36, 'J1', 9, '2024-12-28'),
(36, 'J4', 9, '2024-12-28'),
(37, 'B1', 9, '2024-12-27'),
(37, 'B4', 9, '2024-12-27'),
(37, 'C1', 9, '2024-12-27'),
(37, 'C2', 9, '2024-12-27'),
(37, 'C8', 9, '2024-12-27'),
(37, 'D10', 9, '2024-12-27'),
(37, 'D2', 9, '2024-12-27'),
(37, 'D3', 9, '2024-12-27'),
(37, 'D5', 9, '2024-12-27'),
(37, 'D6', 9, '2024-12-27'),
(37, 'D7', 9, '2024-12-27'),
(37, 'E7', 9, '2024-12-27'),
(37, 'E9', 9, '2024-12-27'),
(37, 'F1', 9, '2024-12-27'),
(37, 'F2', 9, '2024-12-27'),
(37, 'G2', 9, '2024-12-27'),
(37, 'G3', 9, '2024-12-27'),
(37, 'G5', 9, '2024-12-27'),
(37, 'G7', 9, '2024-12-27'),
(37, 'G8', 9, '2024-12-27'),
(37, 'H9', 9, '2024-12-27'),
(37, 'I1', 9, '2024-12-27'),
(37, 'I4', 9, '2024-12-27'),
(37, 'I5', 9, '2024-12-27'),
(37, 'J1', 9, '2024-12-27'),
(37, 'J2', 9, '2024-12-27'),
(38, 'B2', 9, '2024-12-27'),
(38, 'B4', 9, '2024-12-27'),
(38, 'B7', 9, '2024-12-27'),
(38, 'C3', 9, '2024-12-27'),
(38, 'D4', 9, '2024-12-27'),
(38, 'D5', 9, '2024-12-27'),
(38, 'D6', 9, '2024-12-27'),
(38, 'E2', 9, '2024-12-27'),
(38, 'E3', 9, '2024-12-27'),
(38, 'E8', 9, '2024-12-27'),
(38, 'F7', 9, '2024-12-27'),
(38, 'F9', 9, '2024-12-27'),
(38, 'G1', 9, '2024-12-27'),
(38, 'G4', 9, '2024-12-27'),
(38, 'G5', 9, '2024-12-27'),
(38, 'G6', 9, '2024-12-27'),
(38, 'G7', 9, '2024-12-27'),
(38, 'H3', 9, '2024-12-27'),
(38, 'H7', 9, '2024-12-27'),
(38, 'H9', 9, '2024-12-27'),
(38, 'I1', 9, '2024-12-27'),
(38, 'I10', 9, '2024-12-27'),
(38, 'I5', 9, '2024-12-27'),
(38, 'J4', 9, '2024-12-27'),
(38, 'J5', 9, '2024-12-27'),
(39, 'B2', 9, '2024-12-27'),
(39, 'B4', 9, '2024-12-27'),
(39, 'C2', 9, '2024-12-27'),
(39, 'C4', 9, '2024-12-27'),
(39, 'C6', 9, '2024-12-27'),
(39, 'D7', 9, '2024-12-27'),
(39, 'D9', 9, '2024-12-27'),
(39, 'E1', 9, '2024-12-27'),
(39, 'E2', 9, '2024-12-27'),
(39, 'E7', 9, '2024-12-27'),
(39, 'F2', 9, '2024-12-27'),
(39, 'F3', 9, '2024-12-27'),
(39, 'F4', 9, '2024-12-27'),
(39, 'G1', 9, '2024-12-27'),
(39, 'G3', 9, '2024-12-27'),
(39, 'G4', 9, '2024-12-27'),
(39, 'G6', 9, '2024-12-27'),
(39, 'G7', 9, '2024-12-27'),
(39, 'G8', 9, '2024-12-27'),
(39, 'H10', 9, '2024-12-27'),
(39, 'H4', 9, '2024-12-27'),
(40, 'B10', 9, '2024-12-27'),
(40, 'B2', 9, '2024-12-27'),
(40, 'B3', 9, '2024-12-27'),
(40, 'B5', 9, '2024-12-27'),
(40, 'C7', 9, '2024-12-27'),
(40, 'C8', 9, '2024-12-27'),
(40, 'D1', 9, '2024-12-27'),
(40, 'D3', 9, '2024-12-27'),
(40, 'D6', 9, '2024-12-27'),
(40, 'D9', 9, '2024-12-27'),
(40, 'E10', 9, '2024-12-27'),
(40, 'E2', 9, '2024-12-27'),
(40, 'E6', 9, '2024-12-27'),
(40, 'E7', 9, '2024-12-27'),
(40, 'E8', 9, '2024-12-27'),
(40, 'F2', 9, '2024-12-27'),
(40, 'F3', 9, '2024-12-27'),
(40, 'F4', 9, '2024-12-27'),
(40, 'F7', 9, '2024-12-27'),
(40, 'G2', 9, '2024-12-27'),
(40, 'G9', 9, '2024-12-27'),
(40, 'H3', 9, '2024-12-27'),
(40, 'H6', 9, '2024-12-27'),
(40, 'H7', 9, '2024-12-27'),
(40, 'I1', 9, '2024-12-27'),
(40, 'I3', 9, '2024-12-27'),
(40, 'I5', 9, '2024-12-27'),
(41, 'B2', 9, '2024-12-27'),
(41, 'B4', 9, '2024-12-27'),
(41, 'B8', 9, '2024-12-27'),
(41, 'B9', 9, '2024-12-27'),
(41, 'C1', 9, '2024-12-27'),
(41, 'C10', 9, '2024-12-27'),
(41, 'C2', 9, '2024-12-27'),
(41, 'C3', 9, '2024-12-27'),
(41, 'C4', 9, '2024-12-27'),
(41, 'C6', 9, '2024-12-27'),
(41, 'C8', 9, '2024-12-27'),
(41, 'D1', 9, '2024-12-27'),
(41, 'D10', 9, '2024-12-27'),
(41, 'D3', 9, '2024-12-27'),
(41, 'D4', 9, '2024-12-27'),
(41, 'D5', 9, '2024-12-27'),
(41, 'D6', 9, '2024-12-27'),
(41, 'D7', 9, '2024-12-27'),
(41, 'D8', 9, '2024-12-27'),
(41, 'D9', 9, '2024-12-27'),
(41, 'E1', 9, '2024-12-27'),
(41, 'E10', 9, '2024-12-27'),
(41, 'E2', 9, '2024-12-27'),
(41, 'E3', 9, '2024-12-27'),
(41, 'E4', 9, '2024-12-27'),
(41, 'E5', 9, '2024-12-27'),
(41, 'E8', 9, '2024-12-27'),
(41, 'F4', 9, '2024-12-27'),
(41, 'F6', 9, '2024-12-27'),
(41, 'F7', 9, '2024-12-27'),
(41, 'F9', 9, '2024-12-27'),
(41, 'G1', 9, '2024-12-27'),
(41, 'G10', 9, '2024-12-27'),
(41, 'G2', 9, '2024-12-27'),
(41, 'G6', 9, '2024-12-27'),
(41, 'G7', 9, '2024-12-27'),
(41, 'G8', 9, '2024-12-27'),
(41, 'H10', 9, '2024-12-27'),
(41, 'H3', 9, '2024-12-27'),
(41, 'H4', 9, '2024-12-27'),
(41, 'H9', 9, '2024-12-27'),
(41, 'J2', 9, '2024-12-27'),
(42, 'B1', 9, '2024-12-27'),
(42, 'B3', 9, '2024-12-27'),
(42, 'B4', 9, '2024-12-27'),
(42, 'B5', 9, '2024-12-27'),
(42, 'B8', 9, '2024-12-27'),
(42, 'C1', 9, '2024-12-27'),
(42, 'C2', 9, '2024-12-27'),
(42, 'C4', 9, '2024-12-27'),
(42, 'C5', 9, '2024-12-27'),
(42, 'C6', 9, '2024-12-27'),
(42, 'C7', 9, '2024-12-27'),
(42, 'D1', 9, '2024-12-27'),
(42, 'D2', 9, '2024-12-27'),
(42, 'D4', 9, '2024-12-27'),
(42, 'D8', 9, '2024-12-27'),
(42, 'D9', 9, '2024-12-27'),
(42, 'E10', 9, '2024-12-27'),
(42, 'E3', 9, '2024-12-27'),
(42, 'E4', 9, '2024-12-27'),
(42, 'E6', 9, '2024-12-27'),
(42, 'E8', 9, '2024-12-27'),
(42, 'E9', 9, '2024-12-27'),
(42, 'F1', 9, '2024-12-27'),
(42, 'F2', 9, '2024-12-27'),
(42, 'F3', 9, '2024-12-27'),
(42, 'F4', 9, '2024-12-27'),
(42, 'F5', 9, '2024-12-27'),
(42, 'F7', 9, '2024-12-27'),
(42, 'F8', 9, '2024-12-27'),
(42, 'F9', 9, '2024-12-27'),
(42, 'G1', 9, '2024-12-27'),
(42, 'G10', 9, '2024-12-27'),
(42, 'G3', 9, '2024-12-27'),
(42, 'G4', 9, '2024-12-27'),
(42, 'G6', 9, '2024-12-27'),
(42, 'G9', 9, '2024-12-27'),
(42, 'H10', 9, '2024-12-27'),
(42, 'H2', 9, '2024-12-27'),
(42, 'H4', 9, '2024-12-27'),
(42, 'H7', 9, '2024-12-27'),
(42, 'H8', 9, '2024-12-27'),
(42, 'H9', 9, '2024-12-27'),
(42, 'I5', 9, '2024-12-27'),
(42, 'J3', 9, '2024-12-27'),
(57, 'A6', 9, '2024-12-28'),
(57, 'A7', 9, '2024-12-28'),
(57, 'B2', 9, '2024-12-28'),
(57, 'B3', 9, '2024-12-28'),
(57, 'B4', 9, '2024-12-28'),
(57, 'C10', 9, '2024-12-28'),
(57, 'C3', 9, '2024-12-28'),
(57, 'C5', 9, '2024-12-28'),
(57, 'C6', 9, '2024-12-28'),
(57, 'C7', 9, '2024-12-28'),
(57, 'C9', 9, '2024-12-28'),
(57, 'D1', 9, '2024-12-28'),
(57, 'D10', 9, '2024-12-28'),
(57, 'D2', 9, '2024-12-28'),
(57, 'D6', 9, '2024-12-28'),
(57, 'D7', 9, '2024-12-28'),
(57, 'D8', 9, '2024-12-28'),
(57, 'D9', 9, '2024-12-28'),
(57, 'E1', 9, '2024-12-28'),
(57, 'E2', 9, '2024-12-28'),
(57, 'E3', 9, '2024-12-28'),
(57, 'E4', 9, '2024-12-28'),
(57, 'E5', 9, '2024-12-28'),
(57, 'F10', 9, '2024-12-28'),
(57, 'F4', 9, '2024-12-28'),
(57, 'F5', 9, '2024-12-28'),
(57, 'F6', 9, '2024-12-28'),
(57, 'F7', 9, '2024-12-28'),
(57, 'F8', 9, '2024-12-28'),
(57, 'F9', 9, '2024-12-28'),
(57, 'G10', 9, '2024-12-28'),
(57, 'G4', 9, '2024-12-28'),
(57, 'G5', 9, '2024-12-28'),
(57, 'G6', 9, '2024-12-28'),
(57, 'G7', 9, '2024-12-28'),
(57, 'G8', 9, '2024-12-28'),
(57, 'G9', 9, '2024-12-28'),
(57, 'H1', 9, '2024-12-28'),
(57, 'H10', 9, '2024-12-28'),
(57, 'H2', 9, '2024-12-28'),
(57, 'H3', 9, '2024-12-28'),
(57, 'H4', 9, '2024-12-28'),
(57, 'H5', 9, '2024-12-28'),
(57, 'H6', 9, '2024-12-28'),
(57, 'H7', 9, '2024-12-28'),
(57, 'H8', 9, '2024-12-28'),
(57, 'H9', 9, '2024-12-28'),
(57, 'I1', 9, '2024-12-28'),
(57, 'I2', 9, '2024-12-28'),
(57, 'I3', 9, '2024-12-28'),
(57, 'I4', 9, '2024-12-28'),
(57, 'I5', 9, '2024-12-28'),
(57, 'J3', 9, '2024-12-28'),
(57, 'J4', 9, '2024-12-28'),
(57, 'J5', 9, '2024-12-28'),
(58, 'B1', 9, '2024-12-27'),
(58, 'C1', 9, '2024-12-27'),
(58, 'C2', 9, '2024-12-27'),
(58, 'C3', 9, '2024-12-27'),
(58, 'C4', 9, '2024-12-27'),
(58, 'C6', 9, '2024-12-27'),
(58, 'C7', 9, '2024-12-27'),
(58, 'C9', 9, '2024-12-27'),
(58, 'D1', 9, '2024-12-27'),
(58, 'D10', 9, '2024-12-27'),
(58, 'D3', 9, '2024-12-27'),
(58, 'D4', 9, '2024-12-27'),
(58, 'D5', 9, '2024-12-27'),
(58, 'D6', 9, '2024-12-27'),
(58, 'D7', 9, '2024-12-27'),
(58, 'D8', 9, '2024-12-27'),
(58, 'D9', 9, '2024-12-27'),
(58, 'E1', 9, '2024-12-27'),
(58, 'E4', 9, '2024-12-27'),
(58, 'E7', 9, '2024-12-27'),
(58, 'E8', 9, '2024-12-27'),
(58, 'F1', 9, '2024-12-27'),
(58, 'F2', 9, '2024-12-27'),
(58, 'F3', 9, '2024-12-27'),
(58, 'F4', 9, '2024-12-27'),
(58, 'F5', 9, '2024-12-27'),
(58, 'F6', 9, '2024-12-27'),
(58, 'F7', 9, '2024-12-27'),
(58, 'F8', 9, '2024-12-27'),
(58, 'F9', 9, '2024-12-27'),
(58, 'G4', 9, '2024-12-27'),
(58, 'G5', 9, '2024-12-27'),
(58, 'G7', 9, '2024-12-27'),
(58, 'H1', 9, '2024-12-27'),
(58, 'H2', 9, '2024-12-27'),
(58, 'H3', 9, '2024-12-27'),
(58, 'H6', 9, '2024-12-27'),
(58, 'H7', 9, '2024-12-27'),
(58, 'H8', 9, '2024-12-27'),
(58, 'H9', 9, '2024-12-27'),
(59, 'B2', 9, '2024-12-27'),
(59, 'C2', 9, '2024-12-27'),
(59, 'C4', 9, '2024-12-27'),
(59, 'C7', 9, '2024-12-27'),
(59, 'C9', 9, '2024-12-27'),
(59, 'D1', 9, '2024-12-27'),
(59, 'D10', 9, '2024-12-27'),
(59, 'D3', 9, '2024-12-27'),
(59, 'D4', 9, '2024-12-27'),
(59, 'D6', 9, '2024-12-27'),
(59, 'D7', 9, '2024-12-27'),
(59, 'D8', 9, '2024-12-27'),
(59, 'E3', 9, '2024-12-27'),
(59, 'E5', 9, '2024-12-27'),
(59, 'E9', 9, '2024-12-27'),
(59, 'F1', 9, '2024-12-27'),
(59, 'F10', 9, '2024-12-27'),
(59, 'F2', 9, '2024-12-27'),
(59, 'F5', 9, '2024-12-27'),
(59, 'F6', 9, '2024-12-27'),
(59, 'F8', 9, '2024-12-27'),
(59, 'G3', 9, '2024-12-27'),
(59, 'G4', 9, '2024-12-27'),
(59, 'G7', 9, '2024-12-27'),
(59, 'G9', 9, '2024-12-27'),
(59, 'H1', 9, '2024-12-27'),
(59, 'H2', 9, '2024-12-27'),
(59, 'H7', 9, '2024-12-27'),
(59, 'H8', 9, '2024-12-27'),
(59, 'I4', 9, '2024-12-27'),
(59, 'I6', 9, '2024-12-27'),
(59, 'I9', 9, '2024-12-27'),
(59, 'J2', 9, '2024-12-27'),
(60, 'B1', 9, '2024-12-27'),
(60, 'C2', 9, '2024-12-27'),
(60, 'C3', 9, '2024-12-27'),
(60, 'C5', 9, '2024-12-27'),
(60, 'C6', 9, '2024-12-27'),
(60, 'C7', 9, '2024-12-27'),
(60, 'C8', 9, '2024-12-27'),
(60, 'D2', 9, '2024-12-27'),
(60, 'D4', 9, '2024-12-27'),
(60, 'D7', 9, '2024-12-27'),
(60, 'D9', 9, '2024-12-27'),
(60, 'E1', 9, '2024-12-27'),
(60, 'E3', 9, '2024-12-27'),
(60, 'E4', 9, '2024-12-27'),
(60, 'E5', 9, '2024-12-27'),
(60, 'E8', 9, '2024-12-27'),
(60, 'E9', 9, '2024-12-27'),
(60, 'F2', 9, '2024-12-27'),
(60, 'F4', 9, '2024-12-27'),
(60, 'F7', 9, '2024-12-27'),
(60, 'G1', 9, '2024-12-27'),
(60, 'G10', 9, '2024-12-27'),
(60, 'G2', 9, '2024-12-27'),
(60, 'G3', 9, '2024-12-27'),
(60, 'G4', 9, '2024-12-27'),
(60, 'G5', 9, '2024-12-27'),
(60, 'G6', 9, '2024-12-27'),
(60, 'G8', 9, '2024-12-27'),
(60, 'G9', 9, '2024-12-27'),
(60, 'H10', 9, '2024-12-27'),
(60, 'H2', 9, '2024-12-27'),
(60, 'H4', 9, '2024-12-27'),
(60, 'H8', 9, '2024-12-27'),
(60, 'I1', 9, '2024-12-27'),
(60, 'I3', 9, '2024-12-27'),
(60, 'I4', 9, '2024-12-27'),
(60, 'I6', 9, '2024-12-27'),
(60, 'I9', 9, '2024-12-27'),
(61, 'B2', 9, '2024-12-27'),
(61, 'C3', 9, '2024-12-27'),
(61, 'C7', 9, '2024-12-27'),
(61, 'C8', 9, '2024-12-27'),
(61, 'D10', 9, '2024-12-27'),
(61, 'D2', 9, '2024-12-27'),
(61, 'D5', 9, '2024-12-27'),
(61, 'D9', 9, '2024-12-27'),
(61, 'E1', 9, '2024-12-27'),
(61, 'E4', 9, '2024-12-27'),
(61, 'E6', 9, '2024-12-27'),
(61, 'E7', 9, '2024-12-27'),
(61, 'F10', 9, '2024-12-27'),
(61, 'F3', 9, '2024-12-27'),
(61, 'F6', 9, '2024-12-27'),
(61, 'F8', 9, '2024-12-27'),
(61, 'F9', 9, '2024-12-27'),
(61, 'G1', 9, '2024-12-27'),
(61, 'G10', 9, '2024-12-27'),
(61, 'G4', 9, '2024-12-27'),
(61, 'G5', 9, '2024-12-27'),
(61, 'H2', 9, '2024-12-27'),
(61, 'H4', 9, '2024-12-27'),
(61, 'H6', 9, '2024-12-27'),
(61, 'H7', 9, '2024-12-27'),
(61, 'H8', 9, '2024-12-27'),
(62, 'A4', 9, '2024-12-27'),
(62, 'A8', 9, '2024-12-27'),
(62, 'B1', 9, '2024-12-27'),
(62, 'B2', 9, '2024-12-27'),
(62, 'B4', 9, '2024-12-27'),
(62, 'B6', 9, '2024-12-27'),
(62, 'B7', 9, '2024-12-27'),
(62, 'B8', 9, '2024-12-27'),
(62, 'C10', 9, '2024-12-27'),
(62, 'C2', 9, '2024-12-27'),
(62, 'C3', 9, '2024-12-27'),
(62, 'C4', 9, '2024-12-27'),
(62, 'C5', 9, '2024-12-27'),
(62, 'C8', 9, '2024-12-27'),
(62, 'C9', 9, '2024-12-27'),
(62, 'D1', 9, '2024-12-27'),
(62, 'D10', 9, '2024-12-27'),
(62, 'D3', 9, '2024-12-27'),
(62, 'D4', 9, '2024-12-27'),
(62, 'D6', 9, '2024-12-27'),
(62, 'D7', 9, '2024-12-27'),
(62, 'D8', 9, '2024-12-27'),
(62, 'E1', 9, '2024-12-27'),
(62, 'E2', 9, '2024-12-27'),
(62, 'E3', 9, '2024-12-27'),
(62, 'E4', 9, '2024-12-27'),
(62, 'E6', 9, '2024-12-27'),
(62, 'E8', 9, '2024-12-27'),
(62, 'E9', 9, '2024-12-27'),
(62, 'F1', 9, '2024-12-27'),
(62, 'F10', 9, '2024-12-27'),
(62, 'F2', 9, '2024-12-27'),
(62, 'F4', 9, '2024-12-27'),
(62, 'F5', 9, '2024-12-27'),
(62, 'F7', 9, '2024-12-27'),
(62, 'F9', 9, '2024-12-27'),
(62, 'G1', 9, '2024-12-27'),
(62, 'G10', 9, '2024-12-27'),
(62, 'G2', 9, '2024-12-27'),
(62, 'G3', 9, '2024-12-27'),
(62, 'G5', 9, '2024-12-27'),
(62, 'G6', 9, '2024-12-27'),
(62, 'G7', 9, '2024-12-27'),
(62, 'G8', 9, '2024-12-27'),
(62, 'G9', 9, '2024-12-27'),
(62, 'H1', 9, '2024-12-27'),
(62, 'H10', 9, '2024-12-27'),
(62, 'H2', 9, '2024-12-27'),
(62, 'H4', 9, '2024-12-27'),
(62, 'H7', 9, '2024-12-27'),
(62, 'H8', 9, '2024-12-27'),
(62, 'H9', 9, '2024-12-27'),
(62, 'I1', 9, '2024-12-27'),
(62, 'I10', 9, '2024-12-27'),
(63, 'B1', 9, '2024-12-27'),
(63, 'B2', 9, '2024-12-27'),
(63, 'B6', 9, '2024-12-27'),
(63, 'B7', 9, '2024-12-27'),
(63, 'B8', 9, '2024-12-27'),
(63, 'C1', 9, '2024-12-27'),
(63, 'C2', 9, '2024-12-27'),
(63, 'C3', 9, '2024-12-27'),
(63, 'C4', 9, '2024-12-27'),
(63, 'C5', 9, '2024-12-27'),
(63, 'C6', 9, '2024-12-27'),
(63, 'C7', 9, '2024-12-27'),
(63, 'C8', 9, '2024-12-27'),
(63, 'C9', 9, '2024-12-27'),
(63, 'D1', 9, '2024-12-27'),
(63, 'D10', 9, '2024-12-27'),
(63, 'D2', 9, '2024-12-27'),
(63, 'D3', 9, '2024-12-27'),
(63, 'D4', 9, '2024-12-27'),
(63, 'D7', 9, '2024-12-27'),
(63, 'E1', 9, '2024-12-27'),
(63, 'E10', 9, '2024-12-27'),
(63, 'E2', 9, '2024-12-27'),
(63, 'E3', 9, '2024-12-27'),
(63, 'E4', 9, '2024-12-27'),
(63, 'E5', 9, '2024-12-27'),
(63, 'E6', 9, '2024-12-27'),
(63, 'F1', 9, '2024-12-27'),
(63, 'F10', 9, '2024-12-27'),
(63, 'F2', 9, '2024-12-27'),
(63, 'F3', 9, '2024-12-27'),
(63, 'F5', 9, '2024-12-27'),
(63, 'F6', 9, '2024-12-27'),
(63, 'F7', 9, '2024-12-27'),
(63, 'F8', 9, '2024-12-27'),
(63, 'F9', 9, '2024-12-27'),
(63, 'G1', 9, '2024-12-27'),
(63, 'G2', 9, '2024-12-27'),
(63, 'G3', 9, '2024-12-27'),
(63, 'G4', 9, '2024-12-27'),
(63, 'G5', 9, '2024-12-27'),
(63, 'G6', 9, '2024-12-27'),
(63, 'G9', 9, '2024-12-27'),
(63, 'H2', 9, '2024-12-27'),
(63, 'H7', 9, '2024-12-27'),
(63, 'H9', 9, '2024-12-27'),
(63, 'I5', 9, '2024-12-27'),
(63, 'I6', 9, '2024-12-27'),
(63, 'I8', 9, '2024-12-27'),
(63, 'J2', 9, '2024-12-27'),
(106, 'A5', 9, '2025-01-02'),
(106, 'A8', 9, '2025-01-02'),
(106, 'B1', 9, '2025-01-02'),
(106, 'B3', 9, '2025-01-02'),
(106, 'B5', 9, '2025-01-02'),
(106, 'B6', 9, '2025-01-02'),
(106, 'B7', 9, '2025-01-02'),
(106, 'B9', 9, '2025-01-02'),
(106, 'C2', 9, '2025-01-02'),
(106, 'C3', 9, '2025-01-02'),
(106, 'C4', 9, '2025-01-02'),
(106, 'C6', 9, '2025-01-02'),
(106, 'C7', 9, '2025-01-02'),
(106, 'C8', 9, '2025-01-02'),
(106, 'C9', 9, '2025-01-02'),
(106, 'D1', 9, '2025-01-02'),
(106, 'D10', 9, '2025-01-02'),
(106, 'D2', 9, '2025-01-02'),
(106, 'D3', 9, '2025-01-02'),
(106, 'D4', 9, '2025-01-02'),
(106, 'D6', 9, '2025-01-02'),
(106, 'D7', 9, '2025-01-02'),
(106, 'D8', 9, '2025-01-02'),
(106, 'E10', 9, '2025-01-02'),
(106, 'E3', 9, '2025-01-02'),
(106, 'E4', 9, '2025-01-02'),
(106, 'E5', 9, '2025-01-02'),
(106, 'E7', 9, '2025-01-02'),
(106, 'E9', 9, '2025-01-02'),
(106, 'F10', 9, '2025-01-02'),
(106, 'F2', 9, '2025-01-02'),
(106, 'F3', 9, '2025-01-02'),
(106, 'F6', 9, '2025-01-02'),
(106, 'F8', 9, '2025-01-02'),
(106, 'F9', 9, '2025-01-02'),
(106, 'G2', 9, '2025-01-02'),
(106, 'G4', 9, '2025-01-02'),
(106, 'G5', 9, '2025-01-02'),
(106, 'G7', 9, '2025-01-02'),
(106, 'G9', 9, '2025-01-02'),
(106, 'H1', 9, '2025-01-02'),
(106, 'H2', 9, '2025-01-02'),
(106, 'H3', 9, '2025-01-02'),
(106, 'H8', 9, '2025-01-02'),
(106, 'H9', 9, '2025-01-02'),
(106, 'I10', 9, '2025-01-02'),
(106, 'I4', 9, '2025-01-02'),
(106, 'I7', 9, '2025-01-02'),
(106, 'J1', 9, '2025-01-02'),
(106, 'J2', 9, '2025-01-02'),
(107, 'A1', 9, '2025-01-02'),
(107, 'A6', 9, '2025-01-02'),
(107, 'B7', 9, '2025-01-02'),
(107, 'B9', 9, '2025-01-02'),
(107, 'C1', 9, '2025-01-02'),
(107, 'C10', 9, '2025-01-02'),
(107, 'C3', 9, '2025-01-02'),
(107, 'C4', 9, '2025-01-02'),
(107, 'C5', 9, '2025-01-02'),
(107, 'C8', 9, '2025-01-02'),
(107, 'C9', 9, '2025-01-02'),
(107, 'D2', 9, '2025-01-02'),
(107, 'D4', 9, '2025-01-02'),
(107, 'D6', 9, '2025-01-02'),
(107, 'D7', 9, '2025-01-02'),
(107, 'E10', 9, '2025-01-02'),
(107, 'E6', 9, '2025-01-02'),
(107, 'E8', 9, '2025-01-02'),
(107, 'E9', 9, '2025-01-02'),
(107, 'F2', 9, '2025-01-02'),
(107, 'F3', 9, '2025-01-02'),
(107, 'F5', 9, '2025-01-02'),
(107, 'G1', 9, '2025-01-02'),
(107, 'G4', 9, '2025-01-02'),
(107, 'G7', 9, '2025-01-02'),
(107, 'G8', 9, '2025-01-02'),
(107, 'G9', 9, '2025-01-02'),
(107, 'H10', 9, '2025-01-02'),
(107, 'H3', 9, '2025-01-02'),
(107, 'H6', 9, '2025-01-02'),
(107, 'I1', 9, '2025-01-02'),
(107, 'I3', 9, '2025-01-02'),
(107, 'I5', 9, '2025-01-02'),
(107, 'I8', 9, '2025-01-02'),
(107, 'J1', 9, '2025-01-02'),
(107, 'J4', 9, '2025-01-02'),
(108, 'B1', 9, '2025-01-02'),
(108, 'B2', 9, '2025-01-02'),
(108, 'B7', 9, '2025-01-02'),
(108, 'B9', 9, '2025-01-02'),
(108, 'C4', 9, '2025-01-02'),
(108, 'C8', 9, '2025-01-02'),
(108, 'C9', 9, '2025-01-02'),
(108, 'D10', 9, '2025-01-02'),
(108, 'D2', 9, '2025-01-02'),
(108, 'D3', 9, '2025-01-02'),
(108, 'D5', 9, '2025-01-02'),
(108, 'D6', 9, '2025-01-02'),
(108, 'D7', 9, '2025-01-02'),
(108, 'E1', 9, '2025-01-02'),
(108, 'E3', 9, '2025-01-02'),
(108, 'E4', 9, '2025-01-02'),
(108, 'E9', 9, '2025-01-02'),
(108, 'F2', 9, '2025-01-02'),
(108, 'F3', 9, '2025-01-02'),
(108, 'F6', 9, '2025-01-02'),
(108, 'F8', 9, '2025-01-02'),
(108, 'F9', 9, '2025-01-02'),
(108, 'G10', 9, '2025-01-02'),
(108, 'G2', 9, '2025-01-02'),
(108, 'G4', 9, '2025-01-02'),
(108, 'G5', 9, '2025-01-02'),
(108, 'G7', 9, '2025-01-02'),
(108, 'H1', 9, '2025-01-02'),
(108, 'H10', 9, '2025-01-02'),
(108, 'H3', 9, '2025-01-02'),
(108, 'H6', 9, '2025-01-02'),
(108, 'H8', 9, '2025-01-02'),
(108, 'H9', 9, '2025-01-02'),
(108, 'I4', 9, '2025-01-02'),
(108, 'I7', 9, '2025-01-02'),
(108, 'I8', 9, '2025-01-02'),
(108, 'J1', 9, '2025-01-02'),
(109, 'A7', 9, '2025-01-02'),
(109, 'B2', 9, '2025-01-02'),
(109, 'B3', 9, '2025-01-02'),
(109, 'B6', 9, '2025-01-02'),
(109, 'B8', 9, '2025-01-02'),
(109, 'B9', 9, '2025-01-02'),
(109, 'C1', 9, '2025-01-02'),
(109, 'C10', 9, '2025-01-02'),
(109, 'C2', 9, '2025-01-02'),
(109, 'C5', 9, '2025-01-02'),
(109, 'C7', 9, '2025-01-02'),
(109, 'D10', 9, '2025-01-02'),
(109, 'D3', 9, '2025-01-02'),
(109, 'D4', 9, '2025-01-02'),
(109, 'D5', 9, '2025-01-02'),
(109, 'D8', 9, '2025-01-02'),
(109, 'E2', 9, '2025-01-02'),
(109, 'E4', 9, '2025-01-02'),
(109, 'E7', 9, '2025-01-02'),
(109, 'E9', 9, '2025-01-02'),
(109, 'F1', 9, '2025-01-02'),
(109, 'F10', 9, '2025-01-02'),
(109, 'F3', 9, '2025-01-02'),
(109, 'F4', 9, '2025-01-02'),
(109, 'F6', 9, '2025-01-02'),
(109, 'F8', 9, '2025-01-02'),
(109, 'F9', 9, '2025-01-02'),
(109, 'G1', 9, '2025-01-02'),
(109, 'G4', 9, '2025-01-02'),
(109, 'G5', 9, '2025-01-02'),
(109, 'G7', 9, '2025-01-02'),
(109, 'G8', 9, '2025-01-02'),
(109, 'H10', 9, '2025-01-02'),
(109, 'H2', 9, '2025-01-02'),
(109, 'H4', 9, '2025-01-02'),
(109, 'H6', 9, '2025-01-02'),
(109, 'H7', 9, '2025-01-02'),
(109, 'H8', 9, '2025-01-02'),
(109, 'H9', 9, '2025-01-02'),
(109, 'I1', 9, '2025-01-02'),
(109, 'I10', 9, '2025-01-02'),
(109, 'I3', 9, '2025-01-02'),
(109, 'I4', 9, '2025-01-02'),
(109, 'I5', 9, '2025-01-02'),
(109, 'I6', 9, '2025-01-02'),
(109, 'J2', 9, '2025-01-02'),
(109, 'J5', 9, '2025-01-02'),
(110, 'B5', 9, '2025-01-02'),
(110, 'B7', 9, '2025-01-02'),
(110, 'C1', 9, '2025-01-02'),
(110, 'C10', 9, '2025-01-02'),
(110, 'C2', 9, '2025-01-02'),
(110, 'C3', 9, '2025-01-02'),
(110, 'D10', 9, '2025-01-02'),
(110, 'D4', 9, '2025-01-02'),
(110, 'D6', 9, '2025-01-02'),
(110, 'D7', 9, '2025-01-02'),
(110, 'D8', 9, '2025-01-02'),
(110, 'E3', 9, '2025-01-02'),
(110, 'E4', 9, '2025-01-02'),
(110, 'E8', 9, '2025-01-02'),
(110, 'F2', 9, '2025-01-02'),
(110, 'F5', 9, '2025-01-02'),
(110, 'G1', 9, '2025-01-02'),
(110, 'G10', 9, '2025-01-02'),
(110, 'G3', 9, '2025-01-02'),
(110, 'G7', 9, '2025-01-02'),
(110, 'H2', 9, '2025-01-02'),
(110, 'H5', 9, '2025-01-02'),
(110, 'H8', 9, '2025-01-02'),
(110, 'I1', 9, '2025-01-02'),
(110, 'I3', 9, '2025-01-02'),
(110, 'I6', 9, '2025-01-02'),
(110, 'I7', 9, '2025-01-02'),
(110, 'I9', 9, '2025-01-02'),
(110, 'J3', 9, '2025-01-02'),
(111, 'B1', 9, '2025-01-02'),
(111, 'B3', 9, '2025-01-02'),
(111, 'B7', 9, '2025-01-02'),
(111, 'B9', 9, '2025-01-02'),
(111, 'C10', 9, '2025-01-02'),
(111, 'C2', 9, '2025-01-02'),
(111, 'C4', 9, '2025-01-02'),
(111, 'C5', 9, '2025-01-02'),
(111, 'C6', 9, '2025-01-02'),
(111, 'C7', 9, '2025-01-02'),
(111, 'C8', 9, '2025-01-02'),
(111, 'C9', 9, '2025-01-02'),
(111, 'D1', 9, '2025-01-02'),
(111, 'D3', 9, '2025-01-02'),
(111, 'D6', 9, '2025-01-02'),
(111, 'D8', 9, '2025-01-02'),
(111, 'E2', 9, '2025-01-02'),
(111, 'E3', 9, '2025-01-02'),
(111, 'E4', 9, '2025-01-02'),
(111, 'E5', 9, '2025-01-02'),
(111, 'E7', 9, '2025-01-02'),
(111, 'E8', 9, '2025-01-02'),
(111, 'E9', 9, '2025-01-02'),
(111, 'F1', 9, '2025-01-02'),
(111, 'F10', 9, '2025-01-02'),
(111, 'F3', 9, '2025-01-02'),
(111, 'F4', 9, '2025-01-02'),
(111, 'F6', 9, '2025-01-02'),
(111, 'F7', 9, '2025-01-02'),
(111, 'G2', 9, '2025-01-02'),
(111, 'G4', 9, '2025-01-02'),
(111, 'G7', 9, '2025-01-02'),
(111, 'G8', 9, '2025-01-02'),
(111, 'G9', 9, '2025-01-02'),
(111, 'H1', 9, '2025-01-02'),
(111, 'H3', 9, '2025-01-02'),
(111, 'H5', 9, '2025-01-02'),
(111, 'H6', 9, '2025-01-02'),
(111, 'H7', 9, '2025-01-02'),
(111, 'H9', 9, '2025-01-02'),
(111, 'I5', 9, '2025-01-02'),
(111, 'I8', 9, '2025-01-02'),
(111, 'I9', 9, '2025-01-02'),
(111, 'J2', 9, '2025-01-02'),
(111, 'J3', 9, '2025-01-02'),
(112, 'A2', 9, '2025-01-02'),
(112, 'A3', 9, '2025-01-02'),
(112, 'A7', 9, '2025-01-02'),
(112, 'A8', 9, '2025-01-02'),
(112, 'B1', 9, '2025-01-02'),
(112, 'B10', 9, '2025-01-02'),
(112, 'B4', 9, '2025-01-02'),
(112, 'B8', 9, '2025-01-02'),
(112, 'B9', 9, '2025-01-02'),
(112, 'C1', 9, '2025-01-02'),
(112, 'C2', 9, '2025-01-02'),
(112, 'C3', 9, '2025-01-02'),
(112, 'C4', 9, '2025-01-02'),
(112, 'C5', 9, '2025-01-02'),
(112, 'C6', 9, '2025-01-02'),
(112, 'C8', 9, '2025-01-02'),
(112, 'C9', 9, '2025-01-02'),
(112, 'D3', 9, '2025-01-02'),
(112, 'D4', 9, '2025-01-02'),
(112, 'D5', 9, '2025-01-02'),
(112, 'D6', 9, '2025-01-02'),
(112, 'D7', 9, '2025-01-02'),
(112, 'D9', 9, '2025-01-02'),
(112, 'E1', 9, '2025-01-02'),
(112, 'E10', 9, '2025-01-02'),
(112, 'E2', 9, '2025-01-02'),
(112, 'E4', 9, '2025-01-02'),
(112, 'E6', 9, '2025-01-02'),
(112, 'E7', 9, '2025-01-02'),
(112, 'E8', 9, '2025-01-02'),
(112, 'E9', 9, '2025-01-02'),
(112, 'F1', 9, '2025-01-02'),
(112, 'F2', 9, '2025-01-02'),
(112, 'F4', 9, '2025-01-02'),
(112, 'F5', 9, '2025-01-02'),
(112, 'F7', 9, '2025-01-02'),
(112, 'F8', 9, '2025-01-02'),
(112, 'F9', 9, '2025-01-02'),
(112, 'G10', 9, '2025-01-02'),
(112, 'G2', 9, '2025-01-02'),
(112, 'G3', 9, '2025-01-02'),
(112, 'G5', 9, '2025-01-02'),
(112, 'G6', 9, '2025-01-02'),
(112, 'G7', 9, '2025-01-02'),
(112, 'G8', 9, '2025-01-02'),
(112, 'H1', 9, '2025-01-02'),
(112, 'H2', 9, '2025-01-02'),
(112, 'H3', 9, '2025-01-02'),
(112, 'H4', 9, '2025-01-02'),
(112, 'H5', 9, '2025-01-02'),
(112, 'H6', 9, '2025-01-02'),
(112, 'H8', 9, '2025-01-02'),
(112, 'H9', 9, '2025-01-02'),
(112, 'I4', 9, '2025-01-02'),
(112, 'I5', 9, '2025-01-02'),
(112, 'I7', 9, '2025-01-02'),
(112, 'I8', 9, '2025-01-02'),
(112, 'J1', 9, '2025-01-02'),
(112, 'J2', 9, '2025-01-02'),
(112, 'J4', 9, '2025-01-02'),
(113, 'A1', 9, '2025-01-02'),
(113, 'A2', 9, '2025-01-02'),
(113, 'B2', 9, '2025-01-02'),
(113, 'B3', 9, '2025-01-02'),
(113, 'B4', 9, '2025-01-02'),
(113, 'B5', 9, '2025-01-02'),
(113, 'B6', 9, '2025-01-02'),
(113, 'B8', 9, '2025-01-02'),
(113, 'B9', 9, '2025-01-02'),
(113, 'C1', 9, '2025-01-02'),
(113, 'C10', 9, '2025-01-02'),
(113, 'C2', 9, '2025-01-02'),
(113, 'C3', 9, '2025-01-02'),
(113, 'C6', 9, '2025-01-02'),
(113, 'C8', 9, '2025-01-02'),
(113, 'C9', 9, '2025-01-02'),
(113, 'D1', 9, '2025-01-02'),
(113, 'D2', 9, '2025-01-02'),
(113, 'D3', 9, '2025-01-02'),
(113, 'D4', 9, '2025-01-02'),
(113, 'D5', 9, '2025-01-02'),
(113, 'D7', 9, '2025-01-02'),
(113, 'D8', 9, '2025-01-02'),
(113, 'D9', 9, '2025-01-02'),
(113, 'E1', 9, '2025-01-02'),
(113, 'E2', 9, '2025-01-02'),
(113, 'E4', 9, '2025-01-02'),
(113, 'E6', 9, '2025-01-02'),
(113, 'E8', 9, '2025-01-02'),
(113, 'E9', 9, '2025-01-02'),
(113, 'F10', 9, '2025-01-02'),
(113, 'F2', 9, '2025-01-02'),
(113, 'F3', 9, '2025-01-02'),
(113, 'F5', 9, '2025-01-02'),
(113, 'F7', 9, '2025-01-02'),
(113, 'F9', 9, '2025-01-02'),
(113, 'G1', 9, '2025-01-02'),
(113, 'G2', 9, '2025-01-02'),
(113, 'G3', 9, '2025-01-02'),
(113, 'G4', 9, '2025-01-02'),
(113, 'G6', 9, '2025-01-02'),
(113, 'G8', 9, '2025-01-02'),
(113, 'G9', 9, '2025-01-02'),
(113, 'H1', 9, '2025-01-02'),
(113, 'H10', 9, '2025-01-02'),
(113, 'H4', 9, '2025-01-02'),
(113, 'H7', 9, '2025-01-02'),
(113, 'H8', 9, '2025-01-02'),
(113, 'I2', 9, '2025-01-02'),
(113, 'I3', 9, '2025-01-02'),
(113, 'I6', 9, '2025-01-02'),
(113, 'I8', 9, '2025-01-02'),
(113, 'J1', 9, '2025-01-02'),
(113, 'J2', 9, '2025-01-02'),
(114, 'B2', 9, '2025-01-02'),
(114, 'B3', 9, '2025-01-02'),
(114, 'B4', 9, '2025-01-02'),
(114, 'B6', 9, '2025-01-02'),
(114, 'B7', 9, '2025-01-02'),
(114, 'B9', 9, '2025-01-02'),
(114, 'C1', 9, '2025-01-02'),
(114, 'C8', 9, '2025-01-02'),
(114, 'D2', 9, '2025-01-02'),
(114, 'D5', 9, '2025-01-02'),
(114, 'D6', 9, '2025-01-02'),
(114, 'D7', 9, '2025-01-02'),
(114, 'D8', 9, '2025-01-02'),
(114, 'D9', 9, '2025-01-02'),
(114, 'E3', 9, '2025-01-02'),
(114, 'E4', 9, '2025-01-02'),
(114, 'E5', 9, '2025-01-02'),
(114, 'E9', 9, '2025-01-02'),
(114, 'F1', 9, '2025-01-02'),
(114, 'F10', 9, '2025-01-02'),
(114, 'F2', 9, '2025-01-02'),
(114, 'F5', 9, '2025-01-02'),
(114, 'F8', 9, '2025-01-02'),
(114, 'G2', 9, '2025-01-02'),
(114, 'G4', 9, '2025-01-02'),
(114, 'G6', 9, '2025-01-02'),
(114, 'G7', 9, '2025-01-02'),
(114, 'G9', 9, '2025-01-02'),
(114, 'H2', 9, '2025-01-02'),
(114, 'H7', 9, '2025-01-02'),
(114, 'H9', 9, '2025-01-02'),
(114, 'I4', 9, '2025-01-02'),
(114, 'I5', 9, '2025-01-02'),
(114, 'I7', 9, '2025-01-02'),
(114, 'I8', 9, '2025-01-02'),
(114, 'I9', 9, '2025-01-02'),
(115, 'B1', 9, '2025-01-02'),
(115, 'B2', 9, '2025-01-02'),
(115, 'B5', 9, '2025-01-02'),
(115, 'B7', 9, '2025-01-02'),
(115, 'C3', 9, '2025-01-02'),
(115, 'C6', 9, '2025-01-02'),
(115, 'C9', 9, '2025-01-02'),
(115, 'D1', 9, '2025-01-02'),
(115, 'D10', 9, '2025-01-02'),
(115, 'D2', 9, '2025-01-02'),
(115, 'D4', 9, '2025-01-02'),
(115, 'D7', 9, '2025-01-02'),
(115, 'E3', 9, '2025-01-02'),
(115, 'E4', 9, '2025-01-02'),
(115, 'E6', 9, '2025-01-02'),
(115, 'E8', 9, '2025-01-02'),
(115, 'F1', 9, '2025-01-02'),
(115, 'F10', 9, '2025-01-02'),
(115, 'F8', 9, '2025-01-02'),
(115, 'G1', 9, '2025-01-02'),
(115, 'G2', 9, '2025-01-02'),
(115, 'G4', 9, '2025-01-02'),
(115, 'G7', 9, '2025-01-02'),
(115, 'H10', 9, '2025-01-02'),
(115, 'H3', 9, '2025-01-02'),
(115, 'H6', 9, '2025-01-02'),
(115, 'H7', 9, '2025-01-02'),
(115, 'I2', 9, '2025-01-02'),
(115, 'I4', 9, '2025-01-02'),
(115, 'I8', 9, '2025-01-02'),
(115, 'J3', 9, '2025-01-02'),
(116, 'A3', 9, '2025-01-02'),
(116, 'B8', 9, '2025-01-02'),
(116, 'B9', 9, '2025-01-02'),
(116, 'C1', 9, '2025-01-02'),
(116, 'C10', 9, '2025-01-02'),
(116, 'C4', 9, '2025-01-02'),
(116, 'C5', 9, '2025-01-02'),
(116, 'C6', 9, '2025-01-02'),
(116, 'C7', 9, '2025-01-02'),
(116, 'C8', 9, '2025-01-02'),
(116, 'D2', 9, '2025-01-02'),
(116, 'D3', 9, '2025-01-02'),
(116, 'D7', 9, '2025-01-02'),
(116, 'E1', 9, '2025-01-02'),
(116, 'E3', 9, '2025-01-02'),
(116, 'E4', 9, '2025-01-02'),
(116, 'E8', 9, '2025-01-02'),
(116, 'E9', 9, '2025-01-02'),
(116, 'F1', 9, '2025-01-02'),
(116, 'F4', 9, '2025-01-02'),
(116, 'F5', 9, '2025-01-02'),
(116, 'F6', 9, '2025-01-02'),
(116, 'F7', 9, '2025-01-02'),
(116, 'G2', 9, '2025-01-02'),
(116, 'G3', 9, '2025-01-02'),
(116, 'G4', 9, '2025-01-02'),
(116, 'G5', 9, '2025-01-02'),
(116, 'G7', 9, '2025-01-02'),
(116, 'G9', 9, '2025-01-02'),
(116, 'H4', 9, '2025-01-02'),
(116, 'H5', 9, '2025-01-02'),
(116, 'I1', 9, '2025-01-02'),
(116, 'I10', 9, '2025-01-02'),
(116, 'I3', 9, '2025-01-02'),
(116, 'I6', 9, '2025-01-02'),
(116, 'I7', 9, '2025-01-02'),
(116, 'I8', 9, '2025-01-02'),
(117, 'B1', 9, '2025-01-02'),
(117, 'B10', 9, '2025-01-02'),
(117, 'B5', 9, '2025-01-02'),
(117, 'B6', 9, '2025-01-02'),
(117, 'C1', 9, '2025-01-02'),
(117, 'C2', 9, '2025-01-02'),
(117, 'C3', 9, '2025-01-02'),
(117, 'C4', 9, '2025-01-02'),
(117, 'C8', 9, '2025-01-02'),
(117, 'C9', 9, '2025-01-02'),
(117, 'D10', 9, '2025-01-02'),
(117, 'D7', 9, '2025-01-02'),
(117, 'E1', 9, '2025-01-02'),
(117, 'E2', 9, '2025-01-02'),
(117, 'E5', 9, '2025-01-02'),
(117, 'E9', 9, '2025-01-02'),
(117, 'F10', 9, '2025-01-02'),
(117, 'F3', 9, '2025-01-02'),
(117, 'F4', 9, '2025-01-02'),
(117, 'F5', 9, '2025-01-02'),
(117, 'F7', 9, '2025-01-02'),
(117, 'F8', 9, '2025-01-02'),
(117, 'G2', 9, '2025-01-02'),
(117, 'G3', 9, '2025-01-02'),
(117, 'G6', 9, '2025-01-02'),
(117, 'G9', 9, '2025-01-02'),
(117, 'H1', 9, '2025-01-02'),
(117, 'H5', 9, '2025-01-02'),
(117, 'H7', 9, '2025-01-02'),
(117, 'H8', 9, '2025-01-02'),
(117, 'I4', 9, '2025-01-02'),
(117, 'I5', 9, '2025-01-02'),
(117, 'I6', 9, '2025-01-02'),
(117, 'I9', 9, '2025-01-02'),
(118, 'B1', 9, '2025-01-02'),
(118, 'B2', 9, '2025-01-02'),
(118, 'B5', 9, '2025-01-02'),
(118, 'B6', 9, '2025-01-02'),
(118, 'B9', 9, '2025-01-02'),
(118, 'C10', 9, '2025-01-02'),
(118, 'C2', 9, '2025-01-02'),
(118, 'C3', 9, '2025-01-02'),
(118, 'C4', 9, '2025-01-02'),
(118, 'C6', 9, '2025-01-02'),
(118, 'C7', 9, '2025-01-02'),
(118, 'C8', 9, '2025-01-02'),
(118, 'C9', 9, '2025-01-02'),
(118, 'D1', 9, '2025-01-02'),
(118, 'D2', 9, '2025-01-02'),
(118, 'D3', 9, '2025-01-02'),
(118, 'D4', 9, '2025-01-02'),
(118, 'D5', 9, '2025-01-02'),
(118, 'D7', 9, '2025-01-02'),
(118, 'D8', 9, '2025-01-02'),
(118, 'D9', 9, '2025-01-02'),
(118, 'E10', 9, '2025-01-02'),
(118, 'E2', 9, '2025-01-02'),
(118, 'E3', 9, '2025-01-02'),
(118, 'E6', 9, '2025-01-02'),
(118, 'E7', 9, '2025-01-02'),
(118, 'E9', 9, '2025-01-02'),
(118, 'F1', 9, '2025-01-02'),
(118, 'F3', 9, '2025-01-02'),
(118, 'F4', 9, '2025-01-02'),
(118, 'F8', 9, '2025-01-02'),
(118, 'G1', 9, '2025-01-02'),
(118, 'G2', 9, '2025-01-02'),
(118, 'G3', 9, '2025-01-02'),
(118, 'G4', 9, '2025-01-02'),
(118, 'G5', 9, '2025-01-02'),
(118, 'G6', 9, '2025-01-02'),
(118, 'G7', 9, '2025-01-02'),
(118, 'G9', 9, '2025-01-02'),
(118, 'H2', 9, '2025-01-02'),
(118, 'H4', 9, '2025-01-02'),
(118, 'H6', 9, '2025-01-02'),
(118, 'H8', 9, '2025-01-02'),
(118, 'I1', 9, '2025-01-02'),
(118, 'I3', 9, '2025-01-02'),
(118, 'I5', 9, '2025-01-02'),
(118, 'I7', 9, '2025-01-02'),
(118, 'I8', 9, '2025-01-02'),
(118, 'I9', 9, '2025-01-02'),
(119, 'A10', 9, '2025-01-02'),
(119, 'A3', 9, '2025-01-02'),
(119, 'A6', 9, '2025-01-02'),
(119, 'B4', 9, '2025-01-02'),
(119, 'B5', 9, '2025-01-02'),
(119, 'B7', 9, '2025-01-02'),
(119, 'B8', 9, '2025-01-02'),
(119, 'C2', 9, '2025-01-02'),
(119, 'C3', 9, '2025-01-02'),
(119, 'C4', 9, '2025-01-02'),
(119, 'C6', 9, '2025-01-02'),
(119, 'C8', 9, '2025-01-02'),
(119, 'C9', 9, '2025-01-02'),
(119, 'D1', 9, '2025-01-02'),
(119, 'D10', 9, '2025-01-02'),
(119, 'D2', 9, '2025-01-02'),
(119, 'D4', 9, '2025-01-02'),
(119, 'D7', 9, '2025-01-02'),
(119, 'D8', 9, '2025-01-02'),
(119, 'E3', 9, '2025-01-02'),
(119, 'E5', 9, '2025-01-02'),
(119, 'E6', 9, '2025-01-02'),
(119, 'E7', 9, '2025-01-02'),
(119, 'E9', 9, '2025-01-02'),
(119, 'F1', 9, '2025-01-02'),
(119, 'F10', 9, '2025-01-02'),
(119, 'F2', 9, '2025-01-02'),
(119, 'F4', 9, '2025-01-02'),
(119, 'F5', 9, '2025-01-02'),
(119, 'F7', 9, '2025-01-02'),
(119, 'F8', 9, '2025-01-02'),
(119, 'G2', 9, '2025-01-02'),
(119, 'G3', 9, '2025-01-02'),
(119, 'G4', 9, '2025-01-02'),
(119, 'G5', 9, '2025-01-02'),
(119, 'G6', 9, '2025-01-02'),
(119, 'G7', 9, '2025-01-02'),
(119, 'H3', 9, '2025-01-02'),
(119, 'H4', 9, '2025-01-02'),
(119, 'H8', 9, '2025-01-02'),
(119, 'H9', 9, '2025-01-02'),
(119, 'I1', 9, '2025-01-02'),
(119, 'I10', 9, '2025-01-02'),
(119, 'I2', 9, '2025-01-02'),
(119, 'I5', 9, '2025-01-02'),
(119, 'I7', 9, '2025-01-02'),
(119, 'J2', 9, '2025-01-02'),
(119, 'J3', 9, '2025-01-02'),
(120, 'C2', 9, '2025-01-02'),
(120, 'C5', 9, '2025-01-02'),
(120, 'C6', 9, '2025-01-02'),
(120, 'C9', 9, '2025-01-02'),
(120, 'D4', 9, '2025-01-02'),
(120, 'D5', 9, '2025-01-02'),
(120, 'D6', 9, '2025-01-02'),
(120, 'D7', 9, '2025-01-02'),
(120, 'D8', 9, '2025-01-02'),
(120, 'D9', 9, '2025-01-02'),
(120, 'E10', 9, '2025-01-02'),
(120, 'E2', 9, '2025-01-02'),
(120, 'F2', 9, '2025-01-02'),
(120, 'F7', 9, '2025-01-02'),
(120, 'F8', 9, '2025-01-02'),
(120, 'F9', 9, '2025-01-02'),
(120, 'G4', 9, '2025-01-02'),
(120, 'G5', 9, '2025-01-02'),
(120, 'G6', 9, '2025-01-02'),
(120, 'G7', 9, '2025-01-02'),
(120, 'G8', 9, '2025-01-02'),
(120, 'H1', 9, '2025-01-02'),
(120, 'H10', 9, '2025-01-02'),
(120, 'H2', 9, '2025-01-02'),
(120, 'H3', 9, '2025-01-02'),
(120, 'H4', 9, '2025-01-02'),
(120, 'H6', 9, '2025-01-02'),
(120, 'H7', 9, '2025-01-02'),
(120, 'H9', 9, '2025-01-02'),
(120, 'I10', 9, '2025-01-02'),
(120, 'I5', 9, '2025-01-02'),
(120, 'I7', 9, '2025-01-02'),
(120, 'I8', 9, '2025-01-02'),
(120, 'I9', 9, '2025-01-02'),
(120, 'J4', 9, '2025-01-02'),
(121, 'C3', 9, '2025-01-02'),
(121, 'C6', 9, '2025-01-02'),
(121, 'D1', 9, '2025-01-02'),
(121, 'D10', 9, '2025-01-02'),
(121, 'D2', 9, '2025-01-02'),
(121, 'D5', 9, '2025-01-02'),
(121, 'D8', 9, '2025-01-02'),
(121, 'E2', 9, '2025-01-02'),
(121, 'E3', 9, '2025-01-02'),
(121, 'E4', 9, '2025-01-02'),
(121, 'E7', 9, '2025-01-02'),
(121, 'E9', 9, '2025-01-02'),
(121, 'F2', 9, '2025-01-02'),
(121, 'F4', 9, '2025-01-02'),
(121, 'F5', 9, '2025-01-02'),
(121, 'F6', 9, '2025-01-02'),
(121, 'F7', 9, '2025-01-02'),
(121, 'F8', 9, '2025-01-02'),
(121, 'G1', 9, '2025-01-02'),
(121, 'G3', 9, '2025-01-02'),
(121, 'G4', 9, '2025-01-02'),
(121, 'H1', 9, '2025-01-02'),
(121, 'H10', 9, '2025-01-02'),
(121, 'H2', 9, '2025-01-02'),
(121, 'H3', 9, '2025-01-02'),
(121, 'H4', 9, '2025-01-02'),
(121, 'H5', 9, '2025-01-02'),
(121, 'H6', 9, '2025-01-02'),
(121, 'H9', 9, '2025-01-02'),
(121, 'I1', 9, '2025-01-02'),
(121, 'I10', 9, '2025-01-02'),
(121, 'I3', 9, '2025-01-02'),
(121, 'I4', 9, '2025-01-02'),
(121, 'I5', 9, '2025-01-02'),
(121, 'I7', 9, '2025-01-02'),
(121, 'I8', 9, '2025-01-02'),
(121, 'I9', 9, '2025-01-02'),
(121, 'J1', 9, '2025-01-02'),
(122, 'B3', 9, '2025-01-02'),
(122, 'B7', 9, '2025-01-02'),
(122, 'B8', 9, '2025-01-02'),
(122, 'C10', 9, '2025-01-02'),
(122, 'C6', 9, '2025-01-02'),
(122, 'D4', 9, '2025-01-02'),
(122, 'D6', 9, '2025-01-02'),
(122, 'D7', 9, '2025-01-02'),
(122, 'D8', 9, '2025-01-02'),
(122, 'D9', 9, '2025-01-02'),
(122, 'E2', 9, '2025-01-02'),
(122, 'E3', 9, '2025-01-02'),
(122, 'E7', 9, '2025-01-02'),
(122, 'F10', 9, '2025-01-02'),
(122, 'F5', 9, '2025-01-02'),
(122, 'F8', 9, '2025-01-02'),
(122, 'G2', 9, '2025-01-02'),
(122, 'G5', 9, '2025-01-02'),
(122, 'G6', 9, '2025-01-02'),
(122, 'G9', 9, '2025-01-02'),
(122, 'H2', 9, '2025-01-02'),
(122, 'H7', 9, '2025-01-02'),
(122, 'H8', 9, '2025-01-02'),
(122, 'I10', 9, '2025-01-02'),
(122, 'I3', 9, '2025-01-02'),
(122, 'I4', 9, '2025-01-02'),
(122, 'I7', 9, '2025-01-02'),
(122, 'I8', 9, '2025-01-02'),
(123, 'B1', 9, '2025-01-02'),
(123, 'B10', 9, '2025-01-02'),
(123, 'B2', 9, '2025-01-02'),
(123, 'B5', 9, '2025-01-02'),
(123, 'B8', 9, '2025-01-02'),
(123, 'C4', 9, '2025-01-02'),
(123, 'C6', 9, '2025-01-02'),
(123, 'C7', 9, '2025-01-02'),
(123, 'C9', 9, '2025-01-02'),
(123, 'D1', 9, '2025-01-02'),
(123, 'D2', 9, '2025-01-02'),
(123, 'D3', 9, '2025-01-02'),
(123, 'D7', 9, '2025-01-02'),
(123, 'D8', 9, '2025-01-02'),
(123, 'E10', 9, '2025-01-02'),
(123, 'E3', 9, '2025-01-02'),
(123, 'E5', 9, '2025-01-02'),
(123, 'E7', 9, '2025-01-02'),
(123, 'F2', 9, '2025-01-02'),
(123, 'F8', 9, '2025-01-02'),
(123, 'G1', 9, '2025-01-02'),
(123, 'G10', 9, '2025-01-02'),
(123, 'G2', 9, '2025-01-02'),
(123, 'G3', 9, '2025-01-02'),
(123, 'G6', 9, '2025-01-02'),
(123, 'G7', 9, '2025-01-02'),
(123, 'H3', 9, '2025-01-02'),
(123, 'H5', 9, '2025-01-02'),
(123, 'H8', 9, '2025-01-02'),
(123, 'H9', 9, '2025-01-02'),
(123, 'I1', 9, '2025-01-02'),
(123, 'I2', 9, '2025-01-02'),
(123, 'I3', 9, '2025-01-02'),
(123, 'I4', 9, '2025-01-02'),
(123, 'I5', 9, '2025-01-02'),
(123, 'I6', 9, '2025-01-02'),
(123, 'I7', 9, '2025-01-02'),
(123, 'I9', 9, '2025-01-02'),
(123, 'J3', 9, '2025-01-02'),
(123, 'J4', 9, '2025-01-02'),
(124, 'B5', 9, '2025-01-02'),
(124, 'C10', 9, '2025-01-02'),
(124, 'C6', 9, '2025-01-02'),
(124, 'C8', 9, '2025-01-02'),
(124, 'C9', 9, '2025-01-02'),
(124, 'D3', 9, '2025-01-02'),
(124, 'E2', 9, '2025-01-02'),
(124, 'E3', 9, '2025-01-02'),
(124, 'E4', 9, '2025-01-02'),
(124, 'E5', 9, '2025-01-02'),
(124, 'E7', 9, '2025-01-02'),
(124, 'E8', 9, '2025-01-02'),
(124, 'E9', 9, '2025-01-02'),
(124, 'F10', 9, '2025-01-02'),
(124, 'F3', 9, '2025-01-02'),
(124, 'F4', 9, '2025-01-02'),
(124, 'F5', 9, '2025-01-02'),
(124, 'F6', 9, '2025-01-02'),
(124, 'F8', 9, '2025-01-02'),
(124, 'G4', 9, '2025-01-02'),
(124, 'G6', 9, '2025-01-02'),
(124, 'G7', 9, '2025-01-02'),
(124, 'G9', 9, '2025-01-02'),
(124, 'H10', 9, '2025-01-02'),
(124, 'H2', 9, '2025-01-02'),
(124, 'H3', 9, '2025-01-02'),
(124, 'H4', 9, '2025-01-02'),
(124, 'H6', 9, '2025-01-02'),
(124, 'H7', 9, '2025-01-02'),
(124, 'H8', 9, '2025-01-02'),
(124, 'H9', 9, '2025-01-02'),
(124, 'I1', 9, '2025-01-02'),
(124, 'J4', 9, '2025-01-02'),
(125, 'B2', 9, '2025-01-02'),
(125, 'B7', 9, '2025-01-02'),
(125, 'C1', 9, '2025-01-02'),
(125, 'C3', 9, '2025-01-02'),
(125, 'C4', 9, '2025-01-02'),
(125, 'C6', 9, '2025-01-02'),
(125, 'C8', 9, '2025-01-02'),
(125, 'C9', 9, '2025-01-02'),
(125, 'D10', 9, '2025-01-02'),
(125, 'D5', 9, '2025-01-02'),
(125, 'D6', 9, '2025-01-02'),
(125, 'D7', 9, '2025-01-02'),
(125, 'E1', 9, '2025-01-02'),
(125, 'E3', 9, '2025-01-02'),
(125, 'E7', 9, '2025-01-02'),
(125, 'E8', 9, '2025-01-02'),
(125, 'E9', 9, '2025-01-02'),
(125, 'F1', 9, '2025-01-02'),
(125, 'F2', 9, '2025-01-02'),
(125, 'F4', 9, '2025-01-02'),
(125, 'F5', 9, '2025-01-02'),
(125, 'F6', 9, '2025-01-02'),
(125, 'F7', 9, '2025-01-02'),
(125, 'F8', 9, '2025-01-02'),
(125, 'F9', 9, '2025-01-02'),
(125, 'G10', 9, '2025-01-02'),
(125, 'G3', 9, '2025-01-02'),
(125, 'G4', 9, '2025-01-02'),
(125, 'G5', 9, '2025-01-02'),
(125, 'G7', 9, '2025-01-02'),
(125, 'H2', 9, '2025-01-02'),
(125, 'H4', 9, '2025-01-02'),
(125, 'H6', 9, '2025-01-02'),
(125, 'I10', 9, '2025-01-02'),
(125, 'I5', 9, '2025-01-02'),
(125, 'I6', 9, '2025-01-02'),
(125, 'I7', 9, '2025-01-02'),
(125, 'I8', 9, '2025-01-02'),
(125, 'J3', 9, '2023-01-01'),
(125, 'J5', 9, '2025-01-02'),
(126, 'A1', 9, '2025-01-02'),
(126, 'A4', 9, '2025-01-02'),
(126, 'B2', 9, '2025-01-02'),
(126, 'B7', 9, '2025-01-02'),
(126, 'B9', 9, '2025-01-02'),
(126, 'C1', 9, '2025-01-02'),
(126, 'C3', 9, '2025-01-02'),
(126, 'C4', 9, '2025-01-02'),
(126, 'C5', 9, '2025-01-02'),
(126, 'C7', 9, '2025-01-02'),
(126, 'D2', 9, '2025-01-02'),
(126, 'D6', 9, '2025-01-02'),
(126, 'D9', 9, '2025-01-02'),
(126, 'E10', 9, '2025-01-02'),
(126, 'E3', 9, '2025-01-02'),
(126, 'E4', 9, '2025-01-02'),
(126, 'E5', 9, '2025-01-02'),
(126, 'E8', 9, '2025-01-02'),
(126, 'F2', 9, '2025-01-02'),
(126, 'F4', 9, '2025-01-02'),
(126, 'F6', 9, '2025-01-02'),
(126, 'F7', 9, '2025-01-02'),
(126, 'F9', 9, '2025-01-02'),
(126, 'G4', 9, '2025-01-02'),
(126, 'G7', 9, '2025-01-02'),
(126, 'H1', 9, '2025-01-02'),
(126, 'H10', 9, '2025-01-02'),
(126, 'H2', 9, '2025-01-02'),
(126, 'H5', 9, '2025-01-02'),
(126, 'H6', 9, '2025-01-02'),
(126, 'H8', 9, '2025-01-02'),
(126, 'H9', 9, '2025-01-02'),
(126, 'I3', 9, '2025-01-02'),
(126, 'I7', 9, '2025-01-02'),
(126, 'J3', 9, '2025-01-02'),
(126, 'J4', 9, '2025-01-02'),
(169, 'B1', 9, '2023-01-01'),
(169, 'C10', 9, '2023-01-01'),
(169, 'C3', 9, '2023-01-01'),
(169, 'C4', 9, '2023-01-01'),
(169, 'C5', 9, '2023-01-01'),
(169, 'C6', 9, '2023-01-01'),
(169, 'C8', 9, '2023-01-01'),
(169, 'C9', 9, '2023-01-01'),
(169, 'D10', 9, '2023-01-01'),
(169, 'D2', 9, '2023-01-01'),
(169, 'D3', 9, '2023-01-01'),
(169, 'D4', 9, '2023-01-01'),
(169, 'D5', 9, '2023-01-01'),
(169, 'D6', 9, '2023-01-01'),
(169, 'D7', 9, '2023-01-01'),
(169, 'D9', 9, '2023-01-01'),
(169, 'E1', 9, '2023-01-01'),
(169, 'E10', 9, '2023-01-01'),
(169, 'E3', 9, '2023-01-01'),
(169, 'E5', 9, '2023-01-01'),
(169, 'F1', 9, '2023-01-01'),
(169, 'F3', 9, '2023-01-01'),
(169, 'F4', 9, '2023-01-01'),
(169, 'F7', 9, '2023-01-01'),
(169, 'F8', 9, '2023-01-01'),
(169, 'F9', 9, '2023-01-01'),
(169, 'G2', 9, '2023-01-01'),
(169, 'G6', 9, '2023-01-01'),
(169, 'G7', 9, '2023-01-01'),
(169, 'G9', 9, '2023-01-01'),
(169, 'H10', 9, '2023-01-01'),
(169, 'H3', 9, '2023-01-01'),
(169, 'H4', 9, '2023-01-01'),
(169, 'H5', 9, '2023-01-01'),
(169, 'H8', 9, '2023-01-01'),
(169, 'H9', 9, '2023-01-01'),
(169, 'I10', 9, '2023-01-01'),
(169, 'I2', 9, '2023-01-01'),
(169, 'I3', 9, '2023-01-01'),
(169, 'I6', 9, '2023-01-01'),
(169, 'J3', 9, '2023-01-01'),
(170, 'A2', 9, '2023-01-01'),
(170, 'A4', 9, '2023-01-01'),
(170, 'B3', 9, '2023-01-01'),
(170, 'B7', 9, '2023-01-01'),
(170, 'B8', 9, '2023-01-01'),
(170, 'B9', 9, '2023-01-01'),
(170, 'C1', 9, '2023-01-01'),
(170, 'C10', 9, '2023-01-01'),
(170, 'C2', 9, '2023-01-01'),
(170, 'C5', 9, '2023-01-01'),
(170, 'C6', 9, '2023-01-01'),
(170, 'C8', 9, '2023-01-01'),
(170, 'C9', 9, '2023-01-01'),
(170, 'D2', 9, '2023-01-01'),
(170, 'D3', 9, '2023-01-01'),
(170, 'D4', 9, '2023-01-01'),
(170, 'D8', 9, '2023-01-01'),
(170, 'E1', 9, '2023-01-01'),
(170, 'E5', 9, '2023-01-01'),
(170, 'E7', 9, '2023-01-01'),
(170, 'E9', 9, '2023-01-01'),
(170, 'F10', 9, '2023-01-01'),
(170, 'F2', 9, '2023-01-01'),
(170, 'F3', 9, '2023-01-01'),
(170, 'F4', 9, '2023-01-01'),
(170, 'F7', 9, '2023-01-01'),
(170, 'G10', 9, '2023-01-01'),
(170, 'G2', 9, '2023-01-01'),
(170, 'G5', 9, '2023-01-01'),
(170, 'G6', 9, '2023-01-01'),
(170, 'G8', 9, '2023-01-01'),
(170, 'H3', 9, '2023-01-01'),
(170, 'H5', 9, '2023-01-01'),
(170, 'H9', 9, '2023-01-01'),
(170, 'I1', 9, '2023-01-01'),
(170, 'I10', 9, '2023-01-01'),
(170, 'I3', 9, '2023-01-01'),
(170, 'I4', 9, '2023-01-01'),
(170, 'I6', 9, '2023-01-01'),
(170, 'I7', 9, '2023-01-01'),
(170, 'I8', 9, '2023-01-01'),
(170, 'J4', 9, '2023-01-01'),
(171, 'B2', 9, '2023-01-01'),
(171, 'B4', 9, '2023-01-01'),
(171, 'B5', 9, '2023-01-01'),
(171, 'B7', 9, '2023-01-01'),
(171, 'B8', 9, '2023-01-01'),
(171, 'C10', 9, '2023-01-01'),
(171, 'C3', 9, '2023-01-01'),
(171, 'C4', 9, '2023-01-01'),
(171, 'C6', 9, '2023-01-01'),
(171, 'D1', 9, '2023-01-01'),
(171, 'D2', 9, '2023-01-01'),
(171, 'D7', 9, '2023-01-01'),
(171, 'D8', 9, '2023-01-01'),
(171, 'D9', 9, '2023-01-01'),
(171, 'E10', 9, '2023-01-01'),
(171, 'E2', 9, '2023-01-01'),
(171, 'E4', 9, '2023-01-01'),
(171, 'E5', 9, '2023-01-01'),
(171, 'E6', 9, '2023-01-01'),
(171, 'E7', 9, '2023-01-01'),
(171, 'E9', 9, '2023-01-01'),
(171, 'F1', 9, '2023-01-01'),
(171, 'F4', 9, '2023-01-01'),
(171, 'F5', 9, '2023-01-01'),
(171, 'F8', 9, '2023-01-01'),
(171, 'F9', 9, '2023-01-01'),
(171, 'G10', 9, '2023-01-01'),
(171, 'G2', 9, '2023-01-01'),
(171, 'G3', 9, '2023-01-01'),
(171, 'G4', 9, '2023-01-01'),
(171, 'G7', 9, '2023-01-01'),
(171, 'G8', 9, '2023-01-01'),
(171, 'G9', 9, '2023-01-01'),
(171, 'H10', 9, '2023-01-01'),
(171, 'H2', 9, '2023-01-01'),
(171, 'H4', 9, '2023-01-01'),
(171, 'H5', 9, '2023-01-01'),
(171, 'H6', 9, '2023-01-01'),
(171, 'H7', 9, '2023-01-01'),
(171, 'H8', 9, '2023-01-01'),
(171, 'I1', 9, '2023-01-01'),
(171, 'I10', 9, '2023-01-01'),
(171, 'I3', 9, '2023-01-01'),
(171, 'I5', 9, '2023-01-01'),
(171, 'I6', 9, '2023-01-01'),
(171, 'I8', 9, '2023-01-01'),
(171, 'I9', 9, '2023-01-01'),
(172, 'B5', 9, '2023-01-01'),
(172, 'B6', 9, '2023-01-01'),
(172, 'B7', 9, '2023-01-01'),
(172, 'B9', 9, '2023-01-01'),
(172, 'C10', 9, '2023-01-01'),
(172, 'C3', 9, '2023-01-01'),
(172, 'C4', 9, '2023-01-01'),
(172, 'C8', 9, '2023-01-01'),
(172, 'C9', 9, '2023-01-01'),
(172, 'D2', 9, '2023-01-01'),
(172, 'D5', 9, '2023-01-01'),
(172, 'D7', 9, '2023-01-01'),
(172, 'D9', 9, '2023-01-01'),
(172, 'E1', 9, '2023-01-01'),
(172, 'E10', 9, '2023-01-01'),
(172, 'E3', 9, '2023-01-01'),
(172, 'E4', 9, '2023-01-01'),
(172, 'E6', 9, '2023-01-01'),
(172, 'E7', 9, '2023-01-01'),
(172, 'E9', 9, '2023-01-01'),
(172, 'F1', 9, '2023-01-01'),
(172, 'F10', 9, '2023-01-01'),
(172, 'F3', 9, '2023-01-01'),
(172, 'F4', 9, '2023-01-01'),
(172, 'F7', 9, '2023-01-01'),
(172, 'G10', 9, '2023-01-01'),
(172, 'G2', 9, '2023-01-01'),
(172, 'G4', 9, '2023-01-01'),
(172, 'G7', 9, '2023-01-01'),
(172, 'G8', 9, '2023-01-01'),
(172, 'G9', 9, '2023-01-01'),
(172, 'H5', 9, '2023-01-01'),
(172, 'H6', 9, '2023-01-01'),
(172, 'H8', 9, '2023-01-01'),
(172, 'H9', 9, '2023-01-01'),
(172, 'I10', 9, '2023-01-01'),
(172, 'I3', 9, '2023-01-01'),
(172, 'I7', 9, '2023-01-01'),
(172, 'I8', 9, '2023-01-01'),
(172, 'J4', 9, '2023-01-01'),
(173, 'A4', 9, '2023-01-01'),
(173, 'B2', 9, '2023-01-01'),
(173, 'B5', 9, '2023-01-01'),
(173, 'C2', 9, '2023-01-01'),
(173, 'C8', 9, '2023-01-01'),
(173, 'C9', 9, '2023-01-01'),
(173, 'D1', 9, '2023-01-01'),
(173, 'D10', 9, '2023-01-01'),
(173, 'D4', 9, '2023-01-01'),
(173, 'D6', 9, '2023-01-01'),
(173, 'D9', 9, '2023-01-01'),
(173, 'E2', 9, '2023-01-01'),
(173, 'E3', 9, '2023-01-01'),
(173, 'E4', 9, '2023-01-01'),
(173, 'E9', 9, '2023-01-01'),
(173, 'F1', 9, '2023-01-01'),
(173, 'F10', 9, '2023-01-01'),
(173, 'F4', 9, '2023-01-01'),
(173, 'F7', 9, '2023-01-01'),
(173, 'F8', 9, '2023-01-01'),
(173, 'G2', 9, '2023-01-01'),
(173, 'G3', 9, '2023-01-01'),
(173, 'G6', 9, '2023-01-01'),
(173, 'G7', 9, '2023-01-01'),
(173, 'G8', 9, '2023-01-01'),
(173, 'H1', 9, '2023-01-01'),
(173, 'H2', 9, '2023-01-01'),
(173, 'H3', 9, '2023-01-01'),
(173, 'H4', 9, '2023-01-01'),
(173, 'H7', 9, '2023-01-01'),
(173, 'H8', 9, '2023-01-01'),
(173, 'J1', 9, '2023-01-01'),
(173, 'J4', 9, '2023-01-01'),
(174, 'B6', 9, '2023-01-01'),
(174, 'C1', 9, '2023-01-01'),
(174, 'C2', 9, '2023-01-01'),
(174, 'C3', 9, '2023-01-01'),
(174, 'C4', 9, '2023-01-01'),
(174, 'C5', 9, '2023-01-01'),
(174, 'C8', 9, '2023-01-01'),
(174, 'C9', 9, '2023-01-01'),
(174, 'D10', 9, '2023-01-01'),
(174, 'D3', 9, '2023-01-01'),
(174, 'D6', 9, '2023-01-01'),
(174, 'D7', 9, '2023-01-01'),
(174, 'D9', 9, '2023-01-01'),
(174, 'E1', 9, '2023-01-01'),
(174, 'E10', 9, '2023-01-01'),
(174, 'E2', 9, '2023-01-01'),
(174, 'E3', 9, '2023-01-01'),
(174, 'E4', 9, '2023-01-01'),
(174, 'E5', 9, '2023-01-01'),
(174, 'E8', 9, '2023-01-01'),
(174, 'F3', 9, '2023-01-01'),
(174, 'F6', 9, '2023-01-01'),
(174, 'F7', 9, '2023-01-01');
INSERT INTO `sale` (`showid`, `seatid`, `userid`, `SaleDate`) VALUES
(174, 'F9', 9, '2023-01-01'),
(174, 'G10', 9, '2023-01-01'),
(174, 'G3', 9, '2023-01-01'),
(174, 'G4', 9, '2023-01-01'),
(174, 'G5', 9, '2023-01-01'),
(174, 'G6', 9, '2023-01-01'),
(174, 'G7', 9, '2023-01-01'),
(174, 'G8', 9, '2023-01-01'),
(174, 'H1', 9, '2023-01-01'),
(174, 'H7', 9, '2023-01-01'),
(174, 'H9', 9, '2023-01-01'),
(174, 'I3', 9, '2023-01-01'),
(174, 'I7', 9, '2023-01-01'),
(175, 'B2', 9, '2023-01-01'),
(175, 'B4', 9, '2023-01-01'),
(175, 'B5', 9, '2023-01-01'),
(175, 'B9', 9, '2023-01-01'),
(175, 'C1', 9, '2023-01-01'),
(175, 'C10', 9, '2023-01-01'),
(175, 'C2', 9, '2023-01-01'),
(175, 'C4', 9, '2023-01-01'),
(175, 'C5', 9, '2023-01-01'),
(175, 'C7', 9, '2023-01-01'),
(175, 'D4', 9, '2023-01-01'),
(175, 'D5', 9, '2023-01-01'),
(175, 'D7', 9, '2023-01-01'),
(175, 'D8', 9, '2023-01-01'),
(175, 'D9', 9, '2023-01-01'),
(175, 'E10', 9, '2023-01-01'),
(175, 'E2', 9, '2023-01-01'),
(175, 'E3', 9, '2023-01-01'),
(175, 'E8', 9, '2023-01-01'),
(175, 'E9', 9, '2023-01-01'),
(175, 'F1', 9, '2023-01-01'),
(175, 'F2', 9, '2023-01-01'),
(175, 'F3', 9, '2023-01-01'),
(175, 'F7', 9, '2023-01-01'),
(175, 'F8', 9, '2023-01-01'),
(175, 'F9', 9, '2023-01-01'),
(175, 'G4', 9, '2023-01-01'),
(175, 'G6', 9, '2023-01-01'),
(175, 'H10', 9, '2023-01-01'),
(175, 'H2', 9, '2023-01-01'),
(175, 'H8', 9, '2023-01-01'),
(175, 'I1', 9, '2023-01-01'),
(175, 'I10', 9, '2023-01-01'),
(175, 'I3', 9, '2023-01-01'),
(175, 'I5', 9, '2023-01-01'),
(175, 'J2', 9, '2023-01-01'),
(175, 'J3', 9, '2023-01-01'),
(175, 'J4', 9, '2023-01-01'),
(176, 'A3', 10, '2025-01-10'),
(176, 'A7', 10, '2025-01-10'),
(176, 'B2', 10, '2025-01-10'),
(176, 'B4', 10, '2025-01-10'),
(176, 'B5', 10, '2025-01-10'),
(176, 'B6', 10, '2025-01-10'),
(176, 'B8', 10, '2025-01-10'),
(176, 'B9', 10, '2025-01-10'),
(176, 'C1', 10, '2025-01-10'),
(176, 'C10', 10, '2025-01-10'),
(176, 'C3', 10, '2025-01-10'),
(176, 'C4', 10, '2025-01-10'),
(176, 'C5', 10, '2025-01-10'),
(176, 'C7', 10, '2025-01-10'),
(176, 'C8', 10, '2025-01-10'),
(176, 'D1', 10, '2025-01-10'),
(176, 'D10', 10, '2025-01-10'),
(176, 'D2', 10, '2025-01-10'),
(176, 'D4', 10, '2025-01-10'),
(176, 'D5', 10, '2025-01-10'),
(176, 'D6', 10, '2025-01-10'),
(176, 'D7', 10, '2025-01-10'),
(176, 'D8', 10, '2025-01-10'),
(176, 'D9', 10, '2025-01-10'),
(176, 'E10', 10, '2025-01-10'),
(176, 'E2', 10, '2025-01-10'),
(176, 'E3', 10, '2025-01-10'),
(176, 'E4', 10, '2025-01-10'),
(176, 'E7', 10, '2025-01-10'),
(176, 'E8', 10, '2025-01-10'),
(176, 'E9', 10, '2025-01-10'),
(176, 'F1', 10, '2025-01-10'),
(176, 'F2', 10, '2025-01-10'),
(176, 'F4', 10, '2025-01-10'),
(176, 'F6', 10, '2025-01-10'),
(176, 'F8', 10, '2025-01-10'),
(176, 'F9', 10, '2025-01-10'),
(176, 'G10', 10, '2025-01-10'),
(176, 'G2', 10, '2025-01-10'),
(176, 'G3', 10, '2025-01-10'),
(176, 'G5', 10, '2025-01-10'),
(176, 'G7', 10, '2025-01-10'),
(176, 'H1', 10, '2025-01-10'),
(176, 'H2', 10, '2025-01-10'),
(176, 'H3', 10, '2025-01-10'),
(176, 'H4', 10, '2025-01-10'),
(176, 'H5', 10, '2025-01-10'),
(176, 'H6', 10, '2025-01-10'),
(176, 'H7', 10, '2025-01-10'),
(176, 'H8', 10, '2025-01-10'),
(176, 'H9', 10, '2025-01-10'),
(176, 'I1', 10, '2025-01-10'),
(176, 'I2', 10, '2025-01-10'),
(176, 'I3', 10, '2025-01-10'),
(176, 'I6', 10, '2025-01-10'),
(176, 'I9', 10, '2025-01-10'),
(176, 'J2', 10, '2025-01-10'),
(176, 'J3', 10, '2025-01-10'),
(176, 'J5', 10, '2025-01-10'),
(177, 'A1', 10, '2025-01-10'),
(177, 'A2', 10, '2025-01-10'),
(177, 'B10', 10, '2025-01-10'),
(177, 'B2', 10, '2025-01-10'),
(177, 'B3', 10, '2025-01-10'),
(177, 'B5', 10, '2025-01-10'),
(177, 'B7', 10, '2025-01-10'),
(177, 'C1', 10, '2025-01-10'),
(177, 'C2', 10, '2025-01-10'),
(177, 'C4', 10, '2025-01-10'),
(177, 'C6', 10, '2025-01-10'),
(177, 'C7', 10, '2025-01-10'),
(177, 'C8', 10, '2025-01-10'),
(177, 'C9', 10, '2025-01-10'),
(177, 'D1', 10, '2025-01-10'),
(177, 'D2', 10, '2025-01-10'),
(177, 'D4', 10, '2025-01-10'),
(177, 'D5', 10, '2025-01-10'),
(177, 'D7', 10, '2025-01-10'),
(177, 'D8', 10, '2025-01-10'),
(177, 'D9', 10, '2025-01-10'),
(177, 'E10', 10, '2025-01-10'),
(177, 'E3', 10, '2025-01-10'),
(177, 'E4', 10, '2025-01-10'),
(177, 'E6', 10, '2025-01-10'),
(177, 'E8', 10, '2025-01-10'),
(177, 'F1', 10, '2025-01-10'),
(177, 'F2', 10, '2025-01-10'),
(177, 'F3', 10, '2025-01-10'),
(177, 'F4', 10, '2025-01-10'),
(177, 'F6', 10, '2025-01-10'),
(177, 'F8', 10, '2025-01-10'),
(177, 'F9', 10, '2025-01-10'),
(177, 'G10', 10, '2025-01-10'),
(177, 'G4', 10, '2025-01-10'),
(177, 'G5', 10, '2025-01-10'),
(177, 'G6', 10, '2025-01-10'),
(177, 'G7', 10, '2025-01-10'),
(177, 'G9', 10, '2025-01-10'),
(177, 'H1', 10, '2025-01-10'),
(177, 'H2', 10, '2025-01-10'),
(177, 'H3', 10, '2025-01-10'),
(177, 'H4', 10, '2025-01-10'),
(177, 'H7', 10, '2025-01-10'),
(177, 'H9', 10, '2025-01-10'),
(177, 'I10', 10, '2025-01-10'),
(177, 'I3', 10, '2025-01-10'),
(177, 'I5', 10, '2025-01-10'),
(177, 'I7', 10, '2025-01-10'),
(177, 'I8', 10, '2025-01-10'),
(177, 'J1', 10, '2025-01-10'),
(177, 'J4', 10, '2025-01-10'),
(178, 'A3', 10, '2025-01-10'),
(178, 'A4', 10, '2025-01-10'),
(178, 'A6', 10, '2025-01-10'),
(178, 'A9', 10, '2025-01-10'),
(178, 'B1', 10, '2025-01-10'),
(178, 'B2', 10, '2025-01-10'),
(178, 'B8', 10, '2025-01-10'),
(178, 'B9', 10, '2025-01-10'),
(178, 'C10', 10, '2025-01-10'),
(178, 'C2', 10, '2025-01-10'),
(178, 'C4', 10, '2025-01-10'),
(178, 'C7', 10, '2025-01-10'),
(178, 'C8', 10, '2025-01-10'),
(178, 'D2', 10, '2025-01-10'),
(178, 'D3', 10, '2025-01-10'),
(178, 'D4', 10, '2025-01-10'),
(178, 'D5', 10, '2025-01-10'),
(178, 'D6', 10, '2025-01-10'),
(178, 'D7', 10, '2025-01-10'),
(178, 'D8', 10, '2025-01-10'),
(178, 'D9', 10, '2025-01-10'),
(178, 'E1', 10, '2025-01-10'),
(178, 'E10', 10, '2025-01-10'),
(178, 'E2', 10, '2025-01-10'),
(178, 'E3', 10, '2025-01-10'),
(178, 'E4', 10, '2025-01-10'),
(178, 'E5', 10, '2025-01-10'),
(178, 'E6', 10, '2025-01-10'),
(178, 'E7', 10, '2025-01-10'),
(178, 'E8', 10, '2025-01-10'),
(178, 'F1', 10, '2025-01-10'),
(178, 'F3', 10, '2025-01-10'),
(178, 'F4', 10, '2025-01-10'),
(178, 'F6', 10, '2025-01-10'),
(178, 'F7', 10, '2025-01-10'),
(178, 'F9', 10, '2025-01-10'),
(178, 'G1', 10, '2025-01-10'),
(178, 'G10', 10, '2025-01-10'),
(178, 'G2', 10, '2025-01-10'),
(178, 'G4', 10, '2025-01-10'),
(178, 'G5', 10, '2025-01-10'),
(178, 'G6', 10, '2025-01-10'),
(178, 'G7', 10, '2025-01-10'),
(178, 'G8', 10, '2025-01-10'),
(178, 'G9', 10, '2025-01-10'),
(178, 'H2', 10, '2025-01-10'),
(178, 'H3', 10, '2025-01-10'),
(178, 'H4', 10, '2025-01-10'),
(178, 'H5', 10, '2025-01-10'),
(178, 'H6', 10, '2025-01-10'),
(178, 'H8', 10, '2025-01-10'),
(178, 'H9', 10, '2025-01-10'),
(178, 'I1', 10, '2025-01-10'),
(178, 'I10', 10, '2025-01-10'),
(178, 'I3', 10, '2025-01-10'),
(178, 'I4', 10, '2025-01-10'),
(178, 'I7', 10, '2025-01-10'),
(178, 'I8', 10, '2025-01-10'),
(178, 'J1', 10, '2025-01-10'),
(178, 'J2', 10, '2025-01-10'),
(178, 'J5', 10, '2025-01-10'),
(179, 'A1', 10, '2025-01-10'),
(179, 'A4', 10, '2025-01-10'),
(179, 'A8', 10, '2025-01-10'),
(179, 'B10', 10, '2025-01-10'),
(179, 'B2', 10, '2025-01-10'),
(179, 'B3', 10, '2025-01-10'),
(179, 'B4', 10, '2025-01-10'),
(179, 'B6', 10, '2025-01-10'),
(179, 'B7', 10, '2025-01-10'),
(179, 'B9', 10, '2025-01-10'),
(179, 'C1', 10, '2025-01-10'),
(179, 'C2', 10, '2025-01-10'),
(179, 'C3', 10, '2025-01-10'),
(179, 'C4', 10, '2025-01-10'),
(179, 'C5', 10, '2025-01-10'),
(179, 'C6', 10, '2025-01-10'),
(179, 'C8', 10, '2025-01-10'),
(179, 'C9', 10, '2025-01-10'),
(179, 'D10', 10, '2025-01-10'),
(179, 'D2', 10, '2025-01-10'),
(179, 'D3', 10, '2025-01-10'),
(179, 'D4', 10, '2025-01-10'),
(179, 'D5', 10, '2025-01-10'),
(179, 'D6', 10, '2025-01-10'),
(179, 'D8', 10, '2025-01-10'),
(179, 'E1', 10, '2025-01-10'),
(179, 'E3', 10, '2025-01-10'),
(179, 'E7', 10, '2025-01-10'),
(179, 'E8', 10, '2025-01-10'),
(179, 'E9', 10, '2025-01-10'),
(179, 'F10', 10, '2025-01-10'),
(179, 'F2', 10, '2025-01-10'),
(179, 'F3', 10, '2025-01-10'),
(179, 'F4', 10, '2025-01-10'),
(179, 'F5', 10, '2025-01-10'),
(179, 'F6', 10, '2025-01-10'),
(179, 'F7', 10, '2025-01-10'),
(179, 'F8', 10, '2025-01-10'),
(179, 'G2', 10, '2025-01-10'),
(179, 'G4', 10, '2025-01-10'),
(179, 'G6', 10, '2025-01-10'),
(179, 'G8', 10, '2025-01-10'),
(179, 'G9', 10, '2025-01-10'),
(179, 'H1', 10, '2025-01-10'),
(179, 'H10', 10, '2025-01-10'),
(179, 'H2', 10, '2025-01-10'),
(179, 'H3', 10, '2025-01-10'),
(179, 'H4', 10, '2025-01-10'),
(179, 'H5', 10, '2025-01-10'),
(179, 'H6', 10, '2025-01-10'),
(179, 'H8', 10, '2025-01-10'),
(179, 'H9', 10, '2025-01-10'),
(179, 'I2', 10, '2025-01-10'),
(179, 'I4', 10, '2025-01-10'),
(179, 'I6', 10, '2025-01-10'),
(179, 'I7', 10, '2025-01-10'),
(179, 'I9', 10, '2025-01-10'),
(179, 'J2', 10, '2025-01-10'),
(179, 'J3', 10, '2025-01-10'),
(179, 'J5', 10, '2025-01-10'),
(180, 'A3', 10, '2025-01-10'),
(180, 'A6', 10, '2025-01-10'),
(180, 'A7', 10, '2025-01-10'),
(180, 'B1', 10, '2025-01-10'),
(180, 'B2', 10, '2025-01-10'),
(180, 'B3', 10, '2025-01-10'),
(180, 'B4', 10, '2025-01-10'),
(180, 'B5', 10, '2025-01-10'),
(180, 'B7', 10, '2025-01-10'),
(180, 'B8', 10, '2025-01-10'),
(180, 'B9', 10, '2025-01-10'),
(180, 'C10', 10, '2025-01-10'),
(180, 'C2', 10, '2025-01-10'),
(180, 'C3', 10, '2025-01-10'),
(180, 'C4', 10, '2025-01-10'),
(180, 'C5', 10, '2025-01-10'),
(180, 'C6', 10, '2025-01-10'),
(180, 'C8', 10, '2025-01-10'),
(180, 'D2', 10, '2025-01-10'),
(180, 'D4', 10, '2025-01-10'),
(180, 'D5', 10, '2025-01-10'),
(180, 'D6', 10, '2025-01-10'),
(180, 'D7', 10, '2025-01-10'),
(180, 'D9', 10, '2025-01-10'),
(180, 'E1', 10, '2025-01-10'),
(180, 'E10', 10, '2025-01-10'),
(180, 'E3', 10, '2025-01-10'),
(180, 'E4', 10, '2025-01-10'),
(180, 'E6', 10, '2025-01-10'),
(180, 'E8', 10, '2025-01-10'),
(180, 'E9', 10, '2025-01-10'),
(180, 'F1', 10, '2025-01-10'),
(180, 'F10', 10, '2025-01-10'),
(180, 'F2', 10, '2025-01-10'),
(180, 'F4', 10, '2025-01-10'),
(180, 'F5', 10, '2025-01-10'),
(180, 'F6', 10, '2025-01-10'),
(180, 'F7', 10, '2025-01-10'),
(180, 'F9', 10, '2025-01-10'),
(180, 'G1', 10, '2025-01-10'),
(180, 'G2', 10, '2025-01-10'),
(180, 'G4', 10, '2025-01-10'),
(180, 'G7', 10, '2025-01-10'),
(180, 'G8', 10, '2025-01-10'),
(180, 'G9', 10, '2025-01-10'),
(180, 'H10', 10, '2025-01-10'),
(180, 'H2', 10, '2025-01-10'),
(180, 'H3', 10, '2025-01-10'),
(180, 'H4', 10, '2025-01-10'),
(180, 'H5', 10, '2025-01-10'),
(180, 'H6', 10, '2025-01-10'),
(180, 'H7', 10, '2025-01-10'),
(180, 'H9', 10, '2025-01-10'),
(180, 'I1', 10, '2025-01-10'),
(180, 'I10', 10, '2025-01-10'),
(180, 'I2', 10, '2025-01-10'),
(180, 'I3', 10, '2025-01-10'),
(180, 'I5', 10, '2025-01-10'),
(180, 'I6', 10, '2025-01-10'),
(180, 'I8', 10, '2025-01-10'),
(180, 'J1', 10, '2025-01-10'),
(180, 'J2', 10, '2025-01-10'),
(180, 'J3', 10, '2025-01-10'),
(180, 'J4', 10, '2025-01-10'),
(181, 'B2', 10, '2025-01-10'),
(181, 'B3', 10, '2025-01-10'),
(181, 'B4', 10, '2025-01-10'),
(181, 'B7', 10, '2025-01-10'),
(181, 'B8', 10, '2025-01-10'),
(181, 'B9', 10, '2025-01-10'),
(181, 'C10', 10, '2025-01-10'),
(181, 'C2', 10, '2025-01-10'),
(181, 'C3', 10, '2025-01-10'),
(181, 'C4', 10, '2025-01-10'),
(181, 'C5', 10, '2025-01-10'),
(181, 'C6', 10, '2025-01-10'),
(181, 'D1', 10, '2025-01-10'),
(181, 'D10', 10, '2025-01-10'),
(181, 'D3', 10, '2025-01-10'),
(181, 'D4', 10, '2025-01-10'),
(181, 'D7', 10, '2025-01-10'),
(181, 'D8', 10, '2025-01-10'),
(181, 'D9', 10, '2025-01-10'),
(181, 'E1', 10, '2025-01-10'),
(181, 'E2', 10, '2025-01-10'),
(181, 'E3', 10, '2025-01-10'),
(181, 'E4', 10, '2025-01-10'),
(181, 'E5', 10, '2025-01-10'),
(181, 'E6', 10, '2025-01-10'),
(181, 'E9', 10, '2025-01-10'),
(181, 'F10', 10, '2025-01-10'),
(181, 'F2', 10, '2025-01-10'),
(181, 'F3', 10, '2025-01-10'),
(181, 'F4', 10, '2025-01-10'),
(181, 'F7', 10, '2025-01-10'),
(181, 'G1', 10, '2025-01-10'),
(181, 'G2', 10, '2025-01-10'),
(181, 'G4', 10, '2025-01-10'),
(181, 'G5', 10, '2025-01-10'),
(181, 'G6', 10, '2025-01-10'),
(181, 'G7', 10, '2025-01-10'),
(181, 'G8', 10, '2025-01-10'),
(181, 'G9', 10, '2025-01-10'),
(181, 'H10', 10, '2025-01-10'),
(181, 'H2', 10, '2025-01-10'),
(181, 'H3', 10, '2025-01-10'),
(181, 'H4', 10, '2025-01-10'),
(181, 'H6', 10, '2025-01-10'),
(181, 'H7', 10, '2025-01-10'),
(181, 'H9', 10, '2025-01-10'),
(181, 'I1', 10, '2025-01-10'),
(181, 'I5', 10, '2025-01-10'),
(181, 'I6', 10, '2025-01-10'),
(181, 'I8', 10, '2025-01-10'),
(181, 'J2', 10, '2025-01-10'),
(181, 'J3', 10, '2025-01-10'),
(182, 'A10', 10, '2025-01-10'),
(182, 'A3', 10, '2025-01-10'),
(182, 'A4', 10, '2025-01-10'),
(182, 'A9', 10, '2025-01-10'),
(182, 'B1', 10, '2025-01-10'),
(182, 'B2', 10, '2025-01-10'),
(182, 'B3', 10, '2025-01-10'),
(182, 'B4', 10, '2025-01-10'),
(182, 'B5', 10, '2025-01-10'),
(182, 'B7', 10, '2025-01-10'),
(182, 'B8', 10, '2025-01-10'),
(182, 'C10', 10, '2025-01-10'),
(182, 'C2', 10, '2025-01-10'),
(182, 'C3', 10, '2025-01-10'),
(182, 'C4', 10, '2025-01-10'),
(182, 'C5', 10, '2025-01-10'),
(182, 'C6', 10, '2025-01-10'),
(182, 'C7', 10, '2025-01-10'),
(182, 'C8', 10, '2025-01-10'),
(182, 'C9', 10, '2025-01-10'),
(182, 'D1', 10, '2025-01-10'),
(182, 'D2', 10, '2025-01-10'),
(182, 'D3', 10, '2025-01-10'),
(182, 'D4', 10, '2025-01-10'),
(182, 'D6', 10, '2025-01-10'),
(182, 'D7', 10, '2025-01-10'),
(182, 'D8', 10, '2025-01-10'),
(182, 'D9', 10, '2025-01-10'),
(182, 'E10', 10, '2025-01-10'),
(182, 'E2', 10, '2025-01-10'),
(182, 'E3', 10, '2025-01-10'),
(182, 'E4', 10, '2025-01-10'),
(182, 'E5', 10, '2025-01-10'),
(182, 'E6', 10, '2025-01-10'),
(182, 'E7', 10, '2025-01-10'),
(182, 'E8', 10, '2025-01-10'),
(182, 'E9', 10, '2025-01-10'),
(182, 'F1', 10, '2025-01-10'),
(182, 'F10', 10, '2025-01-10'),
(182, 'F2', 10, '2025-01-10'),
(182, 'F3', 10, '2025-01-10'),
(182, 'F4', 10, '2025-01-10'),
(182, 'F5', 10, '2025-01-10'),
(182, 'F6', 10, '2025-01-10'),
(182, 'F7', 10, '2025-01-10'),
(182, 'F9', 10, '2025-01-10'),
(182, 'G10', 10, '2025-01-10'),
(182, 'G3', 10, '2025-01-10'),
(182, 'G4', 10, '2025-01-10'),
(182, 'G5', 10, '2025-01-10'),
(182, 'G7', 10, '2025-01-10'),
(182, 'G9', 10, '2025-01-10'),
(182, 'H1', 10, '2025-01-10'),
(182, 'H10', 10, '2025-01-10'),
(182, 'H2', 10, '2025-01-10'),
(182, 'H3', 10, '2025-01-10'),
(182, 'H4', 10, '2025-01-10'),
(182, 'H5', 10, '2025-01-10'),
(182, 'H6', 10, '2025-01-10'),
(182, 'H7', 10, '2025-01-10'),
(182, 'H8', 10, '2025-01-10'),
(182, 'H9', 10, '2025-01-10'),
(182, 'I1', 10, '2025-01-10'),
(182, 'I10', 10, '2025-01-10'),
(182, 'I2', 10, '2025-01-10'),
(182, 'I4', 10, '2025-01-10'),
(182, 'I6', 10, '2025-01-10'),
(182, 'I7', 10, '2025-01-10'),
(182, 'I8', 10, '2025-01-10'),
(182, 'I9', 10, '2025-01-10'),
(182, 'J1', 10, '2025-01-10'),
(182, 'J2', 10, '2025-01-10'),
(182, 'J3', 10, '2025-01-10'),
(182, 'J4', 10, '2025-01-10'),
(182, 'J5', 10, '2025-01-10'),
(183, 'B1', 9, '2023-01-01'),
(183, 'B2', 9, '2023-01-01'),
(183, 'C5', 9, '2023-01-01'),
(183, 'C6', 9, '2023-01-01'),
(183, 'C7', 9, '2023-01-01'),
(183, 'C8', 9, '2023-01-01'),
(183, 'D10', 9, '2023-01-01'),
(183, 'D2', 9, '2023-01-01'),
(183, 'D4', 9, '2023-01-01'),
(183, 'D6', 9, '2023-01-01'),
(183, 'D7', 9, '2023-01-01'),
(183, 'D8', 9, '2023-01-01'),
(183, 'D9', 9, '2023-01-01'),
(183, 'E10', 9, '2023-01-01'),
(183, 'E2', 9, '2023-01-01'),
(183, 'E3', 9, '2023-01-01'),
(183, 'E4', 9, '2023-01-01'),
(183, 'E5', 9, '2023-01-01'),
(183, 'E7', 9, '2023-01-01'),
(183, 'E8', 9, '2023-01-01'),
(183, 'E9', 9, '2023-01-01'),
(183, 'F1', 9, '2023-01-01'),
(183, 'F10', 9, '2023-01-01'),
(183, 'F7', 9, '2023-01-01'),
(183, 'F8', 9, '2023-01-01'),
(183, 'F9', 9, '2023-01-01'),
(183, 'G2', 9, '2023-01-01'),
(183, 'G5', 9, '2023-01-01'),
(183, 'G7', 9, '2023-01-01'),
(183, 'G8', 9, '2023-01-01'),
(183, 'G9', 9, '2023-01-01'),
(183, 'H1', 9, '2023-01-01'),
(183, 'H4', 9, '2023-01-01'),
(183, 'H5', 9, '2023-01-01'),
(183, 'H9', 9, '2023-01-01'),
(183, 'I10', 9, '2023-01-01'),
(183, 'I2', 9, '2023-01-01'),
(183, 'I7', 9, '2023-01-01'),
(183, 'I9', 9, '2023-01-01'),
(183, 'J2', 9, '2023-01-01'),
(184, 'B2', 9, '2023-01-01'),
(184, 'B3', 9, '2023-01-01'),
(184, 'B4', 9, '2023-01-01'),
(184, 'B7', 9, '2023-01-01'),
(184, 'B9', 9, '2023-01-01'),
(184, 'C2', 9, '2023-01-01'),
(184, 'C6', 9, '2023-01-01'),
(184, 'C8', 9, '2023-01-01'),
(184, 'C9', 9, '2023-01-01'),
(184, 'D3', 9, '2023-01-01'),
(184, 'D7', 9, '2023-01-01'),
(184, 'D8', 9, '2023-01-01'),
(184, 'D9', 9, '2023-01-01'),
(184, 'E1', 9, '2023-01-01'),
(184, 'E2', 9, '2023-01-01'),
(184, 'E5', 9, '2023-01-01'),
(184, 'E6', 9, '2023-01-01'),
(184, 'E7', 9, '2023-01-01'),
(184, 'E9', 9, '2023-01-01'),
(184, 'F10', 9, '2023-01-01'),
(184, 'F3', 9, '2023-01-01'),
(184, 'F9', 9, '2023-01-01'),
(184, 'G10', 9, '2023-01-01'),
(184, 'G2', 9, '2023-01-01'),
(184, 'G4', 9, '2023-01-01'),
(184, 'G8', 9, '2023-01-01'),
(184, 'G9', 9, '2023-01-01'),
(184, 'H1', 9, '2023-01-01'),
(184, 'H2', 9, '2023-01-01'),
(184, 'H3', 9, '2023-01-01'),
(184, 'H4', 9, '2023-01-01'),
(184, 'H5', 9, '2023-01-01'),
(184, 'H7', 9, '2023-01-01'),
(184, 'H9', 9, '2023-01-01'),
(184, 'I6', 9, '2023-01-01'),
(184, 'I8', 9, '2023-01-01'),
(184, 'J1', 9, '2023-01-01'),
(184, 'J5', 9, '2023-01-01'),
(185, 'C4', 9, '2023-01-01'),
(185, 'C5', 9, '2023-01-01'),
(185, 'C6', 9, '2023-01-01'),
(185, 'C7', 9, '2023-01-01'),
(185, 'C8', 9, '2023-01-01'),
(185, 'D10', 9, '2023-01-01'),
(185, 'D2', 9, '2023-01-01'),
(185, 'D3', 9, '2023-01-01'),
(185, 'D6', 9, '2023-01-01'),
(185, 'D7', 9, '2023-01-01'),
(185, 'D8', 9, '2023-01-01'),
(185, 'E2', 9, '2023-01-01'),
(185, 'E3', 9, '2023-01-01'),
(185, 'E4', 9, '2023-01-01'),
(185, 'E6', 9, '2023-01-01'),
(185, 'E7', 9, '2023-01-01'),
(185, 'E8', 9, '2023-01-01'),
(185, 'F1', 9, '2023-01-01'),
(185, 'F10', 9, '2023-01-01'),
(185, 'F2', 9, '2023-01-01'),
(185, 'F3', 9, '2023-01-01'),
(185, 'F9', 9, '2023-01-01'),
(185, 'G1', 9, '2023-01-01'),
(185, 'G10', 9, '2023-01-01'),
(185, 'G2', 9, '2023-01-01'),
(185, 'G4', 9, '2023-01-01'),
(185, 'G5', 9, '2023-01-01'),
(185, 'G6', 9, '2023-01-01'),
(185, 'G7', 9, '2023-01-01'),
(185, 'G9', 9, '2023-01-01'),
(185, 'H3', 9, '2023-01-01'),
(185, 'H4', 9, '2023-01-01'),
(185, 'H5', 9, '2023-01-01'),
(185, 'H8', 9, '2023-01-01'),
(185, 'I2', 9, '2023-01-01'),
(185, 'J4', 9, '2023-01-01'),
(186, 'B2', 9, '2023-01-01'),
(186, 'B4', 9, '2023-01-01'),
(186, 'C1', 9, '2023-01-01'),
(186, 'C2', 9, '2023-01-01'),
(186, 'C3', 9, '2023-01-01'),
(186, 'C5', 9, '2023-01-01'),
(186, 'C8', 9, '2023-01-01'),
(186, 'D10', 9, '2023-01-01'),
(186, 'D2', 9, '2023-01-01'),
(186, 'D7', 9, '2023-01-01'),
(186, 'D8', 9, '2023-01-01'),
(186, 'E1', 9, '2023-01-01'),
(186, 'E2', 9, '2023-01-01'),
(186, 'E3', 9, '2023-01-01'),
(186, 'E4', 9, '2023-01-01'),
(186, 'E5', 9, '2023-01-01'),
(186, 'E9', 9, '2023-01-01'),
(186, 'F10', 9, '2023-01-01'),
(186, 'F3', 9, '2023-01-01'),
(186, 'F5', 9, '2023-01-01'),
(186, 'F6', 9, '2023-01-01'),
(186, 'F8', 9, '2023-01-01'),
(186, 'G1', 9, '2023-01-01'),
(186, 'G2', 9, '2023-01-01'),
(186, 'G4', 9, '2023-01-01'),
(186, 'G6', 9, '2023-01-01'),
(186, 'H10', 9, '2023-01-01'),
(186, 'H3', 9, '2023-01-01'),
(186, 'H5', 9, '2023-01-01'),
(186, 'H7', 9, '2023-01-01'),
(186, 'H8', 9, '2023-01-01'),
(186, 'H9', 9, '2023-01-01'),
(186, 'I1', 9, '2023-01-01'),
(186, 'J4', 9, '2023-01-01'),
(187, 'A6', 9, '2023-01-01'),
(187, 'B10', 9, '2023-01-01'),
(187, 'B5', 9, '2023-01-01'),
(187, 'B8', 9, '2023-01-01'),
(187, 'B9', 9, '2023-01-01'),
(187, 'C1', 9, '2023-01-01'),
(187, 'C4', 9, '2023-01-01'),
(187, 'C5', 9, '2023-01-01'),
(187, 'C6', 9, '2023-01-01'),
(187, 'C8', 9, '2023-01-01'),
(187, 'D10', 9, '2023-01-01'),
(187, 'D2', 9, '2023-01-01'),
(187, 'D3', 9, '2023-01-01'),
(187, 'D4', 9, '2023-01-01'),
(187, 'D7', 9, '2023-01-01'),
(187, 'D8', 9, '2023-01-01'),
(187, 'D9', 9, '2023-01-01'),
(187, 'E1', 9, '2023-01-01'),
(187, 'E4', 9, '2023-01-01'),
(187, 'E5', 9, '2023-01-01'),
(187, 'E6', 9, '2023-01-01'),
(187, 'E7', 9, '2023-01-01'),
(187, 'F1', 9, '2023-01-01'),
(187, 'F10', 9, '2023-01-01'),
(187, 'F2', 9, '2023-01-01'),
(187, 'F4', 9, '2023-01-01'),
(187, 'F8', 9, '2023-01-01'),
(187, 'G1', 9, '2023-01-01'),
(187, 'G10', 9, '2023-01-01'),
(187, 'G4', 9, '2023-01-01'),
(187, 'G5', 9, '2023-01-01'),
(187, 'G7', 9, '2023-01-01'),
(187, 'G9', 9, '2023-01-01'),
(187, 'H1', 9, '2023-01-01'),
(187, 'H2', 9, '2023-01-01'),
(187, 'H3', 9, '2023-01-01'),
(187, 'H5', 9, '2023-01-01'),
(187, 'H6', 9, '2023-01-01'),
(187, 'H7', 9, '2023-01-01'),
(187, 'H8', 9, '2023-01-01'),
(187, 'H9', 9, '2023-01-01'),
(187, 'I10', 9, '2023-01-01'),
(187, 'I6', 9, '2023-01-01'),
(187, 'I8', 9, '2023-01-01'),
(187, 'I9', 9, '2023-01-01'),
(188, 'B4', 9, '2023-01-01'),
(188, 'B7', 9, '2023-01-01'),
(188, 'C2', 9, '2023-01-01'),
(188, 'C3', 9, '2023-01-01'),
(188, 'C6', 9, '2023-01-01'),
(188, 'C7', 9, '2023-01-01'),
(188, 'C8', 9, '2023-01-01'),
(188, 'C9', 9, '2023-01-01'),
(188, 'D10', 9, '2023-01-01'),
(188, 'D3', 9, '2023-01-01'),
(188, 'D4', 9, '2023-01-01'),
(188, 'D7', 9, '2023-01-01'),
(188, 'E1', 9, '2023-01-01'),
(188, 'E2', 9, '2023-01-01'),
(188, 'E4', 9, '2023-01-01'),
(188, 'E5', 9, '2023-01-01'),
(188, 'E7', 9, '2023-01-01'),
(188, 'E8', 9, '2023-01-01'),
(188, 'E9', 9, '2023-01-01'),
(188, 'F10', 9, '2023-01-01'),
(188, 'F2', 9, '2023-01-01'),
(188, 'F6', 9, '2023-01-01'),
(188, 'F7', 9, '2023-01-01'),
(188, 'F8', 9, '2023-01-01'),
(188, 'G3', 9, '2023-01-01'),
(188, 'G4', 9, '2023-01-01'),
(188, 'G6', 9, '2023-01-01'),
(188, 'G7', 9, '2023-01-01'),
(188, 'G8', 9, '2023-01-01'),
(188, 'H10', 9, '2023-01-01'),
(188, 'H7', 9, '2023-01-01'),
(188, 'H8', 9, '2023-01-01'),
(188, 'H9', 9, '2023-01-01'),
(188, 'I10', 9, '2023-01-01'),
(188, 'I5', 9, '2023-01-01'),
(188, 'I8', 9, '2023-01-01'),
(188, 'J2', 9, '2023-01-01'),
(189, 'A10', 9, '2023-01-01'),
(189, 'B3', 9, '2023-01-01'),
(189, 'B4', 9, '2023-01-01'),
(189, 'B7', 9, '2023-01-01'),
(189, 'C10', 9, '2023-01-01'),
(189, 'C8', 9, '2023-01-01'),
(189, 'D1', 9, '2023-01-01'),
(189, 'D5', 9, '2023-01-01'),
(189, 'D6', 9, '2023-01-01'),
(189, 'D7', 9, '2023-01-01'),
(189, 'E10', 9, '2023-01-01'),
(189, 'E4', 9, '2023-01-01'),
(189, 'E9', 9, '2023-01-01'),
(189, 'F10', 9, '2023-01-01'),
(189, 'F3', 9, '2023-01-01'),
(189, 'F4', 9, '2023-01-01'),
(189, 'F7', 9, '2023-01-01'),
(189, 'F9', 9, '2023-01-01'),
(189, 'G4', 9, '2023-01-01'),
(189, 'G5', 9, '2023-01-01'),
(189, 'G7', 9, '2023-01-01'),
(189, 'H4', 9, '2023-01-01'),
(189, 'H5', 9, '2023-01-01'),
(189, 'H6', 9, '2023-01-01'),
(189, 'H8', 9, '2023-01-01'),
(189, 'I3', 9, '2023-01-01'),
(189, 'I7', 9, '2023-01-01'),
(189, 'I9', 9, '2023-01-01'),
(189, 'J4', 9, '2023-01-01'),
(232, 'A4', 9, '2023-01-01'),
(232, 'A6', 9, '2023-01-01'),
(232, 'B1', 9, '2023-01-01'),
(232, 'B7', 9, '2023-01-01'),
(232, 'B8', 9, '2023-01-01'),
(232, 'B9', 9, '2023-01-01'),
(232, 'C10', 9, '2023-01-01'),
(232, 'C2', 9, '2023-01-01'),
(232, 'C3', 9, '2023-01-01'),
(232, 'C4', 9, '2023-01-01'),
(232, 'C5', 9, '2023-01-01'),
(232, 'C7', 9, '2023-01-01'),
(232, 'C8', 9, '2023-01-01'),
(232, 'D1', 9, '2023-01-01'),
(232, 'D3', 9, '2023-01-01'),
(232, 'D6', 9, '2023-01-01'),
(232, 'D7', 9, '2023-01-01'),
(232, 'D8', 9, '2023-01-01'),
(232, 'E10', 9, '2023-01-01'),
(232, 'E2', 9, '2023-01-01'),
(232, 'E4', 9, '2023-01-01'),
(232, 'E5', 9, '2023-01-01'),
(232, 'E7', 9, '2023-01-01'),
(232, 'E8', 9, '2023-01-01'),
(232, 'E9', 9, '2023-01-01'),
(232, 'F1', 9, '2023-01-01'),
(232, 'F10', 9, '2023-01-01'),
(232, 'F2', 9, '2023-01-01'),
(232, 'F3', 9, '2023-01-01'),
(232, 'F4', 9, '2023-01-01'),
(232, 'F6', 9, '2023-01-01'),
(232, 'F7', 9, '2023-01-01'),
(232, 'G1', 9, '2023-01-01'),
(232, 'G3', 9, '2023-01-01'),
(232, 'G5', 9, '2023-01-01'),
(232, 'G7', 9, '2023-01-01'),
(232, 'G8', 9, '2023-01-01'),
(232, 'G9', 9, '2023-01-01'),
(232, 'H10', 9, '2023-01-01'),
(232, 'H2', 9, '2023-01-01'),
(232, 'H4', 9, '2023-01-01'),
(232, 'H6', 9, '2023-01-01'),
(232, 'I10', 9, '2023-01-01'),
(232, 'I8', 9, '2023-01-01'),
(232, 'I9', 9, '2023-01-01'),
(232, 'J4', 9, '2023-01-01'),
(233, 'A2', 9, '2023-01-01'),
(233, 'A3', 9, '2023-01-01'),
(233, 'A7', 9, '2023-01-01'),
(233, 'B1', 9, '2023-01-01'),
(233, 'B4', 9, '2023-01-01'),
(233, 'B9', 9, '2023-01-01'),
(233, 'C2', 9, '2023-01-01'),
(233, 'C7', 9, '2023-01-01'),
(233, 'C8', 9, '2023-01-01'),
(233, 'D10', 9, '2023-01-01'),
(233, 'D2', 9, '2023-01-01'),
(233, 'D3', 9, '2023-01-01'),
(233, 'D4', 9, '2023-01-01'),
(233, 'D7', 9, '2023-01-01'),
(233, 'D8', 9, '2023-01-01'),
(233, 'E10', 9, '2023-01-01'),
(233, 'E2', 9, '2023-01-01'),
(233, 'E4', 9, '2023-01-01'),
(233, 'E5', 9, '2023-01-01'),
(233, 'F1', 9, '2023-01-01'),
(233, 'F6', 9, '2023-01-01'),
(233, 'F9', 9, '2023-01-01'),
(233, 'G10', 9, '2023-01-01'),
(233, 'G2', 9, '2023-01-01'),
(233, 'G3', 9, '2023-01-01'),
(233, 'G4', 9, '2023-01-01'),
(233, 'G7', 9, '2023-01-01'),
(233, 'G8', 9, '2023-01-01'),
(233, 'H1', 9, '2023-01-01'),
(233, 'H4', 9, '2023-01-01'),
(233, 'H5', 9, '2023-01-01'),
(233, 'H6', 9, '2023-01-01'),
(233, 'I10', 9, '2023-01-01'),
(233, 'I3', 9, '2023-01-01'),
(233, 'I7', 9, '2023-01-01'),
(233, 'I9', 9, '2023-01-01'),
(233, 'J3', 9, '2023-01-01'),
(234, 'C1', 9, '2023-01-01'),
(234, 'C2', 9, '2023-01-01'),
(234, 'C3', 9, '2023-01-01'),
(234, 'C4', 9, '2023-01-01'),
(234, 'C8', 9, '2023-01-01'),
(234, 'C9', 9, '2023-01-01'),
(234, 'D1', 9, '2023-01-01'),
(234, 'D10', 9, '2023-01-01'),
(234, 'D3', 9, '2023-01-01'),
(234, 'D8', 9, '2023-01-01'),
(234, 'E10', 9, '2023-01-01'),
(234, 'E2', 9, '2023-01-01'),
(234, 'E4', 9, '2023-01-01'),
(234, 'E5', 9, '2023-01-01'),
(234, 'E7', 9, '2023-01-01'),
(234, 'E9', 9, '2023-01-01'),
(234, 'F10', 9, '2023-01-01'),
(234, 'F3', 9, '2023-01-01'),
(234, 'F4', 9, '2023-01-01'),
(234, 'F6', 9, '2023-01-01'),
(234, 'F7', 9, '2023-01-01'),
(234, 'F8', 9, '2023-01-01'),
(234, 'G1', 9, '2023-01-01'),
(234, 'G10', 9, '2023-01-01'),
(234, 'G2', 9, '2023-01-01'),
(234, 'G3', 9, '2023-01-01'),
(234, 'G4', 9, '2023-01-01'),
(234, 'G5', 9, '2023-01-01'),
(234, 'G6', 9, '2023-01-01'),
(234, 'G7', 9, '2023-01-01'),
(234, 'G8', 9, '2023-01-01'),
(234, 'G9', 9, '2023-01-01'),
(234, 'H4', 9, '2023-01-01'),
(234, 'H7', 9, '2023-01-01'),
(234, 'H8', 9, '2023-01-01'),
(234, 'H9', 9, '2023-01-01'),
(234, 'I10', 9, '2023-01-01'),
(234, 'I2', 9, '2023-01-01'),
(234, 'I4', 9, '2023-01-01'),
(234, 'I5', 9, '2023-01-01'),
(234, 'I6', 9, '2023-01-01'),
(234, 'I7', 9, '2023-01-01'),
(234, 'I9', 9, '2023-01-01'),
(234, 'J5', 9, '2023-01-01'),
(235, 'B1', 9, '2023-01-01'),
(235, 'B10', 9, '2023-01-01'),
(235, 'B3', 9, '2023-01-01'),
(235, 'B4', 9, '2023-01-01'),
(235, 'B7', 9, '2023-01-01'),
(235, 'C2', 9, '2023-01-01'),
(235, 'C5', 9, '2023-01-01'),
(235, 'C6', 9, '2023-01-01'),
(235, 'C7', 9, '2023-01-01'),
(235, 'C8', 9, '2023-01-01'),
(235, 'D10', 9, '2023-01-01'),
(235, 'D3', 9, '2023-01-01'),
(235, 'D4', 9, '2023-01-01'),
(235, 'D5', 9, '2023-01-01'),
(235, 'E1', 9, '2023-01-01'),
(235, 'E2', 9, '2023-01-01'),
(235, 'E6', 9, '2023-01-01'),
(235, 'E8', 9, '2023-01-01'),
(235, 'E9', 9, '2023-01-01'),
(235, 'F10', 9, '2023-01-01'),
(235, 'F2', 9, '2023-01-01'),
(235, 'F3', 9, '2023-01-01'),
(235, 'F4', 9, '2023-01-01'),
(235, 'F5', 9, '2023-01-01'),
(235, 'F7', 9, '2023-01-01'),
(235, 'F8', 9, '2023-01-01'),
(235, 'G3', 9, '2023-01-01'),
(235, 'G4', 9, '2023-01-01'),
(235, 'G7', 9, '2023-01-01'),
(235, 'G8', 9, '2023-01-01'),
(235, 'H1', 9, '2023-01-01'),
(235, 'H10', 9, '2023-01-01'),
(235, 'H2', 9, '2023-01-01'),
(235, 'H3', 9, '2023-01-01'),
(235, 'H6', 9, '2023-01-01'),
(235, 'H8', 9, '2023-01-01'),
(235, 'H9', 9, '2023-01-01'),
(235, 'I10', 9, '2023-01-01'),
(235, 'I2', 9, '2023-01-01'),
(235, 'I4', 9, '2023-01-01'),
(235, 'I6', 9, '2023-01-01'),
(235, 'I8', 9, '2023-01-01'),
(235, 'I9', 9, '2023-01-01'),
(235, 'J4', 9, '2023-01-01'),
(236, 'B3', 9, '2023-01-01'),
(236, 'C5', 9, '2023-01-01'),
(236, 'C9', 9, '2023-01-01'),
(236, 'D1', 9, '2023-01-01'),
(236, 'D10', 9, '2023-01-01'),
(236, 'D6', 9, '2023-01-01'),
(236, 'D8', 9, '2023-01-01'),
(236, 'E4', 9, '2023-01-01'),
(236, 'F10', 9, '2023-01-01'),
(236, 'F5', 9, '2023-01-01'),
(236, 'F8', 9, '2023-01-01'),
(236, 'G10', 9, '2023-01-01'),
(236, 'G2', 9, '2023-01-01'),
(236, 'G9', 9, '2023-01-01'),
(236, 'H1', 9, '2023-01-01'),
(236, 'H10', 9, '2023-01-01'),
(236, 'H2', 9, '2023-01-01'),
(236, 'H3', 9, '2023-01-01'),
(236, 'H6', 9, '2023-01-01'),
(236, 'H7', 9, '2023-01-01'),
(236, 'H8', 9, '2023-01-01'),
(236, 'H9', 9, '2023-01-01'),
(236, 'I2', 9, '2023-01-01'),
(236, 'I3', 9, '2023-01-01'),
(236, 'J2', 9, '2023-01-01'),
(236, 'J5', 9, '2023-01-01'),
(237, 'A1', 9, '2023-01-01'),
(237, 'B1', 9, '2023-01-01'),
(237, 'B10', 9, '2023-01-01'),
(237, 'B2', 9, '2023-01-01'),
(237, 'B4', 9, '2023-01-01'),
(237, 'B6', 9, '2023-01-01'),
(237, 'C2', 9, '2023-01-01'),
(237, 'C4', 9, '2023-01-01'),
(237, 'C5', 9, '2023-01-01'),
(237, 'C6', 9, '2023-01-01'),
(237, 'C7', 9, '2023-01-01'),
(237, 'C9', 9, '2023-01-01'),
(237, 'D4', 9, '2023-01-01'),
(237, 'D5', 9, '2023-01-01'),
(237, 'D7', 9, '2023-01-01'),
(237, 'E1', 9, '2023-01-01'),
(237, 'E10', 9, '2023-01-01'),
(237, 'E3', 9, '2023-01-01'),
(237, 'E6', 9, '2023-01-01'),
(237, 'E8', 9, '2023-01-01'),
(237, 'F10', 9, '2023-01-01'),
(237, 'F5', 9, '2023-01-01'),
(237, 'F6', 9, '2023-01-01'),
(237, 'G2', 9, '2023-01-01'),
(237, 'G4', 9, '2023-01-01'),
(237, 'G7', 9, '2023-01-01'),
(237, 'G9', 9, '2023-01-01'),
(237, 'H1', 9, '2023-01-01'),
(237, 'H10', 9, '2023-01-01'),
(237, 'H2', 9, '2023-01-01'),
(237, 'H3', 9, '2023-01-01'),
(237, 'H5', 9, '2023-01-01'),
(237, 'H6', 9, '2023-01-01'),
(237, 'H8', 9, '2023-01-01'),
(237, 'I1', 9, '2023-01-01'),
(237, 'I3', 9, '2023-01-01'),
(237, 'I5', 9, '2023-01-01'),
(237, 'I6', 9, '2023-01-01'),
(237, 'I9', 9, '2023-01-01'),
(237, 'J4', 9, '2023-01-01'),
(237, 'J5', 9, '2023-01-01'),
(238, 'A1', 9, '2023-01-01'),
(238, 'A10', 9, '2023-01-01'),
(238, 'A6', 9, '2023-01-01'),
(238, 'B10', 9, '2023-01-01'),
(238, 'B3', 9, '2023-01-01'),
(238, 'B7', 9, '2023-01-01'),
(238, 'B8', 9, '2023-01-01'),
(238, 'B9', 9, '2023-01-01'),
(238, 'C1', 9, '2023-01-01'),
(238, 'C10', 9, '2023-01-01'),
(238, 'C2', 9, '2023-01-01'),
(238, 'C6', 9, '2023-01-01'),
(238, 'C8', 9, '2023-01-01'),
(238, 'C9', 9, '2023-01-01'),
(238, 'D10', 9, '2023-01-01'),
(238, 'D2', 9, '2023-01-01'),
(238, 'D3', 9, '2023-01-01'),
(238, 'D5', 9, '2023-01-01'),
(238, 'D6', 9, '2023-01-01'),
(238, 'D7', 9, '2023-01-01'),
(238, 'D8', 9, '2023-01-01'),
(238, 'D9', 9, '2023-01-01'),
(238, 'E10', 9, '2023-01-01'),
(238, 'E3', 9, '2023-01-01'),
(238, 'E4', 9, '2023-01-01'),
(238, 'E8', 9, '2023-01-01'),
(238, 'E9', 9, '2023-01-01'),
(238, 'F2', 9, '2023-01-01'),
(238, 'F6', 9, '2023-01-01'),
(238, 'G1', 9, '2023-01-01'),
(238, 'G3', 9, '2023-01-01'),
(238, 'G5', 9, '2023-01-01'),
(238, 'G7', 9, '2023-01-01'),
(238, 'G8', 9, '2023-01-01'),
(238, 'G9', 9, '2023-01-01'),
(238, 'H10', 9, '2023-01-01'),
(238, 'H4', 9, '2023-01-01'),
(238, 'H5', 9, '2023-01-01'),
(238, 'I3', 9, '2023-01-01'),
(238, 'I5', 9, '2023-01-01'),
(238, 'I8', 9, '2023-01-01'),
(238, 'I9', 9, '2023-01-01'),
(238, 'J2', 9, '2023-01-01'),
(239, 'A1', 9, '2023-01-01'),
(239, 'B4', 9, '2023-01-01'),
(239, 'B6', 9, '2023-01-01'),
(239, 'C2', 9, '2023-01-01'),
(239, 'C4', 9, '2023-01-01'),
(239, 'C5', 9, '2023-01-01'),
(239, 'C8', 9, '2023-01-01'),
(239, 'C9', 9, '2023-01-01'),
(239, 'D10', 9, '2023-01-01'),
(239, 'D3', 9, '2023-01-01'),
(239, 'D4', 9, '2023-01-01'),
(239, 'D5', 9, '2023-01-01'),
(239, 'D7', 9, '2023-01-01'),
(239, 'D8', 9, '2023-01-01'),
(239, 'E1', 9, '2023-01-01'),
(239, 'E4', 9, '2023-01-01'),
(239, 'E5', 9, '2023-01-01'),
(239, 'E6', 9, '2023-01-01'),
(239, 'E7', 9, '2023-01-01'),
(239, 'E8', 9, '2023-01-01'),
(239, 'F1', 9, '2023-01-01'),
(239, 'F10', 9, '2023-01-01'),
(239, 'F3', 9, '2023-01-01'),
(239, 'F6', 9, '2023-01-01'),
(239, 'F7', 9, '2023-01-01'),
(239, 'F8', 9, '2023-01-01'),
(239, 'F9', 9, '2023-01-01'),
(239, 'G1', 9, '2023-01-01'),
(239, 'G3', 9, '2023-01-01'),
(239, 'G4', 9, '2023-01-01'),
(239, 'G6', 9, '2023-01-01'),
(239, 'H10', 9, '2023-01-01'),
(239, 'H2', 9, '2023-01-01'),
(239, 'H7', 9, '2023-01-01'),
(239, 'I8', 9, '2023-01-01'),
(239, 'I9', 9, '2023-01-01'),
(240, 'B4', 9, '2023-01-01'),
(240, 'B8', 9, '2023-01-01'),
(240, 'C1', 9, '2023-01-01'),
(240, 'C2', 9, '2023-01-01'),
(240, 'C3', 9, '2023-01-01'),
(240, 'C8', 9, '2023-01-01'),
(240, 'C9', 9, '2023-01-01'),
(240, 'D2', 9, '2023-01-01'),
(240, 'D3', 9, '2023-01-01'),
(240, 'D4', 9, '2023-01-01'),
(240, 'D5', 9, '2023-01-01'),
(240, 'D6', 9, '2023-01-01'),
(240, 'D7', 9, '2023-01-01'),
(240, 'E7', 9, '2023-01-01'),
(240, 'E8', 9, '2023-01-01'),
(240, 'F10', 9, '2023-01-01'),
(240, 'F2', 9, '2023-01-01'),
(240, 'F3', 9, '2023-01-01'),
(240, 'F4', 9, '2023-01-01'),
(240, 'F8', 9, '2023-01-01'),
(240, 'G2', 9, '2023-01-01'),
(240, 'G9', 9, '2023-01-01'),
(240, 'H3', 9, '2023-01-01'),
(240, 'H5', 9, '2023-01-01'),
(240, 'H6', 9, '2023-01-01'),
(240, 'I4', 9, '2023-01-01'),
(240, 'I7', 9, '2023-01-01'),
(240, 'I9', 9, '2023-01-01'),
(240, 'J3', 9, '2023-01-01'),
(241, 'B2', 9, '2023-01-01'),
(241, 'B7', 9, '2023-01-01'),
(241, 'C10', 9, '2023-01-01'),
(241, 'C4', 9, '2023-01-01'),
(241, 'C6', 9, '2023-01-01'),
(241, 'C8', 9, '2023-01-01'),
(241, 'C9', 9, '2023-01-01'),
(241, 'D2', 9, '2023-01-01'),
(241, 'E1', 9, '2023-01-01'),
(241, 'E10', 9, '2023-01-01'),
(241, 'E3', 9, '2023-01-01'),
(241, 'E6', 9, '2023-01-01'),
(241, 'F5', 9, '2023-01-01'),
(241, 'G1', 9, '2023-01-01'),
(241, 'G4', 9, '2023-01-01'),
(241, 'G7', 9, '2023-01-01'),
(241, 'G9', 9, '2023-01-01'),
(241, 'H2', 9, '2023-01-01'),
(241, 'H5', 9, '2023-01-01'),
(241, 'I10', 9, '2023-01-01'),
(241, 'I3', 9, '2023-01-01'),
(241, 'J4', 9, '2023-01-01'),
(242, 'B4', 9, '2023-01-01'),
(242, 'C3', 9, '2023-01-01'),
(242, 'C6', 9, '2023-01-01'),
(242, 'D10', 9, '2023-01-01'),
(242, 'D2', 9, '2023-01-01'),
(242, 'D3', 9, '2023-01-01'),
(242, 'D5', 9, '2023-01-01'),
(242, 'D7', 9, '2023-01-01'),
(242, 'D8', 9, '2023-01-01'),
(242, 'E4', 9, '2023-01-01'),
(242, 'E8', 9, '2023-01-01'),
(242, 'E9', 9, '2023-01-01'),
(242, 'F2', 9, '2023-01-01'),
(242, 'F3', 9, '2023-01-01'),
(242, 'F5', 9, '2023-01-01'),
(242, 'F6', 9, '2023-01-01'),
(242, 'F7', 9, '2023-01-01'),
(242, 'G10', 9, '2023-01-01'),
(242, 'G3', 9, '2023-01-01'),
(242, 'G7', 9, '2023-01-01'),
(242, 'G8', 9, '2023-01-01'),
(242, 'G9', 9, '2023-01-01'),
(242, 'H10', 9, '2023-01-01'),
(242, 'H6', 9, '2023-01-01'),
(242, 'H8', 9, '2023-01-01'),
(242, 'H9', 9, '2023-01-01'),
(242, 'I2', 9, '2023-01-01'),
(242, 'I4', 9, '2023-01-01'),
(242, 'I5', 9, '2023-01-01'),
(242, 'J1', 9, '2023-01-01'),
(243, 'A6', 9, '2023-01-01'),
(243, 'B1', 9, '2023-01-01'),
(243, 'B10', 9, '2023-01-01'),
(243, 'B3', 9, '2023-01-01'),
(243, 'B5', 9, '2023-01-01'),
(243, 'B6', 9, '2023-01-01'),
(243, 'B7', 9, '2023-01-01'),
(243, 'B9', 9, '2023-01-01'),
(243, 'C6', 9, '2023-01-01'),
(243, 'C7', 9, '2023-01-01'),
(243, 'C9', 9, '2023-01-01'),
(243, 'D10', 9, '2023-01-01'),
(243, 'D2', 9, '2023-01-01'),
(243, 'D3', 9, '2023-01-01'),
(243, 'D4', 9, '2023-01-01'),
(243, 'D8', 9, '2023-01-01'),
(243, 'E1', 9, '2023-01-01'),
(243, 'E2', 9, '2023-01-01'),
(243, 'E6', 9, '2023-01-01'),
(243, 'E7', 9, '2023-01-01'),
(243, 'E8', 9, '2023-01-01'),
(243, 'F10', 9, '2023-01-01'),
(243, 'F3', 9, '2023-01-01'),
(243, 'F5', 9, '2023-01-01'),
(243, 'G1', 9, '2023-01-01'),
(243, 'G2', 9, '2023-01-01'),
(243, 'G5', 9, '2023-01-01'),
(243, 'G7', 9, '2023-01-01'),
(243, 'G8', 9, '2023-01-01'),
(243, 'H3', 9, '2023-01-01'),
(243, 'H5', 9, '2023-01-01'),
(243, 'H6', 9, '2023-01-01'),
(243, 'H7', 9, '2023-01-01'),
(243, 'H9', 9, '2023-01-01'),
(243, 'I2', 9, '2023-01-01'),
(243, 'I4', 9, '2023-01-01'),
(243, 'I8', 9, '2023-01-01'),
(243, 'J2', 9, '2023-01-01'),
(243, 'J4', 9, '2023-01-01'),
(244, 'B3', 9, '2023-01-01'),
(244, 'B4', 9, '2023-01-01'),
(244, 'C10', 9, '2023-01-01'),
(244, 'C6', 9, '2023-01-01'),
(244, 'C7', 9, '2023-01-01'),
(244, 'C8', 9, '2023-01-01'),
(244, 'C9', 9, '2023-01-01'),
(244, 'D1', 9, '2023-01-01'),
(244, 'D2', 9, '2023-01-01'),
(244, 'D3', 9, '2023-01-01'),
(244, 'D4', 9, '2023-01-01'),
(244, 'D7', 9, '2023-01-01'),
(244, 'D9', 9, '2023-01-01'),
(244, 'E1', 9, '2023-01-01'),
(244, 'E2', 9, '2023-01-01'),
(244, 'E4', 9, '2023-01-01'),
(244, 'E5', 9, '2023-01-01'),
(244, 'E8', 9, '2023-01-01'),
(244, 'F10', 9, '2023-01-01'),
(244, 'F2', 9, '2023-01-01'),
(244, 'F4', 9, '2023-01-01'),
(244, 'F5', 9, '2023-01-01'),
(244, 'F6', 9, '2023-01-01'),
(244, 'F7', 9, '2023-01-01'),
(244, 'F8', 9, '2023-01-01'),
(244, 'F9', 9, '2023-01-01'),
(244, 'G1', 9, '2023-01-01'),
(244, 'G4', 9, '2023-01-01'),
(244, 'G9', 9, '2023-01-01'),
(244, 'H3', 9, '2023-01-01'),
(244, 'H5', 9, '2023-01-01'),
(244, 'H7', 9, '2023-01-01'),
(244, 'H9', 9, '2023-01-01'),
(244, 'I2', 9, '2023-01-01'),
(244, 'I5', 9, '2023-01-01'),
(244, 'I9', 9, '2023-01-01'),
(245, 'B1', 9, '2023-01-01'),
(245, 'B10', 9, '2023-01-01'),
(245, 'B3', 9, '2023-01-01'),
(245, 'B4', 9, '2023-01-01'),
(245, 'B6', 9, '2023-01-01'),
(245, 'C2', 9, '2023-01-01'),
(245, 'C3', 9, '2023-01-01'),
(245, 'C7', 9, '2023-01-01'),
(245, 'C8', 9, '2023-01-01'),
(245, 'D10', 9, '2023-01-01'),
(245, 'D2', 9, '2023-01-01'),
(245, 'D5', 9, '2023-01-01'),
(245, 'D9', 9, '2023-01-01'),
(245, 'E1', 9, '2023-01-01'),
(245, 'E3', 9, '2023-01-01'),
(245, 'E4', 9, '2023-01-01'),
(245, 'E6', 9, '2023-01-01'),
(245, 'F10', 9, '2023-01-01'),
(245, 'F2', 9, '2023-01-01'),
(245, 'F3', 9, '2023-01-01'),
(245, 'F5', 9, '2023-01-01'),
(245, 'F8', 9, '2023-01-01'),
(245, 'G3', 9, '2023-01-01'),
(245, 'G4', 9, '2023-01-01'),
(245, 'G5', 9, '2023-01-01'),
(245, 'G6', 9, '2023-01-01'),
(245, 'G7', 9, '2023-01-01'),
(245, 'H1', 9, '2023-01-01'),
(245, 'H2', 9, '2023-01-01'),
(245, 'H4', 9, '2023-01-01'),
(245, 'H7', 9, '2023-01-01'),
(245, 'I5', 9, '2023-01-01'),
(245, 'I6', 9, '2023-01-01'),
(245, 'I7', 9, '2023-01-01'),
(245, 'I8', 9, '2023-01-01'),
(245, 'J2', 9, '2023-01-01'),
(245, 'J4', 9, '2023-01-01'),
(246, 'B10', 9, '2023-01-01'),
(246, 'B3', 9, '2023-01-01'),
(246, 'B5', 9, '2023-01-01'),
(246, 'B7', 9, '2023-01-01'),
(246, 'B8', 9, '2023-01-01'),
(246, 'B9', 9, '2023-01-01'),
(246, 'C1', 9, '2023-01-01'),
(246, 'C10', 9, '2023-01-01'),
(246, 'C4', 9, '2023-01-01'),
(246, 'C6', 9, '2023-01-01'),
(246, 'C8', 9, '2023-01-01'),
(246, 'D2', 9, '2023-01-01'),
(246, 'D3', 9, '2023-01-01'),
(246, 'D4', 9, '2023-01-01'),
(246, 'D5', 9, '2023-01-01'),
(246, 'D9', 9, '2023-01-01'),
(246, 'E10', 9, '2023-01-01'),
(246, 'E6', 9, '2023-01-01'),
(246, 'E7', 9, '2023-01-01'),
(246, 'E8', 9, '2023-01-01'),
(246, 'E9', 9, '2023-01-01'),
(246, 'F4', 9, '2023-01-01'),
(246, 'F6', 9, '2023-01-01'),
(246, 'F7', 9, '2023-01-01'),
(246, 'F8', 9, '2023-01-01'),
(246, 'G1', 9, '2023-01-01'),
(246, 'G10', 9, '2023-01-01'),
(246, 'G2', 9, '2023-01-01'),
(246, 'G3', 9, '2023-01-01'),
(246, 'G6', 9, '2023-01-01'),
(246, 'H4', 9, '2023-01-01'),
(246, 'H5', 9, '2023-01-01'),
(246, 'H7', 9, '2023-01-01'),
(246, 'H9', 9, '2023-01-01'),
(246, 'I10', 9, '2023-01-01'),
(246, 'I5', 9, '2023-01-01'),
(246, 'I7', 9, '2023-01-01'),
(247, 'B5', 9, '2023-01-01'),
(247, 'C10', 9, '2023-01-01'),
(247, 'C2', 9, '2023-01-01'),
(247, 'C4', 9, '2023-01-01'),
(247, 'C7', 9, '2023-01-01'),
(247, 'C9', 9, '2023-01-01'),
(247, 'D1', 9, '2023-01-01'),
(247, 'D10', 9, '2023-01-01'),
(247, 'D4', 9, '2023-01-01'),
(247, 'D8', 9, '2023-01-01'),
(247, 'E1', 9, '2023-01-01'),
(247, 'E2', 9, '2023-01-01'),
(247, 'E4', 9, '2023-01-01'),
(247, 'E5', 9, '2023-01-01'),
(247, 'E7', 9, '2023-01-01'),
(247, 'E9', 9, '2023-01-01'),
(247, 'F10', 9, '2023-01-01'),
(247, 'F2', 9, '2023-01-01'),
(247, 'F3', 9, '2023-01-01'),
(247, 'F4', 9, '2023-01-01'),
(247, 'F9', 9, '2023-01-01'),
(247, 'G1', 9, '2023-01-01'),
(247, 'G10', 9, '2023-01-01'),
(247, 'G2', 9, '2023-01-01'),
(247, 'G5', 9, '2023-01-01'),
(247, 'G7', 9, '2023-01-01'),
(247, 'G8', 9, '2023-01-01'),
(247, 'H3', 9, '2023-01-01'),
(247, 'H9', 9, '2023-01-01'),
(247, 'I6', 9, '2023-01-01'),
(247, 'I8', 9, '2023-01-01'),
(247, 'J3', 9, '2023-01-01'),
(248, 'A2', 9, '2023-01-01'),
(248, 'A4', 9, '2023-01-01'),
(248, 'B10', 9, '2023-01-01'),
(248, 'B6', 9, '2023-01-01'),
(248, 'B8', 9, '2023-01-01'),
(248, 'C2', 9, '2023-01-01'),
(248, 'C4', 9, '2023-01-01'),
(248, 'C7', 9, '2023-01-01'),
(248, 'C9', 9, '2023-01-01'),
(248, 'D1', 9, '2023-01-01'),
(248, 'D3', 9, '2023-01-01'),
(248, 'D5', 9, '2023-01-01'),
(248, 'D7', 9, '2023-01-01'),
(248, 'D9', 9, '2023-01-01'),
(248, 'E5', 9, '2023-01-01'),
(248, 'E7', 9, '2023-01-01'),
(248, 'E9', 9, '2023-01-01'),
(248, 'F1', 9, '2023-01-01'),
(248, 'F10', 9, '2023-01-01'),
(248, 'G10', 9, '2023-01-01'),
(248, 'G2', 9, '2023-01-01'),
(248, 'G3', 9, '2023-01-01'),
(248, 'G4', 9, '2023-01-01'),
(248, 'G9', 9, '2023-01-01'),
(248, 'H10', 9, '2023-01-01'),
(248, 'H2', 9, '2023-01-01'),
(248, 'H3', 9, '2023-01-01'),
(248, 'H5', 9, '2023-01-01'),
(248, 'H8', 9, '2023-01-01'),
(248, 'H9', 9, '2023-01-01'),
(248, 'I4', 9, '2023-01-01'),
(249, 'B10', 9, '2023-01-01'),
(249, 'B3', 9, '2023-01-01'),
(249, 'B4', 9, '2023-01-01'),
(249, 'B8', 9, '2023-01-01'),
(249, 'B9', 9, '2023-01-01'),
(249, 'C2', 9, '2023-01-01'),
(249, 'C5', 9, '2023-01-01'),
(249, 'C7', 9, '2023-01-01'),
(249, 'C9', 9, '2023-01-01'),
(249, 'D1', 9, '2023-01-01'),
(249, 'D10', 9, '2023-01-01'),
(249, 'D3', 9, '2023-01-01'),
(249, 'D4', 9, '2023-01-01'),
(249, 'D6', 9, '2023-01-01'),
(249, 'D8', 9, '2023-01-01'),
(249, 'D9', 9, '2023-01-01'),
(249, 'E5', 9, '2023-01-01'),
(249, 'F10', 9, '2023-01-01'),
(249, 'F4', 9, '2023-01-01'),
(249, 'F6', 9, '2023-01-01'),
(249, 'F7', 9, '2023-01-01'),
(249, 'F9', 9, '2023-01-01'),
(249, 'G10', 9, '2023-01-01'),
(249, 'G2', 9, '2023-01-01'),
(249, 'G8', 9, '2023-01-01'),
(249, 'H1', 9, '2023-01-01'),
(249, 'H10', 9, '2023-01-01'),
(249, 'H4', 9, '2023-01-01'),
(249, 'H6', 9, '2023-01-01'),
(249, 'H9', 9, '2023-01-01'),
(249, 'I10', 9, '2023-01-01'),
(249, 'I3', 9, '2023-01-01'),
(249, 'I5', 9, '2023-01-01'),
(249, 'I7', 9, '2023-01-01'),
(249, 'I9', 9, '2023-01-01'),
(249, 'J2', 9, '2023-01-01'),
(250, 'B1', 9, '2023-01-01'),
(250, 'B10', 9, '2023-01-01'),
(250, 'B2', 9, '2023-01-01'),
(250, 'B5', 9, '2023-01-01'),
(250, 'B8', 9, '2023-01-01'),
(250, 'B9', 9, '2023-01-01'),
(250, 'C10', 9, '2023-01-01'),
(250, 'C3', 9, '2023-01-01'),
(250, 'C5', 9, '2023-01-01'),
(250, 'C6', 9, '2023-01-01'),
(250, 'C7', 9, '2023-01-01'),
(250, 'D3', 9, '2023-01-01'),
(250, 'D4', 9, '2023-01-01'),
(250, 'D8', 9, '2023-01-01'),
(250, 'E10', 9, '2023-01-01'),
(250, 'E3', 9, '2023-01-01'),
(250, 'E5', 9, '2023-01-01'),
(250, 'E6', 9, '2023-01-01'),
(250, 'E7', 9, '2023-01-01'),
(250, 'F1', 9, '2023-01-01'),
(250, 'F2', 9, '2023-01-01'),
(250, 'F9', 9, '2023-01-01'),
(250, 'G4', 9, '2023-01-01'),
(250, 'G7', 9, '2023-01-01'),
(250, 'H10', 9, '2023-01-01'),
(250, 'H3', 9, '2023-01-01'),
(250, 'H5', 9, '2023-01-01'),
(250, 'H6', 9, '2023-01-01'),
(250, 'H8', 9, '2023-01-01'),
(250, 'H9', 9, '2023-01-01'),
(250, 'I1', 9, '2023-01-01'),
(250, 'I2', 9, '2023-01-01'),
(250, 'I9', 9, '2023-01-01'),
(251, 'A8', 9, '2023-01-01'),
(251, 'B1', 9, '2023-01-01'),
(251, 'B10', 9, '2023-01-01'),
(251, 'B3', 9, '2023-01-01'),
(251, 'B7', 9, '2023-01-01'),
(251, 'C10', 9, '2023-01-01'),
(251, 'C5', 9, '2023-01-01'),
(251, 'C6', 9, '2023-01-01'),
(251, 'C8', 9, '2023-01-01'),
(251, 'C9', 9, '2023-01-01'),
(251, 'D2', 9, '2023-01-01'),
(251, 'D3', 9, '2023-01-01'),
(251, 'D4', 9, '2023-01-01'),
(251, 'D6', 9, '2023-01-01'),
(251, 'D7', 9, '2023-01-01'),
(251, 'E1', 9, '2023-01-01'),
(251, 'E10', 9, '2023-01-01'),
(251, 'E4', 9, '2023-01-01'),
(251, 'E5', 9, '2023-01-01'),
(251, 'E8', 9, '2023-01-01'),
(251, 'F4', 9, '2023-01-01'),
(251, 'F6', 9, '2023-01-01'),
(251, 'F7', 9, '2023-01-01'),
(251, 'F9', 9, '2023-01-01'),
(251, 'G10', 9, '2023-01-01'),
(251, 'G2', 9, '2023-01-01'),
(251, 'G3', 9, '2023-01-01'),
(251, 'G5', 9, '2023-01-01'),
(251, 'G8', 9, '2023-01-01'),
(251, 'H10', 9, '2023-01-01'),
(251, 'H4', 9, '2023-01-01'),
(251, 'H7', 9, '2023-01-01'),
(251, 'I1', 9, '2023-01-01'),
(251, 'I10', 9, '2023-01-01'),
(251, 'I6', 9, '2023-01-01'),
(251, 'I8', 9, '2023-01-01'),
(251, 'I9', 9, '2023-01-01'),
(251, 'J3', 9, '2023-01-01'),
(251, 'J5', 9, '2023-01-01'),
(252, 'A7', 9, '2023-01-01'),
(252, 'B2', 9, '2023-01-01'),
(252, 'B5', 9, '2023-01-01'),
(252, 'C1', 9, '2023-01-01'),
(252, 'C6', 9, '2023-01-01'),
(252, 'C8', 9, '2023-01-01'),
(252, 'C9', 9, '2023-01-01'),
(252, 'D2', 9, '2023-01-01'),
(252, 'D3', 9, '2023-01-01'),
(252, 'D4', 9, '2023-01-01'),
(252, 'E10', 9, '2023-01-01'),
(252, 'E5', 9, '2023-01-01'),
(252, 'E8', 9, '2023-01-01'),
(252, 'E9', 9, '2023-01-01'),
(252, 'F4', 9, '2023-01-01'),
(252, 'F6', 9, '2023-01-01'),
(252, 'F7', 9, '2023-01-01'),
(252, 'F8', 9, '2023-01-01'),
(252, 'G1', 9, '2023-01-01'),
(252, 'G10', 9, '2023-01-01'),
(252, 'H4', 9, '2023-01-01'),
(252, 'H6', 9, '2023-01-01'),
(252, 'H8', 9, '2023-01-01'),
(252, 'H9', 9, '2023-01-01'),
(252, 'I1', 9, '2023-01-01'),
(252, 'I3', 9, '2023-01-01'),
(252, 'I7', 9, '2023-01-01'),
(252, 'I8', 9, '2023-01-01'),
(252, 'J5', 9, '2023-01-01'),
(295, 'A10', 9, '2023-01-01'),
(295, 'A5', 9, '2023-01-01'),
(295, 'B10', 9, '2023-01-01'),
(295, 'B2', 9, '2023-01-01'),
(295, 'B4', 9, '2023-01-01'),
(295, 'B6', 9, '2023-01-01'),
(295, 'B7', 9, '2023-01-01'),
(295, 'B8', 9, '2023-01-01'),
(295, 'C7', 9, '2023-01-01'),
(295, 'C8', 9, '2023-01-01'),
(295, 'C9', 9, '2023-01-01'),
(295, 'D1', 9, '2023-01-01'),
(295, 'D3', 9, '2023-01-01'),
(295, 'D5', 9, '2023-01-01'),
(295, 'D8', 9, '2023-01-01'),
(295, 'E10', 9, '2023-01-01'),
(295, 'E2', 9, '2023-01-01'),
(295, 'E5', 9, '2023-01-01'),
(295, 'E6', 9, '2023-01-01'),
(295, 'E7', 9, '2023-01-01'),
(295, 'E9', 9, '2023-01-01'),
(295, 'F3', 9, '2023-01-01'),
(295, 'F4', 9, '2023-01-01'),
(295, 'F5', 9, '2023-01-01'),
(295, 'F7', 9, '2023-01-01'),
(295, 'F8', 9, '2023-01-01'),
(295, 'G10', 9, '2023-01-01'),
(295, 'G4', 9, '2023-01-01'),
(295, 'G5', 9, '2023-01-01'),
(295, 'G9', 9, '2023-01-01'),
(295, 'H1', 9, '2023-01-01'),
(295, 'H10', 9, '2023-01-01'),
(295, 'H2', 9, '2023-01-01'),
(295, 'H5', 9, '2023-01-01'),
(295, 'H6', 9, '2023-01-01'),
(295, 'H7', 9, '2023-01-01'),
(295, 'H8', 9, '2023-01-01'),
(295, 'I4', 9, '2023-01-01'),
(295, 'I9', 9, '2023-01-01'),
(295, 'J5', 9, '2023-01-01'),
(296, 'B1', 9, '2023-01-01'),
(296, 'B10', 9, '2023-01-01'),
(296, 'B2', 9, '2023-01-01'),
(296, 'B4', 9, '2023-01-01'),
(296, 'B6', 9, '2023-01-01'),
(296, 'B9', 9, '2023-01-01'),
(296, 'C5', 9, '2023-01-01'),
(296, 'C7', 9, '2023-01-01'),
(296, 'C8', 9, '2023-01-01'),
(296, 'D1', 9, '2023-01-01'),
(296, 'D3', 9, '2023-01-01'),
(296, 'D4', 9, '2023-01-01'),
(296, 'D6', 9, '2023-01-01'),
(296, 'D9', 9, '2023-01-01'),
(296, 'E1', 9, '2023-01-01'),
(296, 'E10', 9, '2023-01-01'),
(296, 'E3', 9, '2023-01-01'),
(296, 'E5', 9, '2023-01-01'),
(296, 'E7', 9, '2023-01-01'),
(296, 'F2', 9, '2023-01-01'),
(296, 'F4', 9, '2023-01-01'),
(296, 'F6', 9, '2023-01-01'),
(296, 'F8', 9, '2023-01-01'),
(296, 'F9', 9, '2023-01-01'),
(296, 'G10', 9, '2023-01-01'),
(296, 'G4', 9, '2023-01-01'),
(296, 'G7', 9, '2023-01-01'),
(296, 'G9', 9, '2023-01-01'),
(296, 'H10', 9, '2023-01-01'),
(296, 'H3', 9, '2023-01-01'),
(296, 'H5', 9, '2023-01-01'),
(296, 'H7', 9, '2023-01-01'),
(296, 'H8', 9, '2023-01-01'),
(296, 'H9', 9, '2023-01-01'),
(296, 'I1', 9, '2023-01-01'),
(296, 'I10', 9, '2023-01-01'),
(296, 'I2', 9, '2023-01-01'),
(296, 'I4', 9, '2023-01-01'),
(296, 'I6', 9, '2023-01-01'),
(296, 'J5', 9, '2023-01-01'),
(297, 'A2', 9, '2023-01-01'),
(297, 'B3', 9, '2023-01-01'),
(297, 'B4', 9, '2023-01-01'),
(297, 'B6', 9, '2023-01-01'),
(297, 'B7', 9, '2023-01-01'),
(297, 'B9', 9, '2023-01-01'),
(297, 'C1', 9, '2023-01-01'),
(297, 'C10', 9, '2023-01-01'),
(297, 'C2', 9, '2023-01-01'),
(297, 'C5', 9, '2023-01-01'),
(297, 'C7', 9, '2023-01-01'),
(297, 'C8', 9, '2023-01-01'),
(297, 'C9', 9, '2023-01-01'),
(297, 'D3', 9, '2023-01-01'),
(297, 'D6', 9, '2023-01-01'),
(297, 'D9', 9, '2023-01-01'),
(297, 'E1', 9, '2023-01-01'),
(297, 'E2', 9, '2023-01-01'),
(297, 'E4', 9, '2023-01-01'),
(297, 'E7', 9, '2023-01-01'),
(297, 'F10', 9, '2023-01-01'),
(297, 'F2', 9, '2023-01-01'),
(297, 'F4', 9, '2023-01-01'),
(297, 'F7', 9, '2023-01-01'),
(297, 'F8', 9, '2023-01-01'),
(297, 'G1', 9, '2023-01-01'),
(297, 'G5', 9, '2023-01-01'),
(297, 'G6', 9, '2023-01-01'),
(297, 'G8', 9, '2023-01-01'),
(297, 'G9', 9, '2023-01-01'),
(297, 'H10', 9, '2023-01-01'),
(297, 'H2', 9, '2023-01-01'),
(297, 'H3', 9, '2023-01-01'),
(297, 'H7', 9, '2023-01-01'),
(297, 'H8', 9, '2023-01-01'),
(297, 'H9', 9, '2023-01-01'),
(297, 'I3', 9, '2023-01-01'),
(297, 'I4', 9, '2023-01-01'),
(297, 'I5', 9, '2023-01-01'),
(297, 'I7', 9, '2023-01-01'),
(297, 'J5', 9, '2023-01-01'),
(298, 'A3', 9, '2023-01-01'),
(298, 'B2', 9, '2023-01-01'),
(298, 'B3', 9, '2023-01-01'),
(298, 'B4', 9, '2023-01-01'),
(298, 'B8', 9, '2023-01-01'),
(298, 'B9', 9, '2023-01-01'),
(298, 'C1', 9, '2023-01-01'),
(298, 'C10', 9, '2023-01-01'),
(298, 'C5', 9, '2023-01-01'),
(298, 'C6', 9, '2023-01-01'),
(298, 'D10', 9, '2023-01-01'),
(298, 'D2', 9, '2023-01-01'),
(298, 'D3', 9, '2023-01-01'),
(298, 'D4', 9, '2023-01-01'),
(298, 'D7', 9, '2023-01-01'),
(298, 'D8', 9, '2023-01-01'),
(298, 'E5', 9, '2023-01-01'),
(298, 'F2', 9, '2023-01-01'),
(298, 'F3', 9, '2023-01-01'),
(298, 'F6', 9, '2023-01-01'),
(298, 'F8', 9, '2023-01-01'),
(298, 'F9', 9, '2023-01-01'),
(298, 'G1', 9, '2023-01-01'),
(298, 'G10', 9, '2023-01-01'),
(298, 'G4', 9, '2023-01-01'),
(298, 'G7', 9, '2023-01-01'),
(298, 'G8', 9, '2023-01-01'),
(298, 'H2', 9, '2023-01-01'),
(298, 'H3', 9, '2023-01-01'),
(298, 'H5', 9, '2023-01-01'),
(298, 'H8', 9, '2023-01-01'),
(298, 'I10', 9, '2023-01-01'),
(298, 'I6', 9, '2023-01-01'),
(299, 'B1', 9, '2023-01-01'),
(299, 'B10', 9, '2023-01-01'),
(299, 'B2', 9, '2023-01-01'),
(299, 'B6', 9, '2023-01-01'),
(299, 'B9', 9, '2023-01-01'),
(299, 'C3', 9, '2023-01-01'),
(299, 'C5', 9, '2023-01-01'),
(299, 'C7', 9, '2023-01-01'),
(299, 'D10', 9, '2023-01-01'),
(299, 'D2', 9, '2023-01-01'),
(299, 'D8', 9, '2023-01-01'),
(299, 'E2', 9, '2023-01-01'),
(299, 'E4', 9, '2023-01-01'),
(299, 'E5', 9, '2023-01-01'),
(299, 'E9', 9, '2023-01-01'),
(299, 'F1', 9, '2023-01-01'),
(299, 'F3', 9, '2023-01-01'),
(299, 'F4', 9, '2023-01-01'),
(299, 'F5', 9, '2023-01-01'),
(299, 'F6', 9, '2023-01-01'),
(299, 'G10', 9, '2023-01-01'),
(299, 'G2', 9, '2023-01-01'),
(299, 'G4', 9, '2023-01-01'),
(299, 'G8', 9, '2023-01-01'),
(299, 'H1', 9, '2023-01-01'),
(299, 'H2', 9, '2023-01-01'),
(299, 'H4', 9, '2023-01-01'),
(299, 'H7', 9, '2023-01-01'),
(299, 'H8', 9, '2023-01-01'),
(299, 'I1', 9, '2023-01-01'),
(299, 'I10', 9, '2023-01-01'),
(299, 'I3', 9, '2023-01-01'),
(299, 'I7', 9, '2023-01-01'),
(299, 'J4', 9, '2023-01-01'),
(300, 'A1', 9, '2023-01-01'),
(300, 'B2', 9, '2023-01-01'),
(300, 'B5', 9, '2023-01-01'),
(300, 'B6', 9, '2023-01-01'),
(300, 'B7', 9, '2023-01-01'),
(300, 'B9', 9, '2023-01-01'),
(300, 'C10', 9, '2023-01-01'),
(300, 'C3', 9, '2023-01-01'),
(300, 'C4', 9, '2023-01-01'),
(300, 'C8', 9, '2023-01-01'),
(300, 'D1', 9, '2023-01-01'),
(300, 'D10', 9, '2023-01-01'),
(300, 'D2', 9, '2023-01-01'),
(300, 'D3', 9, '2023-01-01'),
(300, 'D4', 9, '2023-01-01'),
(300, 'D5', 9, '2023-01-01'),
(300, 'D6', 9, '2023-01-01'),
(300, 'D7', 9, '2023-01-01'),
(300, 'D9', 9, '2023-01-01'),
(300, 'E3', 9, '2023-01-01'),
(300, 'E4', 9, '2023-01-01'),
(300, 'E9', 9, '2023-01-01'),
(300, 'F1', 9, '2023-01-01'),
(300, 'F5', 9, '2023-01-01'),
(300, 'F7', 9, '2023-01-01'),
(300, 'F8', 9, '2023-01-01'),
(300, 'G10', 9, '2023-01-01'),
(300, 'G2', 9, '2023-01-01'),
(300, 'G4', 9, '2023-01-01'),
(300, 'G6', 9, '2023-01-01'),
(300, 'H10', 9, '2023-01-01'),
(300, 'H2', 9, '2023-01-01'),
(300, 'H3', 9, '2023-01-01'),
(300, 'H7', 9, '2023-01-01'),
(300, 'H8', 9, '2023-01-01'),
(300, 'I1', 9, '2023-01-01'),
(300, 'I4', 9, '2023-01-01'),
(300, 'I5', 9, '2023-01-01'),
(300, 'I8', 9, '2023-01-01'),
(300, 'J2', 9, '2023-01-01'),
(301, 'A10', 9, '2023-01-01'),
(301, 'A5', 9, '2023-01-01'),
(301, 'B1', 9, '2023-01-01'),
(301, 'B8', 9, '2023-01-01'),
(301, 'C1', 9, '2023-01-01'),
(301, 'C3', 9, '2023-01-01'),
(301, 'C7', 9, '2023-01-01'),
(301, 'C9', 9, '2023-01-01'),
(301, 'D10', 9, '2023-01-01'),
(301, 'D5', 9, '2023-01-01'),
(301, 'D6', 9, '2023-01-01'),
(301, 'D8', 9, '2023-01-01'),
(301, 'D9', 9, '2023-01-01'),
(301, 'E10', 9, '2023-01-01'),
(301, 'E3', 9, '2023-01-01'),
(301, 'E4', 9, '2023-01-01'),
(301, 'E5', 9, '2023-01-01'),
(301, 'E6', 9, '2023-01-01'),
(301, 'E7', 9, '2023-01-01'),
(301, 'E8', 9, '2023-01-01'),
(301, 'E9', 9, '2023-01-01'),
(301, 'F1', 9, '2023-01-01'),
(301, 'F2', 9, '2023-01-01'),
(301, 'F3', 9, '2023-01-01'),
(301, 'F4', 9, '2023-01-01'),
(301, 'F5', 9, '2023-01-01'),
(301, 'F6', 9, '2023-01-01'),
(301, 'F7', 9, '2023-01-01'),
(301, 'G10', 9, '2023-01-01'),
(301, 'G2', 9, '2023-01-01'),
(301, 'G3', 9, '2023-01-01'),
(301, 'G4', 9, '2023-01-01'),
(301, 'G5', 9, '2023-01-01'),
(301, 'G6', 9, '2023-01-01'),
(301, 'G7', 9, '2023-01-01'),
(301, 'G8', 9, '2023-01-01'),
(301, 'G9', 9, '2023-01-01'),
(301, 'H1', 9, '2023-01-01'),
(301, 'H2', 9, '2023-01-01'),
(301, 'H3', 9, '2023-01-01'),
(301, 'H4', 9, '2023-01-01'),
(301, 'H5', 9, '2023-01-01'),
(301, 'H6', 9, '2023-01-01'),
(301, 'H7', 9, '2023-01-01'),
(301, 'H8', 9, '2023-01-01'),
(301, 'I10', 9, '2023-01-01'),
(301, 'I2', 9, '2023-01-01'),
(301, 'I3', 9, '2023-01-01'),
(302, 'A10', 9, '2023-01-01'),
(302, 'B2', 9, '2023-01-01'),
(302, 'B4', 9, '2023-01-01'),
(302, 'B5', 9, '2023-01-01'),
(302, 'C1', 9, '2023-01-01');
INSERT INTO `sale` (`showid`, `seatid`, `userid`, `SaleDate`) VALUES
(302, 'C2', 9, '2023-01-01'),
(302, 'C8', 9, '2023-01-01'),
(302, 'C9', 9, '2023-01-01'),
(302, 'D3', 9, '2023-01-01'),
(302, 'D5', 9, '2023-01-01'),
(302, 'D6', 9, '2023-01-01'),
(302, 'D7', 9, '2023-01-01'),
(302, 'D8', 9, '2023-01-01'),
(302, 'E10', 9, '2023-01-01'),
(302, 'E4', 9, '2023-01-01'),
(302, 'E5', 9, '2023-01-01'),
(302, 'E8', 9, '2023-01-01'),
(302, 'E9', 9, '2023-01-01'),
(302, 'F1', 9, '2023-01-01'),
(302, 'F10', 9, '2023-01-01'),
(302, 'F2', 9, '2023-01-01'),
(302, 'F3', 9, '2023-01-01'),
(302, 'F6', 9, '2023-01-01'),
(302, 'F7', 9, '2023-01-01'),
(302, 'F8', 9, '2023-01-01'),
(302, 'G3', 9, '2023-01-01'),
(302, 'G4', 9, '2023-01-01'),
(302, 'G6', 9, '2023-01-01'),
(302, 'G7', 9, '2023-01-01'),
(302, 'G9', 9, '2023-01-01'),
(302, 'H10', 9, '2023-01-01'),
(302, 'H2', 9, '2023-01-01'),
(302, 'H3', 9, '2023-01-01'),
(302, 'H4', 9, '2023-01-01'),
(302, 'H5', 9, '2023-01-01'),
(302, 'H8', 9, '2023-01-01'),
(302, 'H9', 9, '2023-01-01'),
(302, 'I2', 9, '2023-01-01'),
(302, 'I3', 9, '2023-01-01'),
(302, 'I4', 9, '2023-01-01'),
(302, 'I5', 9, '2023-01-01'),
(302, 'I7', 9, '2023-01-01'),
(303, 'B1', 9, '2023-01-01'),
(303, 'B10', 9, '2023-01-01'),
(303, 'B3', 9, '2023-01-01'),
(303, 'B5', 9, '2023-01-01'),
(303, 'B7', 9, '2023-01-01'),
(303, 'D1', 9, '2023-01-01'),
(303, 'D3', 9, '2023-01-01'),
(303, 'D8', 9, '2023-01-01'),
(303, 'D9', 9, '2023-01-01'),
(303, 'E10', 9, '2023-01-01'),
(303, 'E2', 9, '2023-01-01'),
(303, 'E5', 9, '2023-01-01'),
(303, 'E6', 9, '2023-01-01'),
(303, 'F3', 9, '2023-01-01'),
(303, 'F8', 9, '2023-01-01'),
(303, 'G1', 9, '2023-01-01'),
(303, 'G10', 9, '2023-01-01'),
(303, 'G4', 9, '2023-01-01'),
(303, 'G7', 9, '2023-01-01'),
(303, 'G9', 9, '2023-01-01'),
(303, 'H3', 9, '2023-01-01'),
(303, 'H4', 9, '2023-01-01'),
(303, 'I10', 9, '2023-01-01'),
(303, 'I2', 9, '2023-01-01'),
(303, 'I4', 9, '2023-01-01'),
(303, 'I6', 9, '2023-01-01'),
(303, 'I8', 9, '2023-01-01'),
(304, 'A2', 9, '2023-01-01'),
(304, 'B7', 9, '2023-01-01'),
(304, 'B9', 9, '2023-01-01'),
(304, 'C6', 9, '2023-01-01'),
(304, 'C8', 9, '2023-01-01'),
(304, 'D2', 9, '2023-01-01'),
(304, 'D4', 9, '2023-01-01'),
(304, 'E9', 9, '2023-01-01'),
(304, 'F4', 9, '2023-01-01'),
(304, 'F7', 9, '2023-01-01'),
(304, 'G10', 9, '2023-01-01'),
(304, 'G2', 9, '2023-01-01'),
(304, 'G3', 9, '2023-01-01'),
(304, 'G8', 9, '2023-01-01'),
(304, 'G9', 9, '2023-01-01'),
(304, 'H10', 9, '2023-01-01'),
(304, 'H2', 9, '2023-01-01'),
(304, 'H6', 9, '2023-01-01'),
(304, 'I9', 9, '2023-01-01'),
(305, 'C8', 9, '2023-01-01'),
(305, 'E4', 9, '2023-01-01'),
(305, 'E9', 9, '2023-01-01'),
(305, 'F3', 9, '2023-01-01'),
(305, 'H8', 9, '2023-01-01'),
(307, 'B2', 9, '2023-01-01'),
(307, 'B7', 9, '2023-01-01'),
(307, 'C1', 9, '2023-01-01'),
(307, 'C10', 9, '2023-01-01'),
(307, 'C4', 9, '2023-01-01'),
(307, 'C6', 9, '2023-01-01'),
(307, 'D7', 9, '2023-01-01'),
(307, 'D8', 9, '2023-01-01'),
(307, 'D9', 9, '2023-01-01'),
(307, 'E1', 9, '2023-01-01'),
(307, 'E10', 9, '2023-01-01'),
(307, 'E2', 9, '2023-01-01'),
(307, 'E3', 9, '2023-01-01'),
(307, 'E5', 9, '2023-01-01'),
(307, 'E7', 9, '2023-01-01'),
(307, 'E8', 9, '2023-01-01'),
(307, 'F10', 9, '2023-01-01'),
(307, 'F4', 9, '2023-01-01'),
(307, 'F7', 9, '2023-01-01'),
(307, 'F8', 9, '2023-01-01'),
(307, 'F9', 9, '2023-01-01'),
(307, 'G1', 9, '2023-01-01'),
(307, 'G10', 9, '2023-01-01'),
(307, 'G3', 9, '2023-01-01'),
(307, 'G4', 9, '2023-01-01'),
(307, 'G7', 9, '2023-01-01'),
(307, 'H2', 9, '2023-01-01'),
(307, 'H5', 9, '2023-01-01'),
(307, 'H8', 9, '2023-01-01'),
(307, 'I3', 9, '2023-01-01'),
(307, 'I4', 9, '2023-01-01'),
(307, 'I9', 9, '2023-01-01'),
(307, 'J4', 9, '2023-01-01'),
(308, 'B1', 9, '2023-01-01'),
(308, 'B10', 9, '2023-01-01'),
(308, 'B2', 9, '2023-01-01'),
(308, 'B3', 9, '2023-01-01'),
(308, 'B5', 9, '2023-01-01'),
(308, 'B6', 9, '2023-01-01'),
(308, 'B8', 9, '2023-01-01'),
(308, 'C4', 9, '2023-01-01'),
(308, 'C5', 9, '2023-01-01'),
(308, 'D1', 9, '2023-01-01'),
(308, 'D3', 9, '2023-01-01'),
(308, 'D5', 9, '2023-01-01'),
(308, 'D6', 9, '2023-01-01'),
(308, 'D7', 9, '2023-01-01'),
(308, 'D8', 9, '2023-01-01'),
(308, 'E10', 9, '2023-01-01'),
(308, 'F2', 9, '2023-01-01'),
(308, 'F3', 9, '2023-01-01'),
(308, 'F5', 9, '2023-01-01'),
(308, 'F6', 9, '2023-01-01'),
(308, 'F8', 9, '2023-01-01'),
(308, 'G10', 9, '2023-01-01'),
(308, 'G2', 9, '2023-01-01'),
(308, 'G4', 9, '2023-01-01'),
(308, 'G9', 9, '2023-01-01'),
(308, 'H7', 9, '2023-01-01'),
(308, 'H8', 9, '2023-01-01'),
(308, 'I1', 9, '2023-01-01'),
(308, 'I10', 9, '2023-01-01'),
(308, 'I2', 9, '2023-01-01'),
(308, 'I3', 9, '2023-01-01'),
(308, 'I4', 9, '2023-01-01'),
(308, 'I5', 9, '2023-01-01'),
(308, 'I7', 9, '2023-01-01'),
(308, 'I8', 9, '2023-01-01'),
(308, 'J3', 9, '2023-01-01'),
(309, 'A4', 9, '2023-01-01'),
(309, 'B4', 9, '2023-01-01'),
(309, 'B6', 9, '2023-01-01'),
(309, 'C3', 9, '2023-01-01'),
(309, 'C4', 9, '2023-01-01'),
(309, 'C7', 9, '2023-01-01'),
(309, 'C8', 9, '2023-01-01'),
(309, 'D10', 9, '2023-01-01'),
(309, 'D2', 9, '2023-01-01'),
(309, 'D3', 9, '2023-01-01'),
(309, 'D5', 9, '2023-01-01'),
(309, 'D7', 9, '2023-01-01'),
(309, 'D8', 9, '2023-01-01'),
(309, 'E2', 9, '2023-01-01'),
(309, 'E7', 9, '2023-01-01'),
(309, 'E8', 9, '2023-01-01'),
(309, 'F10', 9, '2023-01-01'),
(309, 'F2', 9, '2023-01-01'),
(309, 'F4', 9, '2023-01-01'),
(309, 'F6', 9, '2023-01-01'),
(309, 'F8', 9, '2023-01-01'),
(309, 'F9', 9, '2023-01-01'),
(309, 'G1', 9, '2023-01-01'),
(309, 'G10', 9, '2023-01-01'),
(309, 'G7', 9, '2023-01-01'),
(309, 'G8', 9, '2023-01-01'),
(309, 'H1', 9, '2023-01-01'),
(309, 'H7', 9, '2023-01-01'),
(309, 'H8', 9, '2023-01-01'),
(309, 'H9', 9, '2023-01-01'),
(309, 'I1', 9, '2023-01-01'),
(309, 'I10', 9, '2023-01-01'),
(309, 'I7', 9, '2023-01-01'),
(309, 'I8', 9, '2023-01-01'),
(309, 'I9', 9, '2023-01-01'),
(309, 'J5', 9, '2023-01-01'),
(310, 'B10', 9, '2023-01-01'),
(310, 'B2', 9, '2023-01-01'),
(310, 'B3', 9, '2023-01-01'),
(310, 'B4', 9, '2023-01-01'),
(310, 'B7', 9, '2023-01-01'),
(310, 'B8', 9, '2023-01-01'),
(310, 'B9', 9, '2023-01-01'),
(310, 'C2', 9, '2023-01-01'),
(310, 'C5', 9, '2023-01-01'),
(310, 'C6', 9, '2023-01-01'),
(310, 'D2', 9, '2023-01-01'),
(310, 'D4', 9, '2023-01-01'),
(310, 'D8', 9, '2023-01-01'),
(310, 'D9', 9, '2023-01-01'),
(310, 'E3', 9, '2023-01-01'),
(310, 'E4', 9, '2023-01-01'),
(310, 'E6', 9, '2023-01-01'),
(310, 'F1', 9, '2023-01-01'),
(310, 'F10', 9, '2023-01-01'),
(310, 'F5', 9, '2023-01-01'),
(310, 'F6', 9, '2023-01-01'),
(310, 'F8', 9, '2023-01-01'),
(310, 'G3', 9, '2023-01-01'),
(310, 'G7', 9, '2023-01-01'),
(310, 'G9', 9, '2023-01-01'),
(310, 'H1', 9, '2023-01-01'),
(310, 'H10', 9, '2023-01-01'),
(310, 'H2', 9, '2023-01-01'),
(310, 'H8', 9, '2023-01-01'),
(310, 'I5', 9, '2023-01-01'),
(310, 'I6', 9, '2023-01-01'),
(310, 'J1', 9, '2023-01-01'),
(310, 'J4', 9, '2023-01-01'),
(311, 'A6', 9, '2023-01-01'),
(311, 'B7', 9, '2023-01-01'),
(311, 'B9', 9, '2023-01-01'),
(311, 'C10', 9, '2023-01-01'),
(311, 'C2', 9, '2023-01-01'),
(311, 'C3', 9, '2023-01-01'),
(311, 'C8', 9, '2023-01-01'),
(311, 'D2', 9, '2023-01-01'),
(311, 'D5', 9, '2023-01-01'),
(311, 'D6', 9, '2023-01-01'),
(311, 'D8', 9, '2023-01-01'),
(311, 'E10', 9, '2023-01-01'),
(311, 'E4', 9, '2023-01-01'),
(311, 'E7', 9, '2023-01-01'),
(311, 'F1', 9, '2023-01-01'),
(311, 'F3', 9, '2023-01-01'),
(311, 'F8', 9, '2023-01-01'),
(311, 'G2', 9, '2023-01-01'),
(311, 'G6', 9, '2023-01-01'),
(311, 'G9', 9, '2023-01-01'),
(311, 'H10', 9, '2023-01-01'),
(311, 'H2', 9, '2023-01-01'),
(311, 'H3', 9, '2023-01-01'),
(311, 'H5', 9, '2023-01-01'),
(311, 'I3', 9, '2023-01-01'),
(311, 'I5', 9, '2023-01-01'),
(311, 'I6', 9, '2023-01-01'),
(311, 'I7', 9, '2023-01-01'),
(311, 'I8', 9, '2023-01-01'),
(311, 'I9', 9, '2023-01-01'),
(311, 'J5', 9, '2023-01-01'),
(312, 'A10', 9, '2023-01-01'),
(312, 'A9', 9, '2023-01-01'),
(312, 'B1', 9, '2023-01-01'),
(312, 'B3', 9, '2023-01-01'),
(312, 'B5', 9, '2023-01-01'),
(312, 'B6', 9, '2023-01-01'),
(312, 'C1', 9, '2023-01-01'),
(312, 'C10', 9, '2023-01-01'),
(312, 'C3', 9, '2023-01-01'),
(312, 'C5', 9, '2023-01-01'),
(312, 'C7', 9, '2023-01-01'),
(312, 'C9', 9, '2023-01-01'),
(312, 'D10', 9, '2023-01-01'),
(312, 'D2', 9, '2023-01-01'),
(312, 'E10', 9, '2023-01-01'),
(312, 'E3', 9, '2023-01-01'),
(312, 'E4', 9, '2023-01-01'),
(312, 'E6', 9, '2023-01-01'),
(312, 'E7', 9, '2023-01-01'),
(312, 'E8', 9, '2023-01-01'),
(312, 'E9', 9, '2023-01-01'),
(312, 'F2', 9, '2023-01-01'),
(312, 'F4', 9, '2023-01-01'),
(312, 'F5', 9, '2023-01-01'),
(312, 'F8', 9, '2023-01-01'),
(312, 'G1', 9, '2023-01-01'),
(312, 'G2', 9, '2023-01-01'),
(312, 'G5', 9, '2023-01-01'),
(312, 'G6', 9, '2023-01-01'),
(312, 'G8', 9, '2023-01-01'),
(312, 'G9', 9, '2023-01-01'),
(312, 'H10', 9, '2023-01-01'),
(312, 'H3', 9, '2023-01-01'),
(312, 'H4', 9, '2023-01-01'),
(312, 'H6', 9, '2023-01-01'),
(312, 'H7', 9, '2023-01-01'),
(312, 'H8', 9, '2023-01-01'),
(312, 'I1', 9, '2023-01-01'),
(312, 'I10', 9, '2023-01-01'),
(312, 'I5', 9, '2023-01-01'),
(312, 'I9', 9, '2023-01-01'),
(312, 'J2', 9, '2023-01-01'),
(312, 'J5', 9, '2023-01-01'),
(313, 'B1', 9, '2023-01-01'),
(313, 'B10', 9, '2023-01-01'),
(313, 'B5', 9, '2023-01-01'),
(313, 'B6', 9, '2023-01-01'),
(313, 'B8', 9, '2023-01-01'),
(313, 'C3', 9, '2023-01-01'),
(313, 'D1', 9, '2023-01-01'),
(313, 'D10', 9, '2023-01-01'),
(313, 'D6', 9, '2023-01-01'),
(313, 'E3', 9, '2023-01-01'),
(313, 'E4', 9, '2023-01-01'),
(313, 'E5', 9, '2023-01-01'),
(313, 'E7', 9, '2023-01-01'),
(313, 'E8', 9, '2023-01-01'),
(313, 'E9', 9, '2023-01-01'),
(313, 'F1', 9, '2023-01-01'),
(313, 'F2', 9, '2023-01-01'),
(313, 'F3', 9, '2023-01-01'),
(313, 'F8', 9, '2023-01-01'),
(313, 'F9', 9, '2023-01-01'),
(313, 'G6', 9, '2023-01-01'),
(313, 'G7', 9, '2023-01-01'),
(313, 'H1', 9, '2023-01-01'),
(313, 'H10', 9, '2023-01-01'),
(313, 'H2', 9, '2023-01-01'),
(313, 'H3', 9, '2023-01-01'),
(313, 'H9', 9, '2023-01-01'),
(313, 'I10', 9, '2023-01-01'),
(313, 'I4', 9, '2023-01-01'),
(313, 'I6', 9, '2023-01-01'),
(313, 'I7', 9, '2023-01-01'),
(313, 'I8', 9, '2023-01-01'),
(313, 'I9', 9, '2023-01-01'),
(313, 'J1', 9, '2023-01-01'),
(313, 'J2', 9, '2023-01-01'),
(314, 'A1', 9, '2023-01-01'),
(314, 'B3', 9, '2023-01-01'),
(314, 'B4', 9, '2023-01-01'),
(314, 'B5', 9, '2023-01-01'),
(314, 'B8', 9, '2023-01-01'),
(314, 'B9', 9, '2023-01-01'),
(314, 'C1', 9, '2023-01-01'),
(314, 'C2', 9, '2023-01-01'),
(314, 'C4', 9, '2023-01-01'),
(314, 'C7', 9, '2023-01-01'),
(314, 'D1', 9, '2023-01-01'),
(314, 'D10', 9, '2023-01-01'),
(314, 'D3', 9, '2023-01-01'),
(314, 'D6', 9, '2023-01-01'),
(314, 'D7', 9, '2023-01-01'),
(314, 'E10', 9, '2023-01-01'),
(314, 'E2', 9, '2023-01-01'),
(314, 'E4', 9, '2023-01-01'),
(314, 'E6', 9, '2023-01-01'),
(314, 'E9', 9, '2023-01-01'),
(314, 'F5', 9, '2023-01-01'),
(314, 'F7', 9, '2023-01-01'),
(314, 'F8', 9, '2023-01-01'),
(314, 'G1', 9, '2023-01-01'),
(314, 'G3', 9, '2023-01-01'),
(314, 'G4', 9, '2023-01-01'),
(314, 'G7', 9, '2023-01-01'),
(314, 'G9', 9, '2023-01-01'),
(314, 'H2', 9, '2023-01-01'),
(314, 'H6', 9, '2023-01-01'),
(314, 'H9', 9, '2023-01-01'),
(314, 'I10', 9, '2023-01-01'),
(314, 'I2', 9, '2023-01-01'),
(314, 'I3', 9, '2023-01-01'),
(314, 'I4', 9, '2023-01-01'),
(314, 'I5', 9, '2023-01-01'),
(314, 'I6', 9, '2023-01-01'),
(314, 'I7', 9, '2023-01-01'),
(314, 'I8', 9, '2023-01-01'),
(314, 'I9', 9, '2023-01-01'),
(314, 'J3', 9, '2023-01-01'),
(314, 'J5', 9, '2023-01-01'),
(315, 'A3', 9, '2023-01-01'),
(315, 'A9', 9, '2023-01-01'),
(315, 'B2', 9, '2023-01-01'),
(315, 'B4', 9, '2023-01-01'),
(315, 'B7', 9, '2023-01-01'),
(315, 'C1', 9, '2023-01-01'),
(315, 'C10', 9, '2023-01-01'),
(315, 'C4', 9, '2023-01-01'),
(315, 'C5', 9, '2023-01-01'),
(315, 'C6', 9, '2023-01-01'),
(315, 'C8', 9, '2023-01-01'),
(315, 'D10', 9, '2023-01-01'),
(315, 'D7', 9, '2023-01-01'),
(315, 'E4', 9, '2023-01-01'),
(315, 'E5', 9, '2023-01-01'),
(315, 'E8', 9, '2023-01-01'),
(315, 'E9', 9, '2023-01-01'),
(315, 'F1', 9, '2023-01-01'),
(315, 'F10', 9, '2023-01-01'),
(315, 'F3', 9, '2023-01-01'),
(315, 'F4', 9, '2023-01-01'),
(315, 'F6', 9, '2023-01-01'),
(315, 'F7', 9, '2023-01-01'),
(315, 'F8', 9, '2023-01-01'),
(315, 'F9', 9, '2023-01-01'),
(315, 'G10', 9, '2023-01-01'),
(315, 'G6', 9, '2023-01-01'),
(315, 'G8', 9, '2023-01-01'),
(315, 'G9', 9, '2023-01-01'),
(315, 'H1', 9, '2023-01-01'),
(315, 'H10', 9, '2023-01-01'),
(315, 'H5', 9, '2023-01-01'),
(315, 'H7', 9, '2023-01-01'),
(315, 'H8', 9, '2023-01-01'),
(315, 'I2', 9, '2023-01-01'),
(315, 'I4', 9, '2023-01-01'),
(315, 'J1', 9, '2023-01-01'),
(315, 'J4', 9, '2023-01-01'),
(358, 'B1', 10, '2025-01-28'),
(358, 'B10', 10, '2025-01-28'),
(358, 'B2', 10, '2025-01-28'),
(358, 'B3', 10, '2025-01-28'),
(358, 'B5', 10, '2025-01-28'),
(358, 'B8', 10, '2025-01-28'),
(358, 'B9', 10, '2025-01-28'),
(358, 'C2', 10, '2025-01-28'),
(358, 'C3', 10, '2025-01-28'),
(358, 'C4', 10, '2025-01-28'),
(358, 'C7', 10, '2025-01-28'),
(358, 'C8', 10, '2025-01-28'),
(358, 'C9', 10, '2025-01-28'),
(358, 'D1', 10, '2025-01-28'),
(358, 'D10', 10, '2025-01-28'),
(358, 'D3', 10, '2025-01-28'),
(358, 'D4', 10, '2025-01-28'),
(358, 'D5', 10, '2025-01-28'),
(358, 'D6', 10, '2025-01-28'),
(358, 'D8', 10, '2025-01-28'),
(358, 'E1', 10, '2025-01-28'),
(358, 'E2', 10, '2025-01-28'),
(358, 'E3', 10, '2025-01-28'),
(358, 'E6', 10, '2025-01-28'),
(358, 'E7', 10, '2025-01-28'),
(358, 'E8', 10, '2025-01-28'),
(358, 'E9', 10, '2025-01-28'),
(358, 'F10', 10, '2025-01-28'),
(358, 'F2', 10, '2025-01-28'),
(358, 'F3', 10, '2025-01-28'),
(358, 'F4', 10, '2025-01-28'),
(358, 'F6', 10, '2025-01-28'),
(358, 'F8', 10, '2025-01-28'),
(358, 'G1', 10, '2025-01-28'),
(358, 'G10', 10, '2025-01-28'),
(358, 'G2', 10, '2025-01-28'),
(358, 'G4', 10, '2025-01-28'),
(358, 'G7', 10, '2025-01-28'),
(358, 'G9', 10, '2025-01-28'),
(358, 'H2', 10, '2025-01-28'),
(358, 'H3', 10, '2025-01-28'),
(358, 'H4', 10, '2025-01-28'),
(358, 'H6', 10, '2025-01-28'),
(358, 'H7', 10, '2025-01-28'),
(358, 'H8', 10, '2025-01-28'),
(358, 'I1', 10, '2025-01-28'),
(358, 'I2', 10, '2025-01-28'),
(358, 'I4', 10, '2025-01-28'),
(358, 'I5', 10, '2025-01-28'),
(358, 'I7', 10, '2025-01-28'),
(358, 'I8', 10, '2025-01-28'),
(358, 'J1', 10, '2025-01-28'),
(358, 'J2', 10, '2025-01-28'),
(358, 'J3', 10, '2025-01-28'),
(358, 'J4', 10, '2025-01-28'),
(358, 'J5', 10, '2025-01-28'),
(359, 'A1', 10, '2025-01-28'),
(359, 'B2', 10, '2025-01-28'),
(359, 'B3', 10, '2025-01-28'),
(359, 'B5', 10, '2025-01-28'),
(359, 'B8', 10, '2025-01-28'),
(359, 'C1', 10, '2025-01-28'),
(359, 'C2', 10, '2025-01-28'),
(359, 'C4', 10, '2025-01-28'),
(359, 'C6', 10, '2025-01-28'),
(359, 'C8', 10, '2025-01-28'),
(359, 'C9', 10, '2025-01-28'),
(359, 'D10', 10, '2025-01-28'),
(359, 'D2', 10, '2025-01-28'),
(359, 'D3', 10, '2025-01-28'),
(359, 'D7', 10, '2025-01-28'),
(359, 'E1', 10, '2025-01-28'),
(359, 'E4', 10, '2025-01-28'),
(359, 'E5', 10, '2025-01-28'),
(359, 'E7', 10, '2025-01-28'),
(359, 'E8', 10, '2025-01-28'),
(359, 'E9', 10, '2025-01-28'),
(359, 'F10', 10, '2025-01-28'),
(359, 'F3', 10, '2025-01-28'),
(359, 'F4', 10, '2025-01-28'),
(359, 'F5', 10, '2025-01-28'),
(359, 'F6', 10, '2025-01-28'),
(359, 'F7', 10, '2025-01-28'),
(359, 'G10', 10, '2025-01-28'),
(359, 'G2', 10, '2025-01-28'),
(359, 'G3', 10, '2025-01-28'),
(359, 'G4', 10, '2025-01-28'),
(359, 'G8', 10, '2025-01-28'),
(359, 'G9', 10, '2025-01-28'),
(359, 'H1', 10, '2025-01-28'),
(359, 'H10', 10, '2025-01-28'),
(359, 'H3', 10, '2025-01-28'),
(359, 'H7', 10, '2025-01-28'),
(359, 'I10', 10, '2025-01-28'),
(359, 'I2', 10, '2025-01-28'),
(359, 'I3', 10, '2025-01-28'),
(359, 'I5', 10, '2025-01-28'),
(359, 'I6', 10, '2025-01-28'),
(359, 'I8', 10, '2025-01-28'),
(359, 'I9', 10, '2025-01-28'),
(359, 'J2', 10, '2025-01-28'),
(360, 'A3', 8, '2023-01-01'),
(360, 'A5', 8, '2023-01-01'),
(360, 'B3', 8, '2023-01-01'),
(360, 'B5', 8, '2023-01-01'),
(360, 'B6', 10, '2025-01-28'),
(360, 'B9', 10, '2025-01-28'),
(360, 'C1', 10, '2025-01-28'),
(360, 'C10', 10, '2025-01-28'),
(360, 'C2', 10, '2025-01-28'),
(360, 'C7', 10, '2025-01-28'),
(360, 'C8', 10, '2025-01-28'),
(360, 'D3', 10, '2025-01-28'),
(360, 'D5', 10, '2025-01-28'),
(360, 'E4', 10, '2025-01-28'),
(360, 'E7', 10, '2025-01-28'),
(360, 'E9', 10, '2025-01-28'),
(360, 'F10', 10, '2025-01-28'),
(360, 'F2', 10, '2025-01-28'),
(360, 'F5', 10, '2025-01-28'),
(360, 'F7', 10, '2025-01-28'),
(360, 'F8', 10, '2025-01-28'),
(360, 'F9', 10, '2025-01-28'),
(360, 'G1', 10, '2025-01-28'),
(360, 'G4', 10, '2025-01-28'),
(360, 'H2', 10, '2025-01-28'),
(360, 'H3', 10, '2025-01-28'),
(360, 'H5', 10, '2025-01-28'),
(360, 'H6', 10, '2025-01-28'),
(360, 'H7', 10, '2025-01-28'),
(360, 'H9', 10, '2025-01-28'),
(360, 'I10', 10, '2025-01-28'),
(360, 'I2', 10, '2025-01-28'),
(360, 'I4', 10, '2025-01-28'),
(360, 'J4', 10, '2025-01-28'),
(361, 'B3', 10, '2025-01-28'),
(361, 'B7', 10, '2025-01-28'),
(361, 'B9', 10, '2025-01-28'),
(361, 'C1', 10, '2025-01-28'),
(361, 'C10', 10, '2025-01-28'),
(361, 'C4', 10, '2025-01-28'),
(361, 'C5', 10, '2025-01-28'),
(361, 'C6', 10, '2025-01-28'),
(361, 'C8', 10, '2025-01-28'),
(361, 'D2', 10, '2025-01-28'),
(361, 'D3', 10, '2025-01-28'),
(361, 'D6', 10, '2025-01-28'),
(361, 'D8', 10, '2025-01-28'),
(361, 'E3', 10, '2025-01-28'),
(361, 'E4', 10, '2025-01-28'),
(361, 'E7', 10, '2025-01-28'),
(361, 'E9', 10, '2025-01-28'),
(361, 'F2', 10, '2025-01-28'),
(361, 'F5', 10, '2025-01-28'),
(361, 'F8', 10, '2025-01-28'),
(361, 'G10', 10, '2025-01-28'),
(361, 'G3', 10, '2025-01-28'),
(361, 'G5', 10, '2025-01-28'),
(361, 'G6', 10, '2025-01-28'),
(361, 'H1', 10, '2025-01-28'),
(361, 'H4', 10, '2025-01-28'),
(361, 'H7', 10, '2025-01-28'),
(361, 'H8', 10, '2025-01-28'),
(361, 'I10', 10, '2025-01-28'),
(361, 'I2', 10, '2025-01-28'),
(361, 'I3', 10, '2025-01-28'),
(361, 'I4', 10, '2025-01-28'),
(362, 'B2', 10, '2025-01-28'),
(362, 'B4', 10, '2025-01-28'),
(362, 'B9', 10, '2025-01-28'),
(362, 'C2', 10, '2025-01-28'),
(362, 'C3', 10, '2025-01-28'),
(362, 'C4', 10, '2025-01-28'),
(362, 'C8', 10, '2025-01-28'),
(362, 'D1', 10, '2025-01-28'),
(362, 'D10', 10, '2025-01-28'),
(362, 'D5', 10, '2025-01-28'),
(362, 'D7', 10, '2025-01-28'),
(362, 'E3', 10, '2025-01-28'),
(362, 'E4', 10, '2025-01-28'),
(362, 'E9', 10, '2025-01-28'),
(362, 'F2', 10, '2025-01-28'),
(362, 'F5', 10, '2025-01-28'),
(362, 'F6', 10, '2025-01-28'),
(362, 'F7', 10, '2025-01-28'),
(362, 'F8', 10, '2025-01-28'),
(362, 'G1', 10, '2025-01-28'),
(362, 'G3', 10, '2025-01-28'),
(362, 'G4', 10, '2025-01-28'),
(362, 'G9', 10, '2025-01-28'),
(362, 'H10', 10, '2025-01-28'),
(362, 'H2', 10, '2025-01-28'),
(362, 'H7', 10, '2025-01-28'),
(362, 'I3', 10, '2025-01-28'),
(362, 'I5', 10, '2025-01-28'),
(362, 'I8', 10, '2025-01-28'),
(363, 'B1', 10, '2025-01-28'),
(363, 'B4', 10, '2025-01-28'),
(363, 'B5', 10, '2025-01-28'),
(363, 'B8', 10, '2025-01-28'),
(363, 'C3', 10, '2025-01-28'),
(363, 'C5', 10, '2025-01-28'),
(363, 'C7', 10, '2025-01-28'),
(363, 'D1', 10, '2025-01-28'),
(363, 'D2', 10, '2025-01-28'),
(363, 'D4', 10, '2025-01-28'),
(363, 'D6', 10, '2025-01-28'),
(363, 'D9', 10, '2025-01-28'),
(363, 'E10', 10, '2025-01-28'),
(363, 'E3', 10, '2025-01-28'),
(363, 'E4', 10, '2025-01-28'),
(363, 'E5', 10, '2025-01-28'),
(363, 'E7', 10, '2025-01-28'),
(363, 'E8', 10, '2025-01-28'),
(363, 'F2', 10, '2025-01-28'),
(363, 'F4', 10, '2025-01-28'),
(363, 'F6', 10, '2025-01-28'),
(363, 'F9', 10, '2025-01-28'),
(363, 'G10', 10, '2025-01-28'),
(363, 'G3', 10, '2025-01-28'),
(363, 'G6', 10, '2025-01-28'),
(363, 'G8', 10, '2025-01-28'),
(363, 'H1', 10, '2025-01-28'),
(363, 'H10', 10, '2025-01-28'),
(363, 'H2', 10, '2025-01-28'),
(363, 'H5', 10, '2025-01-28'),
(363, 'H7', 10, '2025-01-28'),
(363, 'H9', 10, '2025-01-28'),
(363, 'I3', 10, '2025-01-28'),
(363, 'I4', 10, '2025-01-28'),
(363, 'I5', 10, '2025-01-28'),
(363, 'I6', 10, '2025-01-28'),
(363, 'I8', 10, '2025-01-28'),
(363, 'I9', 10, '2025-01-28'),
(363, 'J4', 10, '2025-01-28'),
(364, 'A2', 10, '2025-01-28'),
(364, 'A3', 10, '2025-01-28'),
(364, 'A7', 10, '2025-01-28'),
(364, 'A8', 10, '2025-01-28'),
(364, 'B1', 10, '2025-01-28'),
(364, 'B10', 10, '2025-01-28'),
(364, 'B2', 10, '2025-01-28'),
(364, 'B3', 10, '2025-01-28'),
(364, 'B4', 10, '2025-01-28'),
(364, 'B5', 10, '2025-01-28'),
(364, 'B6', 10, '2025-01-28'),
(364, 'B8', 10, '2025-01-28'),
(364, 'B9', 10, '2025-01-28'),
(364, 'C1', 10, '2025-01-28'),
(364, 'C10', 10, '2025-01-28'),
(364, 'C2', 10, '2025-01-28'),
(364, 'C4', 10, '2025-01-28'),
(364, 'C6', 10, '2025-01-28'),
(364, 'C7', 10, '2025-01-28'),
(364, 'C8', 10, '2025-01-28'),
(364, 'D2', 10, '2025-01-28'),
(364, 'D3', 10, '2025-01-28'),
(364, 'D7', 10, '2025-01-28'),
(364, 'D8', 10, '2025-01-28'),
(364, 'D9', 10, '2025-01-28'),
(364, 'E1', 10, '2025-01-28'),
(364, 'E10', 10, '2025-01-28'),
(364, 'E3', 10, '2025-01-28'),
(364, 'E4', 10, '2025-01-28'),
(364, 'E5', 10, '2025-01-28'),
(364, 'E6', 10, '2025-01-28'),
(364, 'E7', 10, '2025-01-28'),
(364, 'E8', 10, '2025-01-28'),
(364, 'E9', 10, '2025-01-28'),
(364, 'F1', 10, '2025-01-28'),
(364, 'F2', 10, '2025-01-28'),
(364, 'F3', 10, '2025-01-28'),
(364, 'F4', 10, '2025-01-28'),
(364, 'F5', 10, '2025-01-28'),
(364, 'F6', 10, '2025-01-28'),
(364, 'F7', 10, '2025-01-28'),
(364, 'F8', 10, '2025-01-28'),
(364, 'F9', 10, '2025-01-28'),
(364, 'G10', 10, '2025-01-28'),
(364, 'G2', 10, '2025-01-28'),
(364, 'G3', 10, '2025-01-28'),
(364, 'G4', 10, '2025-01-28'),
(364, 'G5', 10, '2025-01-28'),
(364, 'G7', 10, '2025-01-28'),
(364, 'G8', 10, '2025-01-28'),
(364, 'G9', 10, '2025-01-28'),
(364, 'H2', 10, '2025-01-28'),
(364, 'H3', 10, '2025-01-28'),
(364, 'H4', 10, '2025-01-28'),
(364, 'H5', 10, '2025-01-28'),
(364, 'H6', 10, '2025-01-28'),
(364, 'H7', 10, '2025-01-28'),
(364, 'H8', 10, '2025-01-28'),
(364, 'H9', 10, '2025-01-28'),
(364, 'I1', 10, '2025-01-28'),
(364, 'I10', 10, '2025-01-28'),
(364, 'I2', 10, '2025-01-28'),
(364, 'I3', 10, '2025-01-28'),
(364, 'I5', 10, '2025-01-28'),
(364, 'I7', 10, '2025-01-28'),
(364, 'I9', 10, '2025-01-28'),
(364, 'J1', 10, '2025-01-28'),
(364, 'J3', 10, '2025-01-28'),
(365, 'B2', 10, '2025-01-28'),
(365, 'B3', 10, '2025-01-28'),
(365, 'B6', 10, '2025-01-28'),
(365, 'B9', 10, '2025-01-28'),
(365, 'C1', 10, '2025-01-28'),
(365, 'C2', 10, '2025-01-28'),
(365, 'C4', 10, '2025-01-28'),
(365, 'C7', 10, '2025-01-28'),
(365, 'C8', 10, '2025-01-28'),
(365, 'D10', 10, '2025-01-28'),
(365, 'D3', 10, '2025-01-28'),
(365, 'D4', 10, '2025-01-28'),
(365, 'D9', 10, '2025-01-28'),
(365, 'E1', 10, '2025-01-28'),
(365, 'E2', 10, '2025-01-28'),
(365, 'E3', 10, '2025-01-28'),
(365, 'E5', 10, '2025-01-28'),
(365, 'E7', 10, '2025-01-28'),
(365, 'E9', 10, '2025-01-28'),
(365, 'F10', 10, '2025-01-28'),
(365, 'F2', 10, '2025-01-28'),
(365, 'F4', 10, '2025-01-28'),
(365, 'F5', 10, '2025-01-28'),
(365, 'F6', 10, '2025-01-28'),
(365, 'F8', 10, '2025-01-28'),
(365, 'G1', 10, '2025-01-28'),
(365, 'G3', 10, '2025-01-28'),
(365, 'G7', 10, '2025-01-28'),
(365, 'G8', 10, '2025-01-28'),
(365, 'G9', 10, '2025-01-28'),
(365, 'H3', 10, '2025-01-28'),
(365, 'H4', 10, '2025-01-28'),
(365, 'H5', 10, '2025-01-28'),
(365, 'H6', 10, '2025-01-28'),
(365, 'I1', 10, '2025-01-28'),
(365, 'I2', 10, '2025-01-28'),
(365, 'I3', 10, '2025-01-28'),
(365, 'I7', 10, '2025-01-28'),
(365, 'I8', 10, '2025-01-28'),
(365, 'J4', 10, '2025-01-28'),
(366, 'A8', 10, '2025-01-28'),
(366, 'B2', 10, '2025-01-28'),
(366, 'C1', 10, '2025-01-28'),
(366, 'C2', 10, '2025-01-28'),
(366, 'C3', 10, '2025-01-28'),
(366, 'C4', 10, '2025-01-28'),
(366, 'C6', 10, '2025-01-28'),
(366, 'C7', 10, '2025-01-28'),
(366, 'C9', 10, '2025-01-28'),
(366, 'D5', 10, '2025-01-28'),
(366, 'D8', 10, '2025-01-28'),
(366, 'D9', 10, '2025-01-28'),
(366, 'E2', 10, '2025-01-28'),
(366, 'E4', 10, '2025-01-28'),
(366, 'E6', 10, '2025-01-28'),
(366, 'E7', 10, '2025-01-28'),
(366, 'F2', 10, '2025-01-28'),
(366, 'F3', 10, '2025-01-28'),
(366, 'F5', 10, '2025-01-28'),
(366, 'F6', 10, '2025-01-28'),
(366, 'G1', 10, '2025-01-28'),
(366, 'G2', 10, '2025-01-28'),
(366, 'G3', 10, '2025-01-28'),
(366, 'G7', 10, '2025-01-28'),
(366, 'G9', 10, '2025-01-28'),
(366, 'H4', 10, '2025-01-28'),
(366, 'H5', 10, '2025-01-28'),
(366, 'H6', 10, '2025-01-28'),
(366, 'H9', 10, '2025-01-28'),
(366, 'I2', 10, '2025-01-28'),
(366, 'I3', 10, '2025-01-28'),
(366, 'J1', 10, '2025-01-28'),
(367, 'B1', 10, '2025-01-28'),
(367, 'B3', 10, '2025-01-28'),
(367, 'B6', 10, '2025-01-28'),
(367, 'C10', 10, '2025-01-28'),
(367, 'C2', 10, '2025-01-28'),
(367, 'C4', 10, '2025-01-28'),
(367, 'C7', 10, '2025-01-28'),
(367, 'C9', 10, '2025-01-28'),
(367, 'D1', 10, '2025-01-28'),
(367, 'D3', 10, '2025-01-28'),
(367, 'D8', 10, '2025-01-28'),
(367, 'E4', 10, '2025-01-28'),
(367, 'F3', 10, '2025-01-28'),
(367, 'F5', 10, '2025-01-28'),
(367, 'F7', 10, '2025-01-28'),
(367, 'F9', 10, '2025-01-28'),
(367, 'G2', 10, '2025-01-28'),
(367, 'G3', 10, '2025-01-28'),
(367, 'G6', 10, '2025-01-28'),
(367, 'G8', 10, '2025-01-28'),
(367, 'G9', 10, '2025-01-28'),
(367, 'H1', 10, '2025-01-28'),
(367, 'H10', 10, '2025-01-28'),
(367, 'H4', 10, '2025-01-28'),
(367, 'I3', 10, '2025-01-28'),
(367, 'I6', 10, '2025-01-28'),
(367, 'I8', 10, '2025-01-28'),
(368, 'B3', 10, '2025-01-28'),
(368, 'C8', 10, '2025-01-28'),
(368, 'D2', 10, '2025-01-28'),
(368, 'D5', 10, '2025-01-28'),
(368, 'E4', 10, '2025-01-28'),
(368, 'E7', 10, '2025-01-28'),
(368, 'E9', 10, '2025-01-28'),
(368, 'F2', 10, '2025-01-28'),
(368, 'G1', 10, '2025-01-28'),
(368, 'G3', 10, '2025-01-28'),
(368, 'G5', 10, '2025-01-28'),
(368, 'G7', 10, '2025-01-28'),
(368, 'G8', 10, '2025-01-28'),
(368, 'G9', 10, '2025-01-28'),
(368, 'H10', 10, '2025-01-28'),
(368, 'I1', 10, '2025-01-28'),
(368, 'I2', 10, '2025-01-28'),
(368, 'I4', 10, '2025-01-28'),
(368, 'I7', 10, '2025-01-28'),
(368, 'J5', 10, '2025-01-28'),
(369, 'B4', 10, '2025-01-28'),
(369, 'B8', 10, '2025-01-28'),
(369, 'D1', 10, '2025-01-28'),
(369, 'D3', 10, '2025-01-28'),
(369, 'D5', 10, '2025-01-28'),
(369, 'D8', 10, '2025-01-28'),
(369, 'D9', 10, '2025-01-28'),
(369, 'E4', 10, '2025-01-28'),
(369, 'F2', 10, '2025-01-28'),
(369, 'F4', 10, '2025-01-28'),
(369, 'F7', 10, '2025-01-28'),
(369, 'F8', 10, '2025-01-28'),
(369, 'F9', 10, '2025-01-28'),
(369, 'G3', 10, '2025-01-28'),
(369, 'G6', 10, '2025-01-28'),
(369, 'G9', 10, '2025-01-28'),
(369, 'H10', 10, '2025-01-28'),
(369, 'H2', 10, '2025-01-28'),
(369, 'H4', 10, '2025-01-28'),
(369, 'H5', 10, '2025-01-28'),
(369, 'H8', 10, '2025-01-28'),
(370, 'C2', 10, '2025-01-28'),
(370, 'C4', 10, '2025-01-28'),
(370, 'C7', 10, '2025-01-28'),
(370, 'C9', 10, '2025-01-28'),
(370, 'D10', 10, '2025-01-28'),
(370, 'E2', 10, '2025-01-28'),
(370, 'E3', 10, '2025-01-28'),
(370, 'E4', 10, '2025-01-28'),
(370, 'E7', 10, '2025-01-28'),
(370, 'E8', 10, '2025-01-28'),
(370, 'G10', 10, '2025-01-28'),
(370, 'G8', 10, '2025-01-28'),
(370, 'H1', 10, '2025-01-28'),
(370, 'H3', 10, '2025-01-28'),
(370, 'H5', 10, '2025-01-28'),
(370, 'H7', 10, '2025-01-28'),
(371, 'B10', 10, '2025-01-28'),
(371, 'B2', 10, '2025-01-28'),
(371, 'B4', 10, '2025-01-28'),
(371, 'B6', 10, '2025-01-28'),
(371, 'B7', 10, '2025-01-28'),
(371, 'B8', 10, '2025-01-28'),
(371, 'B9', 10, '2025-01-28'),
(371, 'C1', 10, '2025-01-28'),
(371, 'C3', 10, '2025-01-28'),
(371, 'C5', 10, '2025-01-28'),
(371, 'C6', 10, '2025-01-28'),
(371, 'C9', 10, '2025-01-28'),
(371, 'D10', 10, '2025-01-28'),
(371, 'D2', 10, '2025-01-28'),
(371, 'D3', 10, '2025-01-28'),
(371, 'D4', 10, '2025-01-28'),
(371, 'D5', 10, '2025-01-28'),
(371, 'D7', 10, '2025-01-28'),
(371, 'D8', 10, '2025-01-28'),
(371, 'D9', 10, '2025-01-28'),
(371, 'E2', 10, '2025-01-28'),
(371, 'E4', 10, '2025-01-28'),
(371, 'E6', 10, '2025-01-28'),
(371, 'E7', 10, '2025-01-28'),
(371, 'E9', 10, '2025-01-28'),
(371, 'F10', 10, '2025-01-28'),
(371, 'F3', 10, '2025-01-28'),
(371, 'F4', 10, '2025-01-28'),
(371, 'F5', 10, '2025-01-28'),
(371, 'F8', 10, '2025-01-28'),
(371, 'G1', 10, '2025-01-28'),
(371, 'G2', 10, '2025-01-28'),
(371, 'G3', 10, '2025-01-28'),
(371, 'G6', 10, '2025-01-28'),
(371, 'G7', 10, '2025-01-28'),
(371, 'G9', 10, '2025-01-28'),
(371, 'H10', 10, '2025-01-28'),
(371, 'H2', 10, '2025-01-28'),
(371, 'H3', 10, '2025-01-28'),
(371, 'H4', 10, '2025-01-28'),
(371, 'H5', 10, '2025-01-28'),
(371, 'H6', 10, '2025-01-28'),
(371, 'H8', 10, '2025-01-28'),
(371, 'I2', 10, '2025-01-28'),
(371, 'I3', 10, '2025-01-28'),
(371, 'I5', 10, '2025-01-28'),
(371, 'I7', 10, '2025-01-28'),
(371, 'I9', 10, '2025-01-28'),
(371, 'J2', 10, '2025-01-28'),
(371, 'J3', 10, '2025-01-28'),
(372, 'A8', 10, '2025-01-28'),
(372, 'A9', 10, '2025-01-28'),
(372, 'B10', 10, '2025-01-28'),
(372, 'B2', 10, '2025-01-28'),
(372, 'B4', 10, '2025-01-28'),
(372, 'B5', 10, '2025-01-28'),
(372, 'B7', 10, '2025-01-28'),
(372, 'B8', 10, '2025-01-28'),
(372, 'C1', 10, '2025-01-28'),
(372, 'C10', 10, '2025-01-28'),
(372, 'C3', 10, '2025-01-28'),
(372, 'C4', 10, '2025-01-28'),
(372, 'C6', 10, '2025-01-28'),
(372, 'C8', 10, '2025-01-28'),
(372, 'C9', 10, '2025-01-28'),
(372, 'D2', 10, '2025-01-28'),
(372, 'D4', 10, '2025-01-28'),
(372, 'D5', 10, '2025-01-28'),
(372, 'D6', 10, '2025-01-28'),
(372, 'D7', 10, '2025-01-28'),
(372, 'E1', 10, '2025-01-28'),
(372, 'E10', 10, '2025-01-28'),
(372, 'E2', 10, '2025-01-28'),
(372, 'E3', 10, '2025-01-28'),
(372, 'E5', 10, '2025-01-28'),
(372, 'E6', 10, '2025-01-28'),
(372, 'E7', 10, '2025-01-28'),
(372, 'E8', 10, '2025-01-28'),
(372, 'F2', 10, '2025-01-28'),
(372, 'F4', 10, '2025-01-28'),
(372, 'F5', 10, '2025-01-28'),
(372, 'F6', 10, '2025-01-28'),
(372, 'F9', 10, '2025-01-28'),
(372, 'G1', 10, '2025-01-28'),
(372, 'G10', 10, '2025-01-28'),
(372, 'G3', 10, '2025-01-28'),
(372, 'G5', 10, '2025-01-28'),
(372, 'G6', 10, '2025-01-28'),
(372, 'G7', 10, '2025-01-28'),
(372, 'G8', 10, '2025-01-28'),
(372, 'G9', 10, '2025-01-28'),
(372, 'H1', 10, '2025-01-28'),
(372, 'H2', 10, '2025-01-28'),
(372, 'H3', 10, '2025-01-28'),
(372, 'H4', 10, '2025-01-28'),
(372, 'H5', 10, '2025-01-28'),
(372, 'H6', 10, '2025-01-28'),
(372, 'H8', 10, '2025-01-28'),
(372, 'I10', 10, '2025-01-28'),
(372, 'I2', 10, '2025-01-28'),
(372, 'I3', 10, '2025-01-28'),
(372, 'I8', 10, '2025-01-28'),
(372, 'J1', 10, '2025-01-28'),
(372, 'J2', 10, '2025-01-28'),
(372, 'J5', 10, '2025-01-28'),
(373, 'B2', 10, '2025-01-28'),
(373, 'B3', 10, '2025-01-28'),
(373, 'B6', 10, '2025-01-28'),
(373, 'B7', 10, '2025-01-28'),
(373, 'B8', 10, '2025-01-28'),
(373, 'C1', 10, '2025-01-28'),
(373, 'C10', 10, '2025-01-28'),
(373, 'C3', 10, '2025-01-28'),
(373, 'C4', 10, '2025-01-28'),
(373, 'C5', 10, '2025-01-28'),
(373, 'C8', 10, '2025-01-28'),
(373, 'C9', 10, '2025-01-28'),
(373, 'D10', 10, '2025-01-28'),
(373, 'D2', 10, '2025-01-28'),
(373, 'D3', 10, '2025-01-28'),
(373, 'D6', 10, '2025-01-28'),
(373, 'D7', 10, '2025-01-28'),
(373, 'D8', 10, '2025-01-28'),
(373, 'E10', 10, '2025-01-28'),
(373, 'E3', 10, '2025-01-28'),
(373, 'E4', 10, '2025-01-28'),
(373, 'E7', 10, '2025-01-28'),
(373, 'E8', 10, '2025-01-28'),
(373, 'E9', 10, '2025-01-28'),
(373, 'F10', 10, '2025-01-28'),
(373, 'F2', 10, '2025-01-28'),
(373, 'F3', 10, '2025-01-28'),
(373, 'F4', 10, '2025-01-28'),
(373, 'F6', 10, '2025-01-28'),
(373, 'F7', 10, '2025-01-28'),
(373, 'F8', 10, '2025-01-28'),
(373, 'G1', 10, '2025-01-28'),
(373, 'G2', 10, '2025-01-28'),
(373, 'G5', 10, '2025-01-28'),
(373, 'G7', 10, '2025-01-28'),
(373, 'G9', 10, '2025-01-28'),
(373, 'H1', 10, '2025-01-28'),
(373, 'H3', 10, '2025-01-28'),
(373, 'H4', 10, '2025-01-28'),
(373, 'H7', 10, '2025-01-28'),
(373, 'H8', 10, '2025-01-28'),
(373, 'H9', 10, '2025-01-28'),
(373, 'I10', 10, '2025-01-28'),
(373, 'I2', 10, '2025-01-28'),
(373, 'I3', 10, '2025-01-28'),
(373, 'I5', 10, '2025-01-28'),
(373, 'I6', 10, '2025-01-28'),
(373, 'I7', 10, '2025-01-28'),
(373, 'I8', 10, '2025-01-28'),
(373, 'J2', 10, '2025-01-28'),
(373, 'J4', 10, '2025-01-28'),
(374, 'A2', 10, '2025-01-28'),
(374, 'B1', 10, '2025-01-28'),
(374, 'B8', 10, '2025-01-28'),
(374, 'C1', 10, '2025-01-28'),
(374, 'C3', 10, '2025-01-28'),
(374, 'C5', 10, '2025-01-28'),
(374, 'C6', 10, '2025-01-28'),
(374, 'C8', 10, '2025-01-28'),
(374, 'C9', 10, '2025-01-28'),
(374, 'D10', 10, '2025-01-28'),
(374, 'D2', 10, '2025-01-28'),
(374, 'D4', 10, '2025-01-28'),
(374, 'D6', 10, '2025-01-28'),
(374, 'D7', 10, '2025-01-28'),
(374, 'D9', 10, '2025-01-28'),
(374, 'E1', 10, '2025-01-28'),
(374, 'E4', 10, '2025-01-28'),
(374, 'E6', 10, '2025-01-28'),
(374, 'E8', 10, '2025-01-28'),
(374, 'F1', 10, '2025-01-28'),
(374, 'F10', 10, '2025-01-28'),
(374, 'F2', 10, '2025-01-28'),
(374, 'F3', 10, '2025-01-28'),
(374, 'F5', 10, '2025-01-28'),
(374, 'F7', 10, '2025-01-28'),
(374, 'G5', 10, '2025-01-28'),
(374, 'G6', 10, '2025-01-28'),
(374, 'G7', 10, '2025-01-28'),
(374, 'G8', 10, '2025-01-28'),
(374, 'G9', 10, '2025-01-28'),
(374, 'H1', 10, '2025-01-28'),
(374, 'H10', 10, '2025-01-28'),
(374, 'H2', 10, '2025-01-28'),
(374, 'H3', 10, '2025-01-28'),
(374, 'H4', 10, '2025-01-28'),
(374, 'I2', 10, '2025-01-28'),
(374, 'I5', 10, '2025-01-28'),
(374, 'I6', 10, '2025-01-28'),
(374, 'I8', 10, '2025-01-28'),
(374, 'I9', 10, '2025-01-28'),
(374, 'J4', 10, '2025-01-28'),
(375, 'B2', 10, '2025-01-28'),
(375, 'B8', 10, '2025-01-28'),
(375, 'C10', 10, '2025-01-28'),
(375, 'C3', 10, '2025-01-28'),
(375, 'C4', 10, '2025-01-28'),
(375, 'C6', 10, '2025-01-28'),
(375, 'C9', 10, '2025-01-28'),
(375, 'D1', 10, '2025-01-28'),
(375, 'D5', 10, '2025-01-28'),
(375, 'D8', 10, '2025-01-28'),
(375, 'E3', 10, '2025-01-28'),
(375, 'E4', 10, '2025-01-28'),
(375, 'E5', 10, '2025-01-28'),
(375, 'E6', 10, '2025-01-28'),
(375, 'E7', 10, '2025-01-28'),
(375, 'F1', 10, '2025-01-28'),
(375, 'F10', 10, '2025-01-28'),
(375, 'F2', 10, '2025-01-28'),
(375, 'F6', 10, '2025-01-28'),
(375, 'F8', 10, '2025-01-28'),
(375, 'F9', 10, '2025-01-28'),
(375, 'G3', 10, '2025-01-28'),
(375, 'G4', 10, '2025-01-28'),
(375, 'G7', 10, '2025-01-28'),
(375, 'H2', 10, '2025-01-28'),
(375, 'H5', 10, '2025-01-28'),
(375, 'H6', 10, '2025-01-28'),
(375, 'H7', 10, '2025-01-28'),
(375, 'H9', 10, '2025-01-28'),
(375, 'I10', 10, '2025-01-28'),
(375, 'I2', 10, '2025-01-28'),
(375, 'I3', 10, '2025-01-28'),
(375, 'I5', 10, '2025-01-28'),
(375, 'I8', 10, '2025-01-28'),
(375, 'J3', 10, '2025-01-28'),
(376, 'B5', 10, '2025-01-28'),
(376, 'B8', 10, '2025-01-28'),
(376, 'C10', 10, '2025-01-28'),
(376, 'C2', 10, '2025-01-28'),
(376, 'C4', 10, '2025-01-28'),
(376, 'C6', 10, '2025-01-28'),
(376, 'C7', 10, '2025-01-28'),
(376, 'D1', 10, '2025-01-28'),
(376, 'D4', 10, '2025-01-28'),
(376, 'D8', 10, '2025-01-28'),
(376, 'D9', 10, '2025-01-28'),
(376, 'E10', 10, '2025-01-28'),
(376, 'E3', 10, '2025-01-28'),
(376, 'E4', 10, '2025-01-28'),
(376, 'E6', 10, '2025-01-28'),
(376, 'F2', 10, '2025-01-28'),
(376, 'F5', 10, '2025-01-28'),
(376, 'F7', 10, '2025-01-28'),
(376, 'F9', 10, '2025-01-28'),
(376, 'G1', 10, '2025-01-28'),
(376, 'G4', 10, '2025-01-28'),
(376, 'G7', 10, '2025-01-28'),
(376, 'G9', 10, '2025-01-28'),
(376, 'H10', 10, '2025-01-28'),
(376, 'H2', 10, '2025-01-28'),
(376, 'H3', 10, '2025-01-28'),
(376, 'H6', 10, '2025-01-28'),
(376, 'H8', 10, '2025-01-28'),
(376, 'I3', 10, '2025-01-28'),
(376, 'I5', 10, '2025-01-28'),
(376, 'I9', 10, '2025-01-28'),
(376, 'J1', 10, '2025-01-28'),
(376, 'J2', 10, '2025-01-28'),
(377, 'B1', 10, '2025-01-28'),
(377, 'B10', 10, '2025-01-28'),
(377, 'B4', 10, '2025-01-28'),
(377, 'B6', 10, '2025-01-28'),
(377, 'C2', 10, '2025-01-28'),
(377, 'C3', 10, '2025-01-28'),
(377, 'C4', 10, '2025-01-28'),
(377, 'C8', 10, '2025-01-28'),
(377, 'D3', 10, '2025-01-28'),
(377, 'D5', 10, '2025-01-28'),
(377, 'D7', 10, '2025-01-28'),
(377, 'D9', 10, '2025-01-28'),
(377, 'E1', 10, '2025-01-28'),
(377, 'E4', 10, '2025-01-28'),
(377, 'E5', 10, '2025-01-28'),
(377, 'E6', 10, '2025-01-28'),
(377, 'E8', 10, '2025-01-28'),
(377, 'F1', 10, '2025-01-28'),
(377, 'F10', 10, '2025-01-28'),
(377, 'F3', 10, '2025-01-28'),
(377, 'F5', 10, '2025-01-28'),
(377, 'F7', 10, '2025-01-28'),
(377, 'F9', 10, '2025-01-28'),
(377, 'G2', 10, '2025-01-28'),
(377, 'G4', 10, '2025-01-28'),
(377, 'G8', 10, '2025-01-28'),
(377, 'H1', 10, '2025-01-28'),
(377, 'H3', 10, '2025-01-28'),
(377, 'H5', 10, '2025-01-28'),
(377, 'H8', 10, '2025-01-28'),
(377, 'H9', 10, '2025-01-28'),
(377, 'I2', 10, '2025-01-28'),
(377, 'I3', 10, '2025-01-28'),
(377, 'I4', 10, '2025-01-28'),
(377, 'I6', 10, '2025-01-28'),
(377, 'I7', 10, '2025-01-28'),
(377, 'J2', 10, '2025-01-28'),
(377, 'J3', 10, '2025-01-28'),
(378, 'A4', 10, '2025-01-28'),
(378, 'B2', 10, '2025-01-28'),
(378, 'B3', 10, '2025-01-28'),
(378, 'B4', 10, '2025-01-28'),
(378, 'B6', 10, '2025-01-28'),
(378, 'B7', 10, '2025-01-28'),
(378, 'B9', 10, '2025-01-28'),
(378, 'C10', 10, '2025-01-28'),
(378, 'C2', 10, '2025-01-28'),
(378, 'C3', 10, '2025-01-28'),
(378, 'C4', 10, '2025-01-28'),
(378, 'C5', 10, '2025-01-28'),
(378, 'C8', 10, '2025-01-28'),
(378, 'D1', 10, '2025-01-28'),
(378, 'D4', 10, '2025-01-28'),
(378, 'D5', 10, '2025-01-28'),
(378, 'D7', 10, '2025-01-28'),
(378, 'D9', 10, '2025-01-28'),
(378, 'E10', 10, '2025-01-28'),
(378, 'E2', 10, '2025-01-28'),
(378, 'E3', 10, '2025-01-28'),
(378, 'E5', 10, '2025-01-28'),
(378, 'E6', 10, '2025-01-28'),
(378, 'E7', 10, '2025-01-28'),
(378, 'E8', 10, '2025-01-28'),
(378, 'E9', 10, '2025-01-28'),
(378, 'F3', 10, '2025-01-28'),
(378, 'F5', 10, '2025-01-28'),
(378, 'F6', 10, '2025-01-28'),
(378, 'F7', 10, '2025-01-28'),
(378, 'F9', 10, '2025-01-28'),
(378, 'G1', 10, '2025-01-28'),
(378, 'G10', 10, '2025-01-28'),
(378, 'G2', 10, '2025-01-28'),
(378, 'G3', 10, '2025-01-28'),
(378, 'G4', 10, '2025-01-28'),
(378, 'G5', 10, '2025-01-28'),
(378, 'G7', 10, '2025-01-28'),
(378, 'G8', 10, '2025-01-28'),
(378, 'G9', 10, '2025-01-28'),
(378, 'H3', 10, '2025-01-28'),
(378, 'H4', 10, '2025-01-28'),
(378, 'H8', 10, '2025-01-28'),
(378, 'I1', 10, '2025-01-28'),
(378, 'I10', 10, '2025-01-28'),
(378, 'I2', 10, '2025-01-28'),
(378, 'I4', 10, '2025-01-28'),
(378, 'I6', 10, '2025-01-28'),
(378, 'I7', 10, '2025-01-28'),
(378, 'I8', 10, '2025-01-28'),
(378, 'J1', 10, '2025-01-28'),
(378, 'J2', 10, '2025-01-28'),
(378, 'J3', 10, '2025-01-28'),
(378, 'J5', 10, '2025-01-28'),
(421, 'A1', 7, '2023-01-01'),
(421, 'A2', 7, '2023-01-01'),
(421, 'A7', 10, '2025-01-30'),
(421, 'A8', 10, '2025-01-30'),
(421, 'A9', 10, '2025-01-30'),
(421, 'B1', 7, '2023-01-01'),
(421, 'B10', 10, '2025-01-30'),
(421, 'B2', 7, '2023-01-01'),
(421, 'B5', 10, '2025-01-30'),
(421, 'B6', 10, '2025-01-30'),
(421, 'B7', 10, '2025-01-30'),
(421, 'B8', 10, '2025-01-30'),
(421, 'B9', 10, '2025-01-30'),
(421, 'C1', 10, '2025-01-30'),
(421, 'C3', 10, '2025-01-30'),
(421, 'C5', 10, '2025-01-30'),
(421, 'C6', 10, '2025-01-30'),
(421, 'C8', 10, '2025-01-30'),
(421, 'D10', 10, '2025-01-30'),
(421, 'D2', 10, '2025-01-30'),
(421, 'D4', 10, '2025-01-30'),
(421, 'D6', 10, '2025-01-30'),
(421, 'D7', 10, '2025-01-30'),
(421, 'D9', 10, '2025-01-30'),
(421, 'E1', 10, '2025-01-30'),
(421, 'E10', 10, '2025-01-30'),
(421, 'E2', 10, '2025-01-30'),
(421, 'E3', 10, '2025-01-30'),
(421, 'E6', 10, '2025-01-30'),
(421, 'E7', 10, '2025-01-30'),
(421, 'E8', 10, '2025-01-30'),
(421, 'E9', 10, '2025-01-30'),
(421, 'F2', 10, '2025-01-30'),
(421, 'F4', 10, '2025-01-30'),
(421, 'F5', 10, '2025-01-30'),
(421, 'F6', 10, '2025-01-30'),
(421, 'F7', 10, '2025-01-30'),
(421, 'F8', 10, '2025-01-30'),
(421, 'F9', 10, '2025-01-30'),
(421, 'G10', 10, '2025-01-30'),
(421, 'G2', 10, '2025-01-30'),
(421, 'G3', 10, '2025-01-30'),
(421, 'G4', 10, '2025-01-30'),
(421, 'G5', 10, '2025-01-30'),
(421, 'G6', 10, '2025-01-30'),
(421, 'G7', 10, '2025-01-30'),
(421, 'G8', 10, '2025-01-30'),
(421, 'G9', 10, '2025-01-30'),
(421, 'H1', 10, '2025-01-30'),
(421, 'H2', 10, '2025-01-30'),
(421, 'H3', 10, '2025-01-30'),
(421, 'H4', 10, '2025-01-30'),
(421, 'H5', 10, '2025-01-30'),
(421, 'H6', 10, '2025-01-30'),
(421, 'H7', 10, '2025-01-30'),
(421, 'H8', 10, '2025-01-30'),
(421, 'H9', 10, '2025-01-30'),
(421, 'I1', 10, '2025-01-30'),
(421, 'I10', 10, '2025-01-30'),
(421, 'I2', 10, '2025-01-30'),
(421, 'I3', 10, '2025-01-30'),
(421, 'I5', 10, '2025-01-30'),
(421, 'I6', 10, '2025-01-30'),
(421, 'I7', 10, '2025-01-30'),
(421, 'I8', 10, '2025-01-30'),
(421, 'I9', 10, '2025-01-30'),
(421, 'J1', 10, '2025-01-30'),
(421, 'J2', 10, '2025-01-30'),
(421, 'J4', 10, '2025-01-30'),
(421, 'J5', 10, '2025-01-30'),
(422, 'B3', 10, '2025-01-30'),
(422, 'B9', 10, '2025-01-30'),
(422, 'C10', 10, '2025-01-30'),
(422, 'C2', 10, '2025-01-30'),
(422, 'C4', 10, '2025-01-30'),
(422, 'C8', 10, '2025-01-30'),
(422, 'D1', 10, '2025-01-30'),
(422, 'D3', 10, '2025-01-30'),
(422, 'D7', 10, '2025-01-30'),
(422, 'D8', 10, '2025-01-30'),
(422, 'D9', 10, '2025-01-30'),
(422, 'F10', 10, '2025-01-30'),
(422, 'F2', 10, '2025-01-30'),
(422, 'F3', 10, '2025-01-30'),
(422, 'F4', 10, '2025-01-30'),
(422, 'F6', 10, '2025-01-30'),
(422, 'F8', 10, '2025-01-30'),
(422, 'G5', 10, '2025-01-30'),
(422, 'G6', 10, '2025-01-30'),
(422, 'G8', 10, '2025-01-30'),
(422, 'G9', 10, '2025-01-30'),
(422, 'H2', 10, '2025-01-30'),
(422, 'H3', 10, '2025-01-30'),
(422, 'I1', 10, '2025-01-30'),
(422, 'I10', 10, '2025-01-30'),
(422, 'I4', 10, '2025-01-30'),
(422, 'I6', 10, '2025-01-30'),
(422, 'I7', 10, '2025-01-30'),
(422, 'I8', 10, '2025-01-30'),
(422, 'J4', 10, '2025-01-30'),
(423, 'C4', 10, '2025-01-30'),
(423, 'C6', 10, '2025-01-30'),
(423, 'C8', 10, '2025-01-30'),
(423, 'D2', 10, '2025-01-30'),
(423, 'D3', 10, '2025-01-30'),
(423, 'E10', 10, '2025-01-30'),
(423, 'E6', 10, '2025-01-30'),
(423, 'E7', 10, '2025-01-30'),
(423, 'F1', 10, '2025-01-30'),
(423, 'F3', 10, '2025-01-30'),
(423, 'F5', 10, '2025-01-30'),
(423, 'F8', 10, '2025-01-30'),
(423, 'F9', 10, '2025-01-30'),
(423, 'G2', 10, '2025-01-30'),
(423, 'G4', 10, '2025-01-30'),
(423, 'G7', 10, '2025-01-30'),
(423, 'G8', 10, '2025-01-30'),
(423, 'H10', 10, '2025-01-30'),
(423, 'H6', 10, '2025-01-30'),
(423, 'H7', 10, '2025-01-30'),
(423, 'H9', 10, '2025-01-30'),
(423, 'I2', 10, '2025-01-30'),
(423, 'I4', 10, '2025-01-30'),
(423, 'I5', 10, '2025-01-30'),
(423, 'I9', 10, '2025-01-30'),
(424, 'C1', 10, '2025-01-30'),
(424, 'D10', 10, '2025-01-30'),
(424, 'D3', 10, '2025-01-30'),
(424, 'D5', 10, '2025-01-30'),
(424, 'D6', 10, '2025-01-30'),
(424, 'D7', 10, '2025-01-30'),
(424, 'E1', 10, '2025-01-30'),
(424, 'E8', 10, '2025-01-30'),
(424, 'F2', 10, '2025-01-30'),
(424, 'F4', 10, '2025-01-30'),
(424, 'F9', 10, '2025-01-30'),
(424, 'G3', 10, '2025-01-30'),
(424, 'G4', 10, '2025-01-30'),
(424, 'G6', 10, '2025-01-30'),
(424, 'G8', 10, '2025-01-30'),
(424, 'H4', 10, '2025-01-30'),
(424, 'H7', 10, '2025-01-30'),
(424, 'H9', 10, '2025-01-30'),
(424, 'I1', 10, '2025-01-30'),
(424, 'I10', 10, '2025-01-30'),
(424, 'I3', 10, '2025-01-30'),
(424, 'I4', 10, '2025-01-30'),
(424, 'I5', 10, '2025-01-30'),
(424, 'I6', 10, '2025-01-30'),
(424, 'I8', 10, '2025-01-30'),
(425, 'C2', 10, '2025-01-30'),
(425, 'C7', 10, '2025-01-30'),
(425, 'C8', 10, '2025-01-30'),
(425, 'C9', 10, '2025-01-30'),
(425, 'D10', 10, '2025-01-30'),
(425, 'D3', 10, '2025-01-30'),
(425, 'E2', 10, '2025-01-30'),
(425, 'E5', 10, '2025-01-30'),
(425, 'E7', 10, '2025-01-30'),
(425, 'E9', 10, '2025-01-30'),
(425, 'F5', 10, '2025-01-30'),
(425, 'F6', 10, '2025-01-30'),
(425, 'F9', 10, '2025-01-30'),
(425, 'G1', 10, '2025-01-30'),
(425, 'G10', 10, '2025-01-30'),
(425, 'G3', 10, '2025-01-30'),
(425, 'G7', 10, '2025-01-30'),
(425, 'H4', 10, '2025-01-30'),
(425, 'H5', 10, '2025-01-30'),
(425, 'H6', 10, '2025-01-30'),
(425, 'H8', 10, '2025-01-30'),
(425, 'I1', 10, '2025-01-30'),
(425, 'I10', 10, '2025-01-30'),
(425, 'I3', 10, '2025-01-30'),
(425, 'I4', 10, '2025-01-30'),
(425, 'I6', 10, '2025-01-30'),
(425, 'J4', 10, '2025-01-30'),
(426, 'B2', 10, '2025-01-30'),
(426, 'C2', 10, '2025-01-30'),
(426, 'C5', 10, '2025-01-30'),
(426, 'C6', 10, '2025-01-30'),
(426, 'C8', 10, '2025-01-30'),
(426, 'C9', 10, '2025-01-30'),
(426, 'D10', 10, '2025-01-30'),
(426, 'D4', 10, '2025-01-30'),
(426, 'D8', 10, '2025-01-30'),
(426, 'E1', 10, '2025-01-30'),
(426, 'E3', 10, '2025-01-30'),
(426, 'E6', 10, '2025-01-30'),
(426, 'F2', 10, '2025-01-30'),
(426, 'F4', 10, '2025-01-30'),
(426, 'F8', 10, '2025-01-30'),
(426, 'G1', 10, '2025-01-30'),
(426, 'G10', 10, '2025-01-30'),
(426, 'G6', 10, '2025-01-30'),
(426, 'G9', 10, '2025-01-30'),
(426, 'H3', 10, '2025-01-30'),
(426, 'H5', 10, '2025-01-30'),
(426, 'H7', 10, '2025-01-30'),
(426, 'H8', 10, '2025-01-30'),
(426, 'I10', 10, '2025-01-30'),
(426, 'I2', 10, '2025-01-30'),
(426, 'I4', 10, '2025-01-30'),
(426, 'I9', 10, '2025-01-30'),
(427, 'A1', 10, '2025-01-30'),
(427, 'A3', 10, '2025-01-30'),
(427, 'A7', 10, '2025-01-30'),
(427, 'A8', 10, '2025-01-30'),
(427, 'B1', 10, '2025-01-30'),
(427, 'B3', 10, '2025-01-30'),
(427, 'B4', 10, '2025-01-30'),
(427, 'B6', 10, '2025-01-30'),
(427, 'B7', 10, '2025-01-30'),
(427, 'B8', 10, '2025-01-30'),
(427, 'B9', 10, '2025-01-30'),
(427, 'C1', 10, '2025-01-30'),
(427, 'C10', 10, '2025-01-30'),
(427, 'C2', 10, '2025-01-30'),
(427, 'C3', 10, '2025-01-30'),
(427, 'C4', 10, '2025-01-30'),
(427, 'C5', 10, '2025-01-30'),
(427, 'C6', 10, '2025-01-30'),
(427, 'C7', 10, '2025-01-30'),
(427, 'C9', 10, '2025-01-30'),
(427, 'D2', 10, '2025-01-30'),
(427, 'D3', 10, '2025-01-30'),
(427, 'D4', 10, '2025-01-30'),
(427, 'D5', 10, '2025-01-30'),
(427, 'D6', 10, '2025-01-30'),
(427, 'D7', 10, '2025-01-30'),
(427, 'D8', 10, '2025-01-30'),
(427, 'D9', 10, '2025-01-30'),
(427, 'E1', 10, '2025-01-30'),
(427, 'E10', 10, '2025-01-30'),
(427, 'E2', 10, '2025-01-30'),
(427, 'E4', 10, '2025-01-30'),
(427, 'E5', 10, '2025-01-30'),
(427, 'E8', 10, '2025-01-30'),
(427, 'E9', 10, '2025-01-30'),
(427, 'F1', 10, '2025-01-30'),
(427, 'F10', 10, '2025-01-30'),
(427, 'F2', 10, '2025-01-30'),
(427, 'F3', 10, '2025-01-30'),
(427, 'F4', 10, '2025-01-30'),
(427, 'F5', 10, '2025-01-30'),
(427, 'F6', 10, '2025-01-30'),
(427, 'F7', 10, '2025-01-30'),
(427, 'F8', 10, '2025-01-30'),
(427, 'G2', 10, '2025-01-30'),
(427, 'G3', 10, '2025-01-30'),
(427, 'G4', 10, '2025-01-30'),
(427, 'G5', 10, '2025-01-30'),
(427, 'G6', 10, '2025-01-30'),
(427, 'G7', 10, '2025-01-30'),
(427, 'G8', 10, '2025-01-30'),
(427, 'G9', 10, '2025-01-30'),
(427, 'H1', 10, '2025-01-30'),
(427, 'H10', 10, '2025-01-30'),
(427, 'H4', 10, '2025-01-30'),
(427, 'H5', 10, '2025-01-30'),
(427, 'H6', 10, '2025-01-30'),
(427, 'H8', 10, '2025-01-30'),
(427, 'H9', 10, '2025-01-30'),
(427, 'I1', 10, '2025-01-30'),
(427, 'I10', 10, '2025-01-30'),
(427, 'I2', 10, '2025-01-30'),
(427, 'I3', 10, '2025-01-30'),
(427, 'I4', 10, '2025-01-30'),
(427, 'I5', 10, '2025-01-30'),
(427, 'I6', 10, '2025-01-30'),
(427, 'I7', 10, '2025-01-30'),
(427, 'I8', 10, '2025-01-30'),
(427, 'I9', 10, '2025-01-30'),
(427, 'J2', 10, '2025-01-30'),
(427, 'J3', 10, '2025-01-30'),
(427, 'J5', 10, '2025-01-30'),
(428, 'A1', 10, '2025-01-30'),
(428, 'A2', 10, '2025-01-30'),
(428, 'A4', 10, '2025-01-30'),
(428, 'A6', 10, '2025-01-30'),
(428, 'A7', 10, '2025-01-30'),
(428, 'B1', 10, '2025-01-30'),
(428, 'B2', 10, '2025-01-30'),
(428, 'B3', 10, '2025-01-30'),
(428, 'B4', 10, '2025-01-30'),
(428, 'B5', 10, '2025-01-30'),
(428, 'B7', 10, '2025-01-30'),
(428, 'B8', 10, '2025-01-30'),
(428, 'B9', 10, '2025-01-30'),
(428, 'C1', 10, '2025-01-30'),
(428, 'C10', 10, '2025-01-30'),
(428, 'C2', 10, '2025-01-30'),
(428, 'C3', 10, '2025-01-30'),
(428, 'C4', 10, '2025-01-30'),
(428, 'C5', 10, '2025-01-30'),
(428, 'C6', 10, '2025-01-30'),
(428, 'C7', 10, '2025-01-30'),
(428, 'C8', 10, '2025-01-30'),
(428, 'C9', 10, '2025-01-30'),
(428, 'D1', 10, '2025-01-30'),
(428, 'D2', 10, '2025-01-30'),
(428, 'D3', 10, '2025-01-30'),
(428, 'D4', 10, '2025-01-30'),
(428, 'D6', 10, '2025-01-30'),
(428, 'D7', 10, '2025-01-30'),
(428, 'D8', 10, '2025-01-30'),
(428, 'D9', 10, '2025-01-30'),
(428, 'E1', 10, '2025-01-30'),
(428, 'E10', 10, '2025-01-30'),
(428, 'E2', 10, '2025-01-30'),
(428, 'E4', 10, '2025-01-30'),
(428, 'E5', 10, '2025-01-30'),
(428, 'E6', 10, '2025-01-30'),
(428, 'E7', 10, '2025-01-30'),
(428, 'E8', 10, '2025-01-30'),
(428, 'E9', 10, '2025-01-30'),
(428, 'F2', 10, '2025-01-30'),
(428, 'F3', 10, '2025-01-30'),
(428, 'F4', 10, '2025-01-30'),
(428, 'F5', 10, '2025-01-30'),
(428, 'F7', 10, '2025-01-30'),
(428, 'F8', 10, '2025-01-30'),
(428, 'G1', 10, '2025-01-30'),
(428, 'G10', 10, '2025-01-30'),
(428, 'G3', 10, '2025-01-30'),
(428, 'G4', 10, '2025-01-30'),
(428, 'G6', 10, '2025-01-30'),
(428, 'G7', 10, '2025-01-30'),
(428, 'G8', 10, '2025-01-30'),
(428, 'H10', 10, '2025-01-30'),
(428, 'H2', 10, '2025-01-30'),
(428, 'H3', 10, '2025-01-30'),
(428, 'H4', 10, '2025-01-30'),
(428, 'H5', 10, '2025-01-30'),
(428, 'H6', 10, '2025-01-30'),
(428, 'H7', 10, '2025-01-30'),
(428, 'H8', 10, '2025-01-30'),
(428, 'H9', 10, '2025-01-30'),
(428, 'I1', 10, '2025-01-30'),
(428, 'I10', 10, '2025-01-30'),
(428, 'I2', 10, '2025-01-30'),
(428, 'I3', 10, '2025-01-30'),
(428, 'I4', 10, '2025-01-30'),
(428, 'I5', 10, '2025-01-30'),
(428, 'I6', 10, '2025-01-30'),
(428, 'I7', 10, '2025-01-30'),
(428, 'I8', 10, '2025-01-30'),
(428, 'I9', 10, '2025-01-30'),
(428, 'J1', 10, '2025-01-30'),
(428, 'J3', 10, '2025-01-30'),
(428, 'J4', 10, '2025-01-30'),
(429, 'B1', 10, '2025-01-30'),
(429, 'C10', 10, '2025-01-30'),
(429, 'C5', 10, '2025-01-30'),
(429, 'C7', 10, '2025-01-30'),
(429, 'D3', 10, '2025-01-30'),
(429, 'D6', 10, '2025-01-30'),
(429, 'D8', 10, '2025-01-30'),
(429, 'D9', 10, '2025-01-30'),
(429, 'F10', 10, '2025-01-30'),
(429, 'F2', 10, '2025-01-30'),
(429, 'F5', 10, '2025-01-30'),
(429, 'F8', 10, '2025-01-30'),
(429, 'G1', 10, '2025-01-30'),
(429, 'G4', 10, '2025-01-30'),
(429, 'G7', 10, '2025-01-30'),
(429, 'H3', 10, '2025-01-30'),
(429, 'H8', 10, '2025-01-30'),
(429, 'H9', 10, '2025-01-30'),
(429, 'I6', 10, '2025-01-30'),
(429, 'J4', 10, '2025-01-30'),
(430, 'B2', 10, '2025-01-30'),
(430, 'C4', 10, '2025-01-30'),
(430, 'C6', 10, '2025-01-30'),
(430, 'D10', 10, '2025-01-30'),
(430, 'D3', 10, '2025-01-30'),
(430, 'E5', 10, '2025-01-30'),
(430, 'E8', 10, '2025-01-30'),
(430, 'F6', 10, '2025-01-30'),
(430, 'G2', 10, '2025-01-30'),
(430, 'G4', 10, '2025-01-30'),
(430, 'G9', 10, '2025-01-30'),
(430, 'H7', 10, '2025-01-30'),
(430, 'I2', 10, '2025-01-30'),
(430, 'I3', 10, '2025-01-30'),
(430, 'I5', 10, '2025-01-30'),
(430, 'I8', 10, '2025-01-30'),
(430, 'I9', 10, '2025-01-30'),
(431, 'B1', 10, '2025-01-30'),
(431, 'C3', 10, '2025-01-30'),
(431, 'C4', 10, '2025-01-30'),
(431, 'C8', 10, '2025-01-30'),
(431, 'D2', 10, '2025-01-30'),
(431, 'D7', 10, '2025-01-30'),
(431, 'D8', 10, '2025-01-30'),
(431, 'E5', 10, '2025-01-30'),
(431, 'F4', 10, '2025-01-30'),
(431, 'F6', 10, '2025-01-30'),
(431, 'F8', 10, '2025-01-30'),
(431, 'F9', 10, '2025-01-30'),
(431, 'G1', 10, '2025-01-30'),
(431, 'H10', 10, '2025-01-30'),
(431, 'H2', 10, '2025-01-30'),
(431, 'H7', 10, '2025-01-30'),
(431, 'I3', 10, '2025-01-30'),
(431, 'I4', 10, '2025-01-30'),
(431, 'I8', 10, '2025-01-30'),
(432, 'B1', 10, '2025-01-30'),
(432, 'C5', 10, '2025-01-30'),
(432, 'D7', 10, '2025-01-30'),
(432, 'D8', 10, '2025-01-30'),
(432, 'E2', 10, '2025-01-30'),
(432, 'F5', 10, '2025-01-30'),
(432, 'G3', 10, '2025-01-30'),
(432, 'H10', 10, '2025-01-30'),
(432, 'H7', 10, '2025-01-30'),
(432, 'I2', 10, '2025-01-30'),
(432, 'J2', 10, '2025-01-30'),
(433, 'B8', 10, '2025-01-30'),
(433, 'C4', 10, '2025-01-30'),
(433, 'D10', 10, '2025-01-30'),
(433, 'D2', 10, '2025-01-30'),
(433, 'D7', 10, '2025-01-30'),
(433, 'E9', 10, '2025-01-30'),
(433, 'F2', 10, '2025-01-30'),
(433, 'G4', 10, '2025-01-30'),
(433, 'G7', 10, '2025-01-30'),
(433, 'G9', 10, '2025-01-30'),
(433, 'I1', 10, '2025-01-30'),
(433, 'I9', 10, '2025-01-30'),
(433, 'J5', 10, '2025-01-30'),
(434, 'A10', 10, '2025-01-30'),
(434, 'A2', 10, '2025-01-30'),
(434, 'A4', 10, '2025-01-30'),
(434, 'A5', 10, '2025-01-30'),
(434, 'A6', 10, '2025-01-30'),
(434, 'A8', 10, '2025-01-30'),
(434, 'A9', 10, '2025-01-30'),
(434, 'B1', 10, '2025-01-30'),
(434, 'B10', 10, '2025-01-30'),
(434, 'B2', 10, '2025-01-30'),
(434, 'B3', 10, '2025-01-30'),
(434, 'B4', 10, '2025-01-30'),
(434, 'B5', 10, '2025-01-30'),
(434, 'B6', 10, '2025-01-30'),
(434, 'B7', 10, '2025-01-30'),
(434, 'B9', 10, '2025-01-30'),
(434, 'C2', 10, '2025-01-30'),
(434, 'C3', 10, '2025-01-30'),
(434, 'C4', 10, '2025-01-30'),
(434, 'C5', 10, '2025-01-30'),
(434, 'C6', 10, '2025-01-30'),
(434, 'C7', 10, '2025-01-30'),
(434, 'C8', 10, '2025-01-30'),
(434, 'D1', 10, '2025-01-30'),
(434, 'D10', 10, '2025-01-30'),
(434, 'D2', 10, '2025-01-30'),
(434, 'D3', 10, '2025-01-30'),
(434, 'D4', 10, '2025-01-30'),
(434, 'D5', 10, '2025-01-30'),
(434, 'D6', 10, '2025-01-30'),
(434, 'D8', 10, '2025-01-30'),
(434, 'D9', 10, '2025-01-30'),
(434, 'E1', 10, '2025-01-30'),
(434, 'E3', 10, '2025-01-30'),
(434, 'E5', 10, '2025-01-30'),
(434, 'E6', 10, '2025-01-30'),
(434, 'E7', 10, '2025-01-30'),
(434, 'E9', 10, '2025-01-30'),
(434, 'F1', 10, '2025-01-30'),
(434, 'F10', 10, '2025-01-30'),
(434, 'F2', 10, '2025-01-30'),
(434, 'F3', 10, '2025-01-30'),
(434, 'F4', 10, '2025-01-30'),
(434, 'F5', 10, '2025-01-30'),
(434, 'F6', 10, '2025-01-30'),
(434, 'F7', 10, '2025-01-30'),
(434, 'F8', 10, '2025-01-30'),
(434, 'G10', 10, '2025-01-30'),
(434, 'G2', 10, '2025-01-30'),
(434, 'G3', 10, '2025-01-30'),
(434, 'G4', 10, '2025-01-30'),
(434, 'G5', 10, '2025-01-30'),
(434, 'G7', 10, '2025-01-30'),
(434, 'G8', 10, '2025-01-30'),
(434, 'G9', 10, '2025-01-30'),
(434, 'H1', 10, '2025-01-30'),
(434, 'H10', 10, '2025-01-30'),
(434, 'H2', 10, '2025-01-30'),
(434, 'H3', 10, '2025-01-30'),
(434, 'H5', 10, '2025-01-30'),
(434, 'H6', 10, '2025-01-30'),
(434, 'H7', 10, '2025-01-30'),
(434, 'H8', 10, '2025-01-30'),
(434, 'H9', 10, '2025-01-30'),
(434, 'I1', 10, '2025-01-30'),
(434, 'I2', 10, '2025-01-30'),
(434, 'I3', 10, '2025-01-30'),
(434, 'I4', 10, '2025-01-30'),
(434, 'I6', 10, '2025-01-30');
INSERT INTO `sale` (`showid`, `seatid`, `userid`, `SaleDate`) VALUES
(434, 'I7', 10, '2025-01-30'),
(434, 'I8', 10, '2025-01-30'),
(434, 'J1', 10, '2025-01-30'),
(434, 'J2', 10, '2025-01-30'),
(434, 'J4', 10, '2025-01-30'),
(435, 'A1', 10, '2025-01-30'),
(435, 'A10', 10, '2025-01-30'),
(435, 'A3', 10, '2025-01-30'),
(435, 'A4', 10, '2025-01-30'),
(435, 'A8', 10, '2025-01-30'),
(435, 'A9', 10, '2025-01-30'),
(435, 'B1', 10, '2025-01-30'),
(435, 'B3', 10, '2025-01-30'),
(435, 'B4', 10, '2025-01-30'),
(435, 'B5', 10, '2025-01-30'),
(435, 'B6', 10, '2025-01-30'),
(435, 'B8', 10, '2025-01-30'),
(435, 'B9', 10, '2025-01-30'),
(435, 'C1', 10, '2025-01-30'),
(435, 'C10', 10, '2025-01-30'),
(435, 'C2', 10, '2025-01-30'),
(435, 'C3', 10, '2025-01-30'),
(435, 'C4', 10, '2025-01-30'),
(435, 'C5', 10, '2025-01-30'),
(435, 'C7', 10, '2025-01-30'),
(435, 'C9', 10, '2025-01-30'),
(435, 'D10', 10, '2025-01-30'),
(435, 'D2', 10, '2025-01-30'),
(435, 'D4', 10, '2025-01-30'),
(435, 'D5', 10, '2025-01-30'),
(435, 'D6', 10, '2025-01-30'),
(435, 'D8', 10, '2025-01-30'),
(435, 'D9', 10, '2025-01-30'),
(435, 'E1', 10, '2025-01-30'),
(435, 'E10', 10, '2025-01-30'),
(435, 'E3', 10, '2025-01-30'),
(435, 'E4', 10, '2025-01-30'),
(435, 'E5', 10, '2025-01-30'),
(435, 'E7', 10, '2025-01-30'),
(435, 'E8', 10, '2025-01-30'),
(435, 'E9', 10, '2025-01-30'),
(435, 'F1', 10, '2025-01-30'),
(435, 'F10', 10, '2025-01-30'),
(435, 'F2', 10, '2025-01-30'),
(435, 'F3', 10, '2025-01-30'),
(435, 'F5', 10, '2025-01-30'),
(435, 'F6', 10, '2025-01-30'),
(435, 'F7', 10, '2025-01-30'),
(435, 'F9', 10, '2025-01-30'),
(435, 'G1', 10, '2025-01-30'),
(435, 'G10', 10, '2025-01-30'),
(435, 'G2', 10, '2025-01-30'),
(435, 'G3', 10, '2025-01-30'),
(435, 'G4', 10, '2025-01-30'),
(435, 'G5', 10, '2025-01-30'),
(435, 'G6', 10, '2025-01-30'),
(435, 'G7', 10, '2025-01-30'),
(435, 'G8', 10, '2025-01-30'),
(435, 'H1', 10, '2025-01-30'),
(435, 'H10', 10, '2025-01-30'),
(435, 'H2', 10, '2025-01-30'),
(435, 'H3', 10, '2025-01-30'),
(435, 'H4', 10, '2025-01-30'),
(435, 'H5', 10, '2025-01-30'),
(435, 'H6', 10, '2025-01-30'),
(435, 'H7', 10, '2025-01-30'),
(435, 'H8', 10, '2025-01-30'),
(435, 'H9', 10, '2025-01-30'),
(435, 'I1', 10, '2025-01-30'),
(435, 'I10', 10, '2025-01-30'),
(435, 'I2', 10, '2025-01-30'),
(435, 'I3', 10, '2025-01-30'),
(435, 'I4', 10, '2025-01-30'),
(435, 'I5', 10, '2025-01-30'),
(435, 'I6', 10, '2025-01-30'),
(435, 'I7', 10, '2025-01-30'),
(435, 'I8', 10, '2025-01-30'),
(435, 'I9', 10, '2025-01-30'),
(435, 'J1', 10, '2025-01-30'),
(435, 'J2', 10, '2025-01-30'),
(435, 'J4', 10, '2025-01-30'),
(435, 'J5', 10, '2025-01-30'),
(436, 'C1', 10, '2025-01-30'),
(436, 'C5', 10, '2025-01-30'),
(436, 'C6', 10, '2025-01-30'),
(436, 'D5', 10, '2025-01-30'),
(436, 'D8', 10, '2025-01-30'),
(436, 'D9', 10, '2025-01-30'),
(436, 'E2', 10, '2025-01-30'),
(436, 'F10', 10, '2025-01-30'),
(436, 'F4', 10, '2025-01-30'),
(436, 'F6', 10, '2025-01-30'),
(436, 'F8', 10, '2025-01-30'),
(436, 'G2', 10, '2025-01-30'),
(436, 'G7', 10, '2025-01-30'),
(436, 'G8', 10, '2025-01-30'),
(436, 'H1', 10, '2025-01-30'),
(436, 'H5', 10, '2025-01-30'),
(436, 'I10', 10, '2025-01-30'),
(436, 'I3', 10, '2025-01-30'),
(436, 'I4', 10, '2025-01-30'),
(436, 'I6', 10, '2025-01-30'),
(436, 'I8', 10, '2025-01-30'),
(437, 'B10', 10, '2025-01-30'),
(437, 'B3', 10, '2025-01-30'),
(437, 'B9', 10, '2025-01-30'),
(437, 'C1', 10, '2025-01-30'),
(437, 'C6', 10, '2025-01-30'),
(437, 'C7', 10, '2025-01-30'),
(437, 'D3', 10, '2025-01-30'),
(437, 'D5', 10, '2025-01-30'),
(437, 'D9', 10, '2025-01-30'),
(437, 'E7', 10, '2025-01-30'),
(437, 'F10', 10, '2025-01-30'),
(437, 'F2', 10, '2025-01-30'),
(437, 'F5', 10, '2025-01-30'),
(437, 'F6', 10, '2025-01-30'),
(437, 'F8', 10, '2025-01-30'),
(437, 'G4', 10, '2025-01-30'),
(437, 'G6', 10, '2025-01-30'),
(437, 'G9', 10, '2025-01-30'),
(437, 'H10', 10, '2025-01-30'),
(437, 'H2', 10, '2025-01-30'),
(437, 'H7', 10, '2025-01-30'),
(437, 'I1', 10, '2025-01-30'),
(437, 'I4', 10, '2025-01-30'),
(437, 'I5', 10, '2025-01-30'),
(437, 'I6', 10, '2025-01-30'),
(437, 'I8', 10, '2025-01-30'),
(438, 'C2', 10, '2025-01-30'),
(438, 'C8', 10, '2025-01-30'),
(438, 'D4', 10, '2025-01-30'),
(438, 'D6', 10, '2025-01-30'),
(438, 'E10', 10, '2025-01-30'),
(438, 'F2', 10, '2025-01-30'),
(438, 'F5', 10, '2025-01-30'),
(438, 'F7', 10, '2025-01-30'),
(438, 'G4', 10, '2025-01-30'),
(438, 'G9', 10, '2025-01-30'),
(438, 'H1', 10, '2025-01-30'),
(438, 'H7', 10, '2025-01-30'),
(438, 'I10', 10, '2025-01-30'),
(438, 'I4', 10, '2025-01-30'),
(439, 'B7', 10, '2025-01-30'),
(439, 'C1', 10, '2025-01-30'),
(439, 'C3', 10, '2025-01-30'),
(439, 'C4', 10, '2025-01-30'),
(439, 'E2', 10, '2025-01-30'),
(439, 'E5', 10, '2025-01-30'),
(439, 'E9', 10, '2025-01-30'),
(439, 'F7', 10, '2025-01-30'),
(439, 'F8', 10, '2025-01-30'),
(439, 'G1', 10, '2025-01-30'),
(439, 'G6', 10, '2025-01-30'),
(439, 'H4', 10, '2025-01-30'),
(439, 'H7', 10, '2025-01-30'),
(439, 'I10', 10, '2025-01-30'),
(439, 'I2', 10, '2025-01-30'),
(439, 'I6', 10, '2025-01-30'),
(439, 'I7', 10, '2025-01-30'),
(439, 'I9', 10, '2025-01-30'),
(440, 'B4', 10, '2025-01-30'),
(440, 'C2', 10, '2025-01-30'),
(440, 'C6', 10, '2025-01-30'),
(440, 'C8', 10, '2025-01-30'),
(440, 'D1', 10, '2025-01-30'),
(440, 'D3', 10, '2025-01-30'),
(440, 'D5', 10, '2025-01-30'),
(440, 'D9', 10, '2025-01-30'),
(440, 'E3', 10, '2025-01-30'),
(440, 'E7', 10, '2025-01-30'),
(440, 'E9', 10, '2025-01-30'),
(440, 'F1', 10, '2025-01-30'),
(440, 'F8', 10, '2025-01-30'),
(440, 'G10', 10, '2025-01-30'),
(440, 'G4', 10, '2025-01-30'),
(440, 'G5', 10, '2025-01-30'),
(440, 'G6', 10, '2025-01-30'),
(440, 'G7', 10, '2025-01-30'),
(440, 'H10', 10, '2025-01-30'),
(440, 'H3', 10, '2025-01-30'),
(440, 'H6', 10, '2025-01-30'),
(440, 'H8', 10, '2025-01-30'),
(440, 'I8', 10, '2025-01-30'),
(440, 'I9', 10, '2025-01-30'),
(440, 'J1', 10, '2025-01-30'),
(441, 'A2', 10, '2025-01-30'),
(441, 'A8', 10, '2025-01-30'),
(441, 'A9', 10, '2025-01-30'),
(441, 'B1', 10, '2025-01-30'),
(441, 'B10', 10, '2025-01-30'),
(441, 'B3', 10, '2025-01-30'),
(441, 'B4', 10, '2025-01-30'),
(441, 'B5', 10, '2025-01-30'),
(441, 'B7', 10, '2025-01-30'),
(441, 'B8', 10, '2025-01-30'),
(441, 'B9', 10, '2025-01-30'),
(441, 'C2', 10, '2025-01-30'),
(441, 'C3', 10, '2025-01-30'),
(441, 'C4', 10, '2025-01-30'),
(441, 'C5', 10, '2025-01-30'),
(441, 'C6', 10, '2025-01-30'),
(441, 'C8', 10, '2025-01-30'),
(441, 'C9', 10, '2025-01-30'),
(441, 'D1', 10, '2025-01-30'),
(441, 'D10', 10, '2025-01-30'),
(441, 'D3', 10, '2025-01-30'),
(441, 'D4', 10, '2025-01-30'),
(441, 'D5', 10, '2025-01-30'),
(441, 'D6', 10, '2025-01-30'),
(441, 'D7', 10, '2025-01-30'),
(441, 'D9', 10, '2025-01-30'),
(441, 'E1', 10, '2025-01-30'),
(441, 'E10', 10, '2025-01-30'),
(441, 'E2', 10, '2025-01-30'),
(441, 'E3', 10, '2025-01-30'),
(441, 'E4', 10, '2025-01-30'),
(441, 'E5', 10, '2025-01-30'),
(441, 'E6', 10, '2025-01-30'),
(441, 'E7', 10, '2025-01-30'),
(441, 'E8', 10, '2025-01-30'),
(441, 'E9', 10, '2025-01-30'),
(441, 'F1', 10, '2025-01-30'),
(441, 'F2', 10, '2025-01-30'),
(441, 'F3', 10, '2025-01-30'),
(441, 'F4', 10, '2025-01-30'),
(441, 'F5', 10, '2025-01-30'),
(441, 'F6', 10, '2025-01-30'),
(441, 'F9', 10, '2025-01-30'),
(441, 'G10', 10, '2025-01-30'),
(441, 'G2', 10, '2025-01-30'),
(441, 'G3', 10, '2025-01-30'),
(441, 'G4', 10, '2025-01-30'),
(441, 'G5', 10, '2025-01-30'),
(441, 'G7', 10, '2025-01-30'),
(441, 'G8', 10, '2025-01-30'),
(441, 'G9', 10, '2025-01-30'),
(441, 'H1', 10, '2025-01-30'),
(441, 'H10', 10, '2025-01-30'),
(441, 'H2', 10, '2025-01-30'),
(441, 'H3', 10, '2025-01-30'),
(441, 'H5', 10, '2025-01-30'),
(441, 'H6', 10, '2025-01-30'),
(441, 'H7', 10, '2025-01-30'),
(441, 'H9', 10, '2025-01-30'),
(441, 'I1', 10, '2025-01-30'),
(441, 'I10', 10, '2025-01-30'),
(441, 'I2', 10, '2025-01-30'),
(441, 'I3', 10, '2025-01-30'),
(441, 'I4', 10, '2025-01-30'),
(441, 'I5', 10, '2025-01-30'),
(441, 'I6', 10, '2025-01-30'),
(441, 'I7', 10, '2025-01-30'),
(441, 'I8', 10, '2025-01-30'),
(441, 'J1', 10, '2025-01-30'),
(441, 'J2', 10, '2025-01-30'),
(441, 'J4', 10, '2025-01-30'),
(484, 'A2', 10, '2025-02-13'),
(484, 'A3', 10, '2025-02-13'),
(484, 'A8', 10, '2025-02-13'),
(484, 'A9', 10, '2025-02-13'),
(484, 'B1', 10, '2025-02-13'),
(484, 'B10', 10, '2025-02-13'),
(484, 'B2', 10, '2025-02-13'),
(484, 'B4', 10, '2025-02-13'),
(484, 'B6', 10, '2025-02-13'),
(484, 'B7', 10, '2025-02-13'),
(484, 'B9', 10, '2025-02-13'),
(484, 'C1', 10, '2025-02-13'),
(484, 'C10', 10, '2025-02-13'),
(484, 'C2', 10, '2025-02-13'),
(484, 'C4', 10, '2025-02-13'),
(484, 'C5', 10, '2025-02-13'),
(484, 'C7', 10, '2025-02-13'),
(484, 'C8', 10, '2025-02-13'),
(484, 'C9', 10, '2025-02-13'),
(484, 'D1', 10, '2025-02-13'),
(484, 'D10', 10, '2025-02-13'),
(484, 'D2', 10, '2025-02-13'),
(484, 'D3', 10, '2025-02-13'),
(484, 'D5', 10, '2025-02-13'),
(484, 'D6', 10, '2025-02-13'),
(484, 'D7', 10, '2025-02-13'),
(484, 'D9', 10, '2025-02-13'),
(484, 'E10', 10, '2025-02-13'),
(484, 'E2', 10, '2025-02-13'),
(484, 'E4', 10, '2025-02-13'),
(484, 'E5', 10, '2025-02-13'),
(484, 'E6', 10, '2025-02-13'),
(484, 'E7', 10, '2025-02-13'),
(484, 'E8', 10, '2025-02-13'),
(484, 'E9', 10, '2025-02-13'),
(484, 'F1', 10, '2025-02-13'),
(484, 'F3', 10, '2025-02-13'),
(484, 'F6', 10, '2025-02-13'),
(484, 'F8', 10, '2025-02-13'),
(484, 'F9', 10, '2025-02-13'),
(484, 'G10', 10, '2025-02-13'),
(484, 'G2', 10, '2025-02-13'),
(484, 'G3', 10, '2025-02-13'),
(484, 'G4', 10, '2025-02-13'),
(484, 'G5', 10, '2025-02-13'),
(484, 'G7', 10, '2025-02-13'),
(484, 'G8', 10, '2025-02-13'),
(484, 'G9', 10, '2025-02-13'),
(484, 'H1', 10, '2025-02-13'),
(484, 'H2', 10, '2025-02-13'),
(484, 'H3', 10, '2025-02-13'),
(484, 'H6', 10, '2025-02-13'),
(484, 'H7', 10, '2025-02-13'),
(484, 'H8', 10, '2025-02-13'),
(484, 'H9', 10, '2025-02-13'),
(484, 'I1', 10, '2025-02-13'),
(484, 'I2', 10, '2025-02-13'),
(484, 'I3', 10, '2025-02-13'),
(484, 'I4', 10, '2025-02-13'),
(484, 'I5', 10, '2025-02-13'),
(484, 'I6', 10, '2025-02-13'),
(484, 'I7', 10, '2025-02-13'),
(484, 'I8', 10, '2025-02-13'),
(484, 'I9', 10, '2025-02-13'),
(484, 'J1', 10, '2025-02-13'),
(484, 'J2', 10, '2025-02-13'),
(484, 'J3', 10, '2025-02-13'),
(484, 'J4', 10, '2025-02-13'),
(484, 'J5', 10, '2025-02-13'),
(485, 'B2', 10, '2025-02-13'),
(485, 'C10', 10, '2025-02-13'),
(485, 'C6', 10, '2025-02-13'),
(485, 'C8', 10, '2025-02-13'),
(485, 'D2', 10, '2025-02-13'),
(485, 'D4', 10, '2025-02-13'),
(485, 'D9', 10, '2025-02-13'),
(485, 'E10', 10, '2025-02-13'),
(485, 'E6', 10, '2025-02-13'),
(485, 'E8', 10, '2025-02-13'),
(485, 'F3', 10, '2025-02-13'),
(485, 'F4', 10, '2025-02-13'),
(485, 'G1', 10, '2025-02-13'),
(485, 'G10', 10, '2025-02-13'),
(485, 'G7', 10, '2025-02-13'),
(485, 'G9', 10, '2025-02-13'),
(485, 'H2', 10, '2025-02-13'),
(485, 'H4', 10, '2025-02-13'),
(485, 'H5', 10, '2025-02-13'),
(485, 'I10', 10, '2025-02-13'),
(485, 'I6', 10, '2025-02-13'),
(485, 'I8', 10, '2025-02-13'),
(485, 'J2', 10, '2025-02-13'),
(486, 'C1', 10, '2025-02-13'),
(486, 'C6', 10, '2025-02-13'),
(486, 'C7', 10, '2025-02-13'),
(486, 'C9', 10, '2025-02-13'),
(486, 'D3', 10, '2025-02-13'),
(486, 'E4', 10, '2025-02-13'),
(486, 'E5', 10, '2025-02-13'),
(486, 'E7', 10, '2025-02-13'),
(486, 'E9', 10, '2025-02-13'),
(486, 'F10', 10, '2025-02-13'),
(486, 'F2', 10, '2025-02-13'),
(486, 'F6', 10, '2025-02-13'),
(486, 'F9', 10, '2025-02-13'),
(486, 'G3', 10, '2025-02-13'),
(486, 'G8', 10, '2025-02-13'),
(486, 'H1', 10, '2025-02-13'),
(486, 'H4', 10, '2025-02-13'),
(486, 'H6', 10, '2025-02-13'),
(486, 'I2', 10, '2025-02-13'),
(486, 'I4', 10, '2025-02-13'),
(486, 'I5', 10, '2025-02-13'),
(486, 'I8', 10, '2025-02-13'),
(486, 'I9', 10, '2025-02-13'),
(487, 'B4', 10, '2025-02-13'),
(487, 'C1', 10, '2025-02-13'),
(487, 'C3', 10, '2025-02-13'),
(487, 'C5', 10, '2025-02-13'),
(487, 'C6', 10, '2025-02-13'),
(487, 'C8', 10, '2025-02-13'),
(487, 'D7', 10, '2025-02-13'),
(487, 'D9', 10, '2025-02-13'),
(487, 'E1', 10, '2025-02-13'),
(487, 'E10', 10, '2025-02-13'),
(487, 'E3', 10, '2025-02-13'),
(487, 'E4', 10, '2025-02-13'),
(487, 'E8', 10, '2025-02-13'),
(487, 'F4', 10, '2025-02-13'),
(487, 'F6', 10, '2025-02-13'),
(487, 'F9', 10, '2025-02-13'),
(487, 'G10', 10, '2025-02-13'),
(487, 'G7', 10, '2025-02-13'),
(487, 'H2', 10, '2025-02-13'),
(487, 'H3', 10, '2025-02-13'),
(487, 'H9', 10, '2025-02-13'),
(487, 'I5', 10, '2025-02-13'),
(487, 'I6', 10, '2025-02-13'),
(487, 'I8', 10, '2025-02-13'),
(488, 'C3', 10, '2025-02-13'),
(488, 'C6', 10, '2025-02-13'),
(488, 'C7', 10, '2025-02-13'),
(488, 'E2', 10, '2025-02-13'),
(488, 'E3', 10, '2025-02-13'),
(488, 'E6', 10, '2025-02-13'),
(488, 'E7', 10, '2025-02-13'),
(488, 'F3', 10, '2025-02-13'),
(488, 'F5', 10, '2025-02-13'),
(488, 'F8', 10, '2025-02-13'),
(488, 'G3', 10, '2025-02-13'),
(488, 'G4', 10, '2025-02-13'),
(488, 'G7', 10, '2025-02-13'),
(488, 'H2', 10, '2025-02-13'),
(488, 'I10', 10, '2025-02-13'),
(488, 'I9', 10, '2025-02-13'),
(488, 'J5', 10, '2025-02-13'),
(489, 'B9', 10, '2025-02-13'),
(489, 'C1', 10, '2025-02-13'),
(489, 'C3', 10, '2025-02-13'),
(489, 'C8', 10, '2025-02-13'),
(489, 'D10', 10, '2025-02-13'),
(489, 'D6', 10, '2025-02-13'),
(489, 'E1', 10, '2025-02-13'),
(489, 'E3', 10, '2025-02-13'),
(489, 'E4', 10, '2025-02-13'),
(489, 'E5', 10, '2025-02-13'),
(489, 'E7', 10, '2025-02-13'),
(489, 'F8', 10, '2025-02-13'),
(489, 'F9', 10, '2025-02-13'),
(489, 'G2', 10, '2025-02-13'),
(489, 'G4', 10, '2025-02-13'),
(489, 'G6', 10, '2025-02-13'),
(489, 'H1', 10, '2025-02-13'),
(489, 'H9', 10, '2025-02-13'),
(489, 'I10', 10, '2025-02-13'),
(489, 'I5', 10, '2025-02-13'),
(489, 'I7', 10, '2025-02-13'),
(490, 'A4', 10, '2025-02-13'),
(490, 'A6', 10, '2025-02-13'),
(490, 'A7', 10, '2025-02-13'),
(490, 'A8', 10, '2025-02-13'),
(490, 'B1', 10, '2025-02-13'),
(490, 'B10', 10, '2025-02-13'),
(490, 'B2', 10, '2025-02-13'),
(490, 'B3', 10, '2025-02-13'),
(490, 'B5', 10, '2025-02-13'),
(490, 'B7', 10, '2025-02-13'),
(490, 'B8', 10, '2025-02-13'),
(490, 'B9', 10, '2025-02-13'),
(490, 'C1', 10, '2025-02-13'),
(490, 'C10', 10, '2025-02-13'),
(490, 'C3', 10, '2025-02-13'),
(490, 'C4', 10, '2025-02-13'),
(490, 'C5', 10, '2025-02-13'),
(490, 'C6', 10, '2025-02-13'),
(490, 'C7', 10, '2025-02-13'),
(490, 'C8', 10, '2025-02-13'),
(490, 'C9', 10, '2025-02-13'),
(490, 'D1', 10, '2025-02-13'),
(490, 'D2', 10, '2025-02-13'),
(490, 'D3', 10, '2025-02-13'),
(490, 'D4', 10, '2025-02-13'),
(490, 'D5', 10, '2025-02-13'),
(490, 'D7', 10, '2025-02-13'),
(490, 'D8', 10, '2025-02-13'),
(490, 'D9', 10, '2025-02-13'),
(490, 'E10', 10, '2025-02-13'),
(490, 'E2', 10, '2025-02-13'),
(490, 'E3', 10, '2025-02-13'),
(490, 'E4', 10, '2025-02-13'),
(490, 'E5', 10, '2025-02-13'),
(490, 'E6', 10, '2025-02-13'),
(490, 'E7', 10, '2025-02-13'),
(490, 'E8', 10, '2025-02-13'),
(490, 'E9', 10, '2025-02-13'),
(490, 'F1', 10, '2025-02-13'),
(490, 'F10', 10, '2025-02-13'),
(490, 'F2', 10, '2025-02-13'),
(490, 'F3', 10, '2025-02-13'),
(490, 'F4', 10, '2025-02-13'),
(490, 'F5', 10, '2025-02-13'),
(490, 'F6', 10, '2025-02-13'),
(490, 'F8', 10, '2025-02-13'),
(490, 'F9', 10, '2025-02-13'),
(490, 'G1', 10, '2025-02-13'),
(490, 'G10', 10, '2025-02-13'),
(490, 'G2', 10, '2025-02-13'),
(490, 'G3', 10, '2025-02-13'),
(490, 'G4', 10, '2025-02-13'),
(490, 'G5', 10, '2025-02-13'),
(490, 'G7', 10, '2025-02-13'),
(490, 'G8', 10, '2025-02-13'),
(490, 'G9', 10, '2025-02-13'),
(490, 'H10', 10, '2025-02-13'),
(490, 'H2', 10, '2025-02-13'),
(490, 'H3', 10, '2025-02-13'),
(490, 'H5', 10, '2025-02-13'),
(490, 'H6', 10, '2025-02-13'),
(490, 'H8', 10, '2025-02-13'),
(490, 'H9', 10, '2025-02-13'),
(490, 'I1', 10, '2025-02-13'),
(490, 'I2', 10, '2025-02-13'),
(490, 'I3', 10, '2025-02-13'),
(490, 'I4', 10, '2025-02-13'),
(490, 'I5', 10, '2025-02-13'),
(490, 'I6', 10, '2025-02-13'),
(490, 'I7', 10, '2025-02-13'),
(490, 'I8', 10, '2025-02-13'),
(490, 'I9', 10, '2025-02-13'),
(490, 'J3', 10, '2025-02-13'),
(490, 'J4', 10, '2025-02-13'),
(491, 'A1', 10, '2025-02-13'),
(491, 'A10', 10, '2025-02-13'),
(491, 'A3', 10, '2025-02-13'),
(491, 'A5', 10, '2025-02-13'),
(491, 'B10', 10, '2025-02-13'),
(491, 'B2', 10, '2025-02-13'),
(491, 'B4', 10, '2025-02-13'),
(491, 'B5', 10, '2025-02-13'),
(491, 'B6', 10, '2025-02-13'),
(491, 'B7', 10, '2025-02-13'),
(491, 'B8', 10, '2025-02-13'),
(491, 'B9', 10, '2025-02-13'),
(491, 'C1', 10, '2025-02-13'),
(491, 'C10', 10, '2025-02-13'),
(491, 'C2', 10, '2025-02-13'),
(491, 'C3', 10, '2025-02-13'),
(491, 'C5', 10, '2025-02-13'),
(491, 'C6', 10, '2025-02-13'),
(491, 'C7', 10, '2025-02-13'),
(491, 'C8', 10, '2025-02-13'),
(491, 'D1', 10, '2025-02-13'),
(491, 'D3', 10, '2025-02-13'),
(491, 'D4', 10, '2025-02-13'),
(491, 'D5', 10, '2025-02-13'),
(491, 'D6', 10, '2025-02-13'),
(491, 'D7', 10, '2025-02-13'),
(491, 'D9', 10, '2025-02-13'),
(491, 'E10', 10, '2025-02-13'),
(491, 'E2', 10, '2025-02-13'),
(491, 'E3', 10, '2025-02-13'),
(491, 'E4', 10, '2025-02-13'),
(491, 'E6', 10, '2025-02-13'),
(491, 'E7', 10, '2025-02-13'),
(491, 'E8', 10, '2025-02-13'),
(491, 'E9', 10, '2025-02-13'),
(491, 'F1', 10, '2025-02-13'),
(491, 'F10', 10, '2025-02-13'),
(491, 'F2', 10, '2025-02-13'),
(491, 'F4', 10, '2025-02-13'),
(491, 'F5', 10, '2025-02-13'),
(491, 'F6', 10, '2025-02-13'),
(491, 'F7', 10, '2025-02-13'),
(491, 'F8', 10, '2025-02-13'),
(491, 'F9', 10, '2025-02-13'),
(491, 'G2', 10, '2025-02-13'),
(491, 'G3', 10, '2025-02-13'),
(491, 'G4', 10, '2025-02-13'),
(491, 'G5', 10, '2025-02-13'),
(491, 'G6', 10, '2025-02-13'),
(491, 'G7', 10, '2025-02-13'),
(491, 'G9', 10, '2025-02-13'),
(491, 'H1', 10, '2025-02-13'),
(491, 'H10', 10, '2025-02-13'),
(491, 'H2', 10, '2025-02-13'),
(491, 'H3', 10, '2025-02-13'),
(491, 'H4', 10, '2025-02-13'),
(491, 'H5', 10, '2025-02-13'),
(491, 'H7', 10, '2025-02-13'),
(491, 'H8', 10, '2025-02-13'),
(491, 'I1', 10, '2025-02-13'),
(491, 'I10', 10, '2025-02-13'),
(491, 'I2', 10, '2025-02-13'),
(491, 'I3', 10, '2025-02-13'),
(491, 'I6', 10, '2025-02-13'),
(491, 'I7', 10, '2025-02-13'),
(491, 'I8', 10, '2025-02-13'),
(491, 'I9', 10, '2025-02-13'),
(491, 'J1', 10, '2025-02-13'),
(491, 'J3', 10, '2025-02-13'),
(491, 'J4', 10, '2025-02-13'),
(492, 'A10', 10, '2025-02-13'),
(492, 'C10', 10, '2025-02-13'),
(492, 'C3', 10, '2025-02-13'),
(492, 'D2', 10, '2025-02-13'),
(492, 'D5', 10, '2025-02-13'),
(492, 'D7', 10, '2025-02-13'),
(492, 'D8', 10, '2025-02-13'),
(492, 'E4', 10, '2025-02-13'),
(492, 'F3', 10, '2025-02-13'),
(492, 'F4', 10, '2025-02-13'),
(492, 'F8', 10, '2025-02-13'),
(492, 'F9', 10, '2025-02-13'),
(492, 'G10', 10, '2025-02-13'),
(492, 'G3', 10, '2025-02-13'),
(492, 'G7', 10, '2025-02-13'),
(492, 'G8', 10, '2025-02-13'),
(492, 'H2', 10, '2025-02-13'),
(492, 'H5', 10, '2025-02-13'),
(492, 'H6', 10, '2025-02-13'),
(492, 'I9', 10, '2025-02-13'),
(492, 'J2', 10, '2025-02-13'),
(493, 'B1', 10, '2025-02-13'),
(493, 'B8', 10, '2025-02-13'),
(493, 'C2', 10, '2025-02-13'),
(493, 'C4', 10, '2025-02-13'),
(493, 'C6', 10, '2025-02-13'),
(493, 'C8', 10, '2025-02-13'),
(493, 'D2', 10, '2025-02-13'),
(493, 'D4', 10, '2025-02-13'),
(493, 'E1', 10, '2025-02-13'),
(493, 'E10', 10, '2025-02-13'),
(493, 'E3', 10, '2025-02-13'),
(493, 'E7', 10, '2025-02-13'),
(493, 'F4', 10, '2025-02-13'),
(493, 'F9', 10, '2025-02-13'),
(493, 'G10', 10, '2025-02-13'),
(493, 'G2', 10, '2025-02-13'),
(493, 'G6', 10, '2025-02-13'),
(493, 'G8', 10, '2025-02-13'),
(493, 'H2', 10, '2025-02-13'),
(493, 'H4', 10, '2025-02-13'),
(493, 'H7', 10, '2025-02-13'),
(493, 'H9', 10, '2025-02-13'),
(493, 'I1', 10, '2025-02-13'),
(493, 'I3', 10, '2025-02-13'),
(493, 'I5', 10, '2025-02-13'),
(493, 'I7', 10, '2025-02-13'),
(493, 'J4', 10, '2025-02-13'),
(494, 'B2', 10, '2025-02-13'),
(494, 'C4', 10, '2025-02-13'),
(494, 'C7', 10, '2025-02-13'),
(494, 'C9', 10, '2025-02-13'),
(494, 'D2', 10, '2025-02-13'),
(494, 'E10', 10, '2025-02-13'),
(494, 'E4', 10, '2025-02-13'),
(494, 'E7', 10, '2025-02-13'),
(494, 'F1', 10, '2025-02-13'),
(494, 'F9', 10, '2025-02-13'),
(494, 'G3', 10, '2025-02-13'),
(494, 'H2', 10, '2025-02-13'),
(494, 'H5', 10, '2025-02-13'),
(494, 'H7', 10, '2025-02-13'),
(494, 'H9', 10, '2025-02-13'),
(495, 'C2', 10, '2025-02-13'),
(495, 'C8', 10, '2025-02-13'),
(495, 'D3', 10, '2025-02-13'),
(495, 'D7', 10, '2025-02-13'),
(495, 'E10', 10, '2025-02-13'),
(495, 'E8', 10, '2025-02-13'),
(495, 'F2', 10, '2025-02-13'),
(495, 'F7', 10, '2025-02-13'),
(495, 'G10', 10, '2025-02-13'),
(495, 'G3', 10, '2025-02-13'),
(495, 'G4', 10, '2025-02-13'),
(495, 'G7', 10, '2025-02-13'),
(495, 'G9', 10, '2025-02-13'),
(495, 'H8', 10, '2025-02-13'),
(495, 'I2', 10, '2025-02-13'),
(495, 'I3', 10, '2025-02-13'),
(495, 'I4', 10, '2025-02-13'),
(495, 'I6', 10, '2025-02-13'),
(495, 'I8', 10, '2025-02-13'),
(495, 'J2', 10, '2025-02-13'),
(495, 'J4', 10, '2025-02-13'),
(496, 'C1', 10, '2025-02-13'),
(496, 'C3', 10, '2025-02-13'),
(496, 'C5', 10, '2025-02-13'),
(496, 'C6', 10, '2025-02-13'),
(496, 'C8', 10, '2025-02-13'),
(496, 'C9', 10, '2025-02-13'),
(496, 'D10', 10, '2025-02-13'),
(496, 'D2', 10, '2025-02-13'),
(496, 'D3', 10, '2025-02-13'),
(496, 'D5', 10, '2025-02-13'),
(496, 'D6', 10, '2025-02-13'),
(496, 'E1', 10, '2025-02-13'),
(496, 'E10', 10, '2025-02-13'),
(496, 'E4', 10, '2025-02-13'),
(496, 'E8', 10, '2025-02-13'),
(496, 'F3', 10, '2025-02-13'),
(496, 'F5', 10, '2025-02-13'),
(496, 'F6', 10, '2025-02-13'),
(496, 'F7', 10, '2025-02-13'),
(496, 'G2', 10, '2025-02-13'),
(496, 'G5', 10, '2025-02-13'),
(496, 'G6', 10, '2025-02-13'),
(496, 'G8', 10, '2025-02-13'),
(496, 'G9', 10, '2025-02-13'),
(496, 'H2', 10, '2025-02-13'),
(496, 'H4', 10, '2025-02-13'),
(496, 'H7', 10, '2025-02-13'),
(496, 'I1', 10, '2025-02-13'),
(496, 'I10', 10, '2025-02-13'),
(496, 'I3', 10, '2025-02-13'),
(496, 'I6', 10, '2025-02-13'),
(496, 'I8', 10, '2025-02-13'),
(496, 'I9', 10, '2025-02-13'),
(496, 'J2', 10, '2025-02-13'),
(497, 'B1', 10, '2025-02-13'),
(497, 'B3', 10, '2025-02-13'),
(497, 'B4', 10, '2025-02-13'),
(497, 'B7', 10, '2025-02-13'),
(497, 'B8', 10, '2025-02-13'),
(497, 'B9', 10, '2025-02-13'),
(497, 'C2', 10, '2025-02-13'),
(497, 'C3', 10, '2025-02-13'),
(497, 'C5', 10, '2025-02-13'),
(497, 'C6', 10, '2025-02-13'),
(497, 'C7', 10, '2025-02-13'),
(497, 'C8', 10, '2025-02-13'),
(497, 'C9', 10, '2025-02-13'),
(497, 'D10', 10, '2025-02-13'),
(497, 'D2', 10, '2025-02-13'),
(497, 'D3', 10, '2025-02-13'),
(497, 'D4', 10, '2025-02-13'),
(497, 'D7', 10, '2025-02-13'),
(497, 'D8', 10, '2025-02-13'),
(497, 'D9', 10, '2025-02-13'),
(497, 'E1', 10, '2025-02-13'),
(497, 'E10', 10, '2025-02-13'),
(497, 'E2', 10, '2025-02-13'),
(497, 'E3', 10, '2025-02-13'),
(497, 'E4', 10, '2025-02-13'),
(497, 'E5', 10, '2025-02-13'),
(497, 'E7', 10, '2025-02-13'),
(497, 'E8', 10, '2025-02-13'),
(497, 'E9', 10, '2025-02-13'),
(497, 'F1', 10, '2025-02-13'),
(497, 'F2', 10, '2025-02-13'),
(497, 'F3', 10, '2025-02-13'),
(497, 'F6', 10, '2025-02-13'),
(497, 'F7', 10, '2025-02-13'),
(497, 'F9', 10, '2025-02-13'),
(497, 'G1', 10, '2025-02-13'),
(497, 'G10', 10, '2025-02-13'),
(497, 'G2', 10, '2025-02-13'),
(497, 'G3', 10, '2025-02-13'),
(497, 'G4', 10, '2025-02-13'),
(497, 'G5', 10, '2025-02-13'),
(497, 'G6', 10, '2025-02-13'),
(497, 'G8', 10, '2025-02-13'),
(497, 'H2', 10, '2025-02-13'),
(497, 'H3', 10, '2025-02-13'),
(497, 'H4', 10, '2025-02-13'),
(497, 'H8', 10, '2025-02-13'),
(497, 'H9', 10, '2025-02-13'),
(497, 'I1', 10, '2025-02-13'),
(497, 'I10', 10, '2025-02-13'),
(497, 'I3', 10, '2025-02-13'),
(497, 'I5', 10, '2025-02-13'),
(497, 'I6', 10, '2025-02-13'),
(497, 'I7', 10, '2025-02-13'),
(497, 'I8', 10, '2025-02-13'),
(497, 'J1', 10, '2025-02-13'),
(497, 'J2', 10, '2025-02-13'),
(498, 'A1', 10, '2025-02-13'),
(498, 'A10', 10, '2025-02-13'),
(498, 'A3', 10, '2025-02-13'),
(498, 'A4', 10, '2025-02-13'),
(498, 'A8', 10, '2025-02-13'),
(498, 'A9', 10, '2025-02-13'),
(498, 'B2', 10, '2025-02-13'),
(498, 'B4', 10, '2025-02-13'),
(498, 'B6', 10, '2025-02-13'),
(498, 'B7', 10, '2025-02-13'),
(498, 'B9', 10, '2025-02-13'),
(498, 'C10', 10, '2025-02-13'),
(498, 'C2', 10, '2025-02-13'),
(498, 'C3', 10, '2025-02-13'),
(498, 'C5', 10, '2025-02-13'),
(498, 'C6', 10, '2025-02-13'),
(498, 'C8', 10, '2025-02-13'),
(498, 'D1', 10, '2025-02-13'),
(498, 'D10', 10, '2025-02-13'),
(498, 'D2', 10, '2025-02-13'),
(498, 'D3', 10, '2025-02-13'),
(498, 'D4', 10, '2025-02-13'),
(498, 'D5', 10, '2025-02-13'),
(498, 'D7', 10, '2025-02-13'),
(498, 'D8', 10, '2025-02-13'),
(498, 'D9', 10, '2025-02-13'),
(498, 'E2', 10, '2025-02-13'),
(498, 'E3', 10, '2025-02-13'),
(498, 'E4', 10, '2025-02-13'),
(498, 'E6', 10, '2025-02-13'),
(498, 'E7', 10, '2025-02-13'),
(498, 'E8', 10, '2025-02-13'),
(498, 'E9', 10, '2025-02-13'),
(498, 'F1', 10, '2025-02-13'),
(498, 'F10', 10, '2025-02-13'),
(498, 'F2', 10, '2025-02-13'),
(498, 'F3', 10, '2025-02-13'),
(498, 'F4', 10, '2025-02-13'),
(498, 'F5', 10, '2025-02-13'),
(498, 'F6', 10, '2025-02-13'),
(498, 'F7', 10, '2025-02-13'),
(498, 'F8', 10, '2025-02-13'),
(498, 'F9', 10, '2025-02-13'),
(498, 'G1', 10, '2025-02-13'),
(498, 'G10', 10, '2025-02-13'),
(498, 'G2', 10, '2025-02-13'),
(498, 'G3', 10, '2025-02-13'),
(498, 'G4', 10, '2025-02-13'),
(498, 'G7', 10, '2025-02-13'),
(498, 'G9', 10, '2025-02-13'),
(498, 'H1', 10, '2025-02-13'),
(498, 'H10', 10, '2025-02-13'),
(498, 'H3', 10, '2025-02-13'),
(498, 'H4', 10, '2025-02-13'),
(498, 'H5', 10, '2025-02-13'),
(498, 'H6', 10, '2025-02-13'),
(498, 'H7', 10, '2025-02-13'),
(498, 'H8', 10, '2025-02-13'),
(498, 'I1', 10, '2025-02-13'),
(498, 'I2', 10, '2025-02-13'),
(498, 'I3', 10, '2025-02-13'),
(498, 'I5', 10, '2025-02-13'),
(498, 'I6', 10, '2025-02-13'),
(498, 'I7', 10, '2025-02-13'),
(498, 'I8', 10, '2025-02-13'),
(498, 'J2', 10, '2025-02-13'),
(498, 'J3', 10, '2025-02-13'),
(498, 'J4', 10, '2025-02-13'),
(499, 'B10', 10, '2025-02-13'),
(499, 'B3', 10, '2025-02-13'),
(499, 'B6', 10, '2025-02-13'),
(499, 'C2', 10, '2025-02-13'),
(499, 'C4', 10, '2025-02-13'),
(499, 'C8', 10, '2025-02-13'),
(499, 'D10', 10, '2025-02-13'),
(499, 'D3', 10, '2025-02-13'),
(499, 'D7', 10, '2025-02-13'),
(499, 'D9', 10, '2025-02-13'),
(499, 'E1', 10, '2025-02-13'),
(499, 'E4', 10, '2025-02-13'),
(499, 'E5', 10, '2025-02-13'),
(499, 'E6', 10, '2025-02-13'),
(499, 'E8', 10, '2025-02-13'),
(499, 'F10', 10, '2025-02-13'),
(499, 'G2', 10, '2025-02-13'),
(499, 'G3', 10, '2025-02-13'),
(499, 'G6', 10, '2025-02-13'),
(499, 'G7', 10, '2025-02-13'),
(499, 'G9', 10, '2025-02-13'),
(499, 'H5', 10, '2025-02-13'),
(499, 'I1', 10, '2025-02-13'),
(499, 'I10', 10, '2025-02-13'),
(499, 'I3', 10, '2025-02-13'),
(499, 'I8', 10, '2025-02-13'),
(500, 'C3', 10, '2025-02-13'),
(500, 'D10', 10, '2025-02-13'),
(500, 'D5', 10, '2025-02-13'),
(500, 'D7', 10, '2025-02-13'),
(500, 'D8', 10, '2025-02-13'),
(500, 'E1', 10, '2025-02-13'),
(500, 'E2', 10, '2025-02-13'),
(500, 'E9', 10, '2025-02-13'),
(500, 'F4', 10, '2025-02-13'),
(500, 'F7', 10, '2025-02-13'),
(500, 'F8', 10, '2025-02-13'),
(500, 'G2', 10, '2025-02-13'),
(500, 'G5', 10, '2025-02-13'),
(500, 'H10', 10, '2025-02-13'),
(500, 'H3', 10, '2025-02-13'),
(500, 'H7', 10, '2025-02-13'),
(500, 'H9', 10, '2025-02-13'),
(500, 'I1', 10, '2025-02-13'),
(500, 'I4', 10, '2025-02-13'),
(500, 'I6', 10, '2025-02-13'),
(500, 'I9', 10, '2025-02-13'),
(500, 'J2', 10, '2025-02-13'),
(501, 'B1', 10, '2025-02-13'),
(501, 'C10', 10, '2025-02-13'),
(501, 'C3', 10, '2025-02-13'),
(501, 'C7', 10, '2025-02-13'),
(501, 'C8', 10, '2025-02-13'),
(501, 'D10', 10, '2025-02-13'),
(501, 'D2', 10, '2025-02-13'),
(501, 'D4', 10, '2025-02-13'),
(501, 'E1', 10, '2025-02-13'),
(501, 'E4', 10, '2025-02-13'),
(501, 'E6', 10, '2025-02-13'),
(501, 'F4', 10, '2025-02-13'),
(501, 'F8', 10, '2025-02-13'),
(501, 'F9', 10, '2025-02-13'),
(501, 'G10', 10, '2025-02-13'),
(501, 'G2', 10, '2025-02-13'),
(501, 'G3', 10, '2025-02-13'),
(501, 'G7', 10, '2025-02-13'),
(501, 'H2', 10, '2025-02-13'),
(501, 'H5', 10, '2025-02-13'),
(501, 'H6', 10, '2025-02-13'),
(501, 'H9', 10, '2025-02-13'),
(501, 'I2', 10, '2025-02-13'),
(501, 'I7', 10, '2025-02-13'),
(502, 'C10', 10, '2025-02-13'),
(502, 'C3', 10, '2025-02-13'),
(502, 'C6', 10, '2025-02-13'),
(502, 'C8', 10, '2025-02-13'),
(502, 'D1', 10, '2025-02-13'),
(502, 'D5', 10, '2025-02-13'),
(502, 'D9', 10, '2025-02-13'),
(502, 'E10', 10, '2025-02-13'),
(502, 'E2', 10, '2025-02-13'),
(502, 'E6', 10, '2025-02-13'),
(502, 'E7', 10, '2025-02-13'),
(502, 'E8', 10, '2025-02-13'),
(502, 'F4', 10, '2025-02-13'),
(502, 'F9', 10, '2025-02-13'),
(502, 'G1', 10, '2025-02-13'),
(502, 'G3', 10, '2025-02-13'),
(502, 'G5', 10, '2025-02-13'),
(502, 'G7', 10, '2025-02-13'),
(502, 'H1', 10, '2025-02-13'),
(502, 'H10', 10, '2025-02-13'),
(502, 'H2', 10, '2025-02-13'),
(502, 'H4', 10, '2025-02-13'),
(502, 'H9', 10, '2025-02-13'),
(502, 'I2', 10, '2025-02-13'),
(502, 'I5', 10, '2025-02-13'),
(502, 'I6', 10, '2025-02-13'),
(502, 'I8', 10, '2025-02-13'),
(502, 'J5', 10, '2025-02-13'),
(503, 'B5', 10, '2025-02-13'),
(503, 'B6', 10, '2025-02-13'),
(503, 'C10', 10, '2025-02-13'),
(503, 'C2', 10, '2025-02-13'),
(503, 'C8', 10, '2025-02-13'),
(503, 'D1', 10, '2025-02-13'),
(503, 'D3', 10, '2025-02-13'),
(503, 'D6', 10, '2025-02-13'),
(503, 'D8', 10, '2025-02-13'),
(503, 'E2', 10, '2025-02-13'),
(503, 'E5', 10, '2025-02-13'),
(503, 'E9', 10, '2025-02-13'),
(503, 'F10', 10, '2025-02-13'),
(503, 'F3', 10, '2025-02-13'),
(503, 'F4', 10, '2025-02-13'),
(503, 'F7', 10, '2025-02-13'),
(503, 'F9', 10, '2025-02-13'),
(503, 'G2', 10, '2025-02-13'),
(503, 'G6', 10, '2025-02-13'),
(503, 'G7', 10, '2025-02-13'),
(503, 'H1', 10, '2025-02-13'),
(503, 'H10', 10, '2025-02-13'),
(503, 'H3', 10, '2025-02-13'),
(503, 'H5', 10, '2025-02-13'),
(503, 'H8', 10, '2025-02-13'),
(503, 'I2', 10, '2025-02-13'),
(503, 'I6', 10, '2025-02-13'),
(503, 'I9', 10, '2025-02-13'),
(503, 'J2', 10, '2025-02-13'),
(504, 'A10', 10, '2025-02-13'),
(504, 'A2', 10, '2025-02-13'),
(504, 'A3', 10, '2025-02-13'),
(504, 'A6', 10, '2025-02-13'),
(504, 'A7', 10, '2025-02-13'),
(504, 'A8', 10, '2025-02-13'),
(504, 'B1', 10, '2025-02-13'),
(504, 'B10', 10, '2025-02-13'),
(504, 'B2', 10, '2025-02-13'),
(504, 'B3', 10, '2025-02-13'),
(504, 'B5', 10, '2025-02-13'),
(504, 'B6', 10, '2025-02-13'),
(504, 'B7', 10, '2025-02-13'),
(504, 'B8', 10, '2025-02-13'),
(504, 'B9', 10, '2025-02-13'),
(504, 'C10', 10, '2025-02-13'),
(504, 'C2', 10, '2025-02-13'),
(504, 'C3', 10, '2025-02-13'),
(504, 'C4', 10, '2025-02-13'),
(504, 'C5', 10, '2025-02-13'),
(504, 'C6', 10, '2025-02-13'),
(504, 'C7', 10, '2025-02-13'),
(504, 'C8', 10, '2025-02-13'),
(504, 'C9', 10, '2025-02-13'),
(504, 'D1', 10, '2025-02-13'),
(504, 'D2', 10, '2025-02-13'),
(504, 'D3', 10, '2025-02-13'),
(504, 'D4', 10, '2025-02-13'),
(504, 'D5', 10, '2025-02-13'),
(504, 'D6', 10, '2025-02-13'),
(504, 'D7', 10, '2025-02-13'),
(504, 'D8', 10, '2025-02-13'),
(504, 'E1', 10, '2025-02-13'),
(504, 'E10', 10, '2025-02-13'),
(504, 'E2', 10, '2025-02-13'),
(504, 'E4', 10, '2025-02-13'),
(504, 'E6', 10, '2025-02-13'),
(504, 'E7', 10, '2025-02-13'),
(504, 'E8', 10, '2025-02-13'),
(504, 'E9', 10, '2025-02-13'),
(504, 'F1', 10, '2025-02-13'),
(504, 'F10', 10, '2025-02-13'),
(504, 'F2', 10, '2025-02-13'),
(504, 'F3', 10, '2025-02-13'),
(504, 'F4', 10, '2025-02-13'),
(504, 'F5', 10, '2025-02-13'),
(504, 'F6', 10, '2025-02-13'),
(504, 'F7', 10, '2025-02-13'),
(504, 'F9', 10, '2025-02-13'),
(504, 'G2', 10, '2025-02-13'),
(504, 'G3', 10, '2025-02-13'),
(504, 'G4', 10, '2025-02-13'),
(504, 'G5', 10, '2025-02-13'),
(504, 'G6', 10, '2025-02-13'),
(504, 'G7', 10, '2025-02-13'),
(504, 'G8', 10, '2025-02-13'),
(504, 'G9', 10, '2025-02-13'),
(504, 'H1', 10, '2025-02-13'),
(504, 'H2', 10, '2025-02-13'),
(504, 'H3', 10, '2025-02-13'),
(504, 'H4', 10, '2025-02-13'),
(504, 'H7', 10, '2025-02-13'),
(504, 'I1', 10, '2025-02-13'),
(504, 'I10', 10, '2025-02-13'),
(504, 'I2', 10, '2025-02-13'),
(504, 'I3', 10, '2025-02-13'),
(504, 'I4', 10, '2025-02-13'),
(504, 'I5', 10, '2025-02-13'),
(504, 'I6', 10, '2025-02-13'),
(504, 'I7', 10, '2025-02-13'),
(504, 'I8', 10, '2025-02-13'),
(504, 'I9', 10, '2025-02-13'),
(504, 'J1', 10, '2025-02-13'),
(504, 'J4', 10, '2025-02-13'),
(504, 'J5', 10, '2025-02-13'),
(547, 'B1', 10, '2025-02-21'),
(547, 'B2', 10, '2025-02-21'),
(547, 'B6', 10, '2025-02-21'),
(547, 'B8', 10, '2025-02-21'),
(547, 'B9', 10, '2025-02-21'),
(547, 'C10', 10, '2025-02-21'),
(547, 'C3', 10, '2025-02-21'),
(547, 'C4', 10, '2025-02-21'),
(547, 'C6', 10, '2025-02-21'),
(547, 'C7', 10, '2025-02-21'),
(547, 'C8', 10, '2025-02-21'),
(547, 'C9', 10, '2025-02-21'),
(547, 'D10', 10, '2025-02-21'),
(547, 'D2', 10, '2025-02-21'),
(547, 'D3', 10, '2025-02-21'),
(547, 'D5', 10, '2025-02-21'),
(547, 'D7', 10, '2025-02-21'),
(547, 'D9', 10, '2025-02-21'),
(547, 'E10', 10, '2025-02-21'),
(547, 'E2', 10, '2025-02-21'),
(547, 'E4', 10, '2025-02-21'),
(547, 'E6', 10, '2025-02-21'),
(547, 'E8', 10, '2025-02-21'),
(547, 'F1', 10, '2025-02-21'),
(547, 'F10', 10, '2025-02-21'),
(547, 'F2', 10, '2025-02-21'),
(547, 'F5', 10, '2025-02-21'),
(547, 'F7', 10, '2025-02-21'),
(547, 'F9', 10, '2025-02-21'),
(547, 'G1', 10, '2025-02-21'),
(547, 'G10', 10, '2025-02-21'),
(547, 'G2', 10, '2025-02-21'),
(547, 'G3', 10, '2025-02-21'),
(547, 'G4', 10, '2025-02-21'),
(547, 'G6', 10, '2025-02-21'),
(547, 'G7', 10, '2025-02-21'),
(547, 'G8', 10, '2025-02-21'),
(547, 'H1', 10, '2025-02-21'),
(547, 'H2', 10, '2025-02-21'),
(547, 'H3', 10, '2025-02-21'),
(547, 'H5', 10, '2025-02-21'),
(547, 'H7', 10, '2025-02-21'),
(547, 'H8', 10, '2025-02-21'),
(547, 'H9', 10, '2025-02-21'),
(547, 'I1', 10, '2025-02-21'),
(547, 'I10', 10, '2025-02-21'),
(547, 'I2', 10, '2025-02-21'),
(547, 'I3', 10, '2025-02-21'),
(547, 'I4', 10, '2025-02-21'),
(547, 'I5', 10, '2025-02-21'),
(547, 'I6', 10, '2025-02-21'),
(547, 'I7', 10, '2025-02-21'),
(547, 'I8', 10, '2025-02-21'),
(547, 'J1', 10, '2025-02-21'),
(547, 'J3', 10, '2025-02-21'),
(547, 'J4', 10, '2025-02-21'),
(548, 'D3', 10, '2025-02-21'),
(548, 'D7', 10, '2025-02-21'),
(548, 'D8', 10, '2025-02-21'),
(548, 'F10', 10, '2025-02-21'),
(548, 'F2', 10, '2025-02-21'),
(548, 'G5', 10, '2025-02-21'),
(548, 'G7', 10, '2025-02-21'),
(548, 'G9', 10, '2025-02-21'),
(548, 'I2', 10, '2025-02-21'),
(548, 'I7', 10, '2025-02-21'),
(549, 'C10', 10, '2025-02-21'),
(549, 'C7', 10, '2025-02-21'),
(549, 'D2', 10, '2025-02-21'),
(549, 'D4', 10, '2025-02-21'),
(549, 'D8', 10, '2025-02-21'),
(549, 'E6', 10, '2025-02-21'),
(549, 'E8', 10, '2025-02-21'),
(549, 'F2', 10, '2025-02-21'),
(549, 'F4', 10, '2025-02-21'),
(549, 'F7', 10, '2025-02-21'),
(549, 'F9', 10, '2025-02-21'),
(549, 'G1', 10, '2025-02-21'),
(549, 'G9', 10, '2025-02-21'),
(549, 'H4', 10, '2025-02-21'),
(549, 'H6', 10, '2025-02-21'),
(549, 'H8', 10, '2025-02-21'),
(550, 'D3', 10, '2025-02-21'),
(550, 'D4', 10, '2025-02-21'),
(550, 'E3', 10, '2025-02-21'),
(550, 'E7', 10, '2025-02-21'),
(550, 'E8', 10, '2025-02-21'),
(550, 'F10', 10, '2025-02-21'),
(550, 'F3', 10, '2025-02-21'),
(550, 'F4', 10, '2025-02-21'),
(550, 'F9', 10, '2025-02-21'),
(550, 'G1', 10, '2025-02-21'),
(550, 'G2', 10, '2025-02-21'),
(551, 'D1', 10, '2025-02-21'),
(551, 'E1', 10, '2025-02-21'),
(551, 'E2', 10, '2025-02-21'),
(551, 'E3', 10, '2025-02-21'),
(551, 'G4', 10, '2025-02-21'),
(551, 'G5', 10, '2025-02-21'),
(551, 'H6', 10, '2025-02-21'),
(551, 'H7', 10, '2025-02-21'),
(552, 'E3', 10, '2025-02-21'),
(552, 'E4', 10, '2025-02-21'),
(552, 'E6', 10, '2025-02-21'),
(552, 'E7', 10, '2025-02-21'),
(552, 'F3', 10, '2025-02-21'),
(552, 'F6', 10, '2025-02-21'),
(552, 'F8', 10, '2025-02-21'),
(552, 'F9', 10, '2025-02-21'),
(552, 'G1', 10, '2025-02-21'),
(552, 'G10', 10, '2025-02-21'),
(552, 'G2', 10, '2025-02-21'),
(552, 'G5', 10, '2025-02-21'),
(552, 'G9', 10, '2025-02-21'),
(553, 'A6', 10, '2025-02-21'),
(553, 'A7', 10, '2025-02-21'),
(553, 'B1', 10, '2025-02-21'),
(553, 'B10', 10, '2025-02-21'),
(553, 'B2', 10, '2025-02-21'),
(553, 'B5', 10, '2025-02-21'),
(553, 'B6', 10, '2025-02-21'),
(553, 'B7', 10, '2025-02-21'),
(553, 'B9', 10, '2025-02-21'),
(553, 'C3', 10, '2025-02-21'),
(553, 'C6', 10, '2025-02-21'),
(553, 'C8', 10, '2025-02-21'),
(553, 'C9', 10, '2025-02-21'),
(553, 'D1', 10, '2025-02-21'),
(553, 'D10', 10, '2025-02-21'),
(553, 'D4', 10, '2025-02-21'),
(553, 'D7', 10, '2025-02-21'),
(553, 'D9', 10, '2025-02-21'),
(553, 'E2', 10, '2025-02-21'),
(553, 'E3', 10, '2025-02-21'),
(553, 'E5', 10, '2025-02-21'),
(553, 'E6', 10, '2025-02-21'),
(553, 'E9', 10, '2025-02-21'),
(553, 'F1', 10, '2025-02-21'),
(553, 'F10', 10, '2025-02-21'),
(553, 'F3', 10, '2025-02-21'),
(553, 'F4', 10, '2025-02-21'),
(553, 'F5', 10, '2025-02-21'),
(553, 'F6', 10, '2025-02-21'),
(553, 'F7', 10, '2025-02-21'),
(553, 'F8', 10, '2025-02-21'),
(553, 'F9', 10, '2025-02-21'),
(553, 'G10', 10, '2025-02-21'),
(553, 'G2', 10, '2025-02-21'),
(553, 'G4', 10, '2025-02-21'),
(553, 'G6', 10, '2025-02-21'),
(553, 'G8', 10, '2025-02-21'),
(553, 'H1', 10, '2025-02-21'),
(553, 'H3', 10, '2025-02-21'),
(553, 'H4', 10, '2025-02-21'),
(553, 'H5', 10, '2025-02-21'),
(553, 'H6', 10, '2025-02-21'),
(553, 'H7', 10, '2025-02-21'),
(553, 'H9', 10, '2025-02-21'),
(553, 'I1', 10, '2025-02-21'),
(553, 'I10', 10, '2025-02-21'),
(553, 'I2', 10, '2025-02-21'),
(553, 'I3', 10, '2025-02-21'),
(553, 'I5', 10, '2025-02-21'),
(553, 'I7', 10, '2025-02-21'),
(553, 'I9', 10, '2025-02-21'),
(553, 'J3', 10, '2025-02-21'),
(553, 'J4', 10, '2025-02-21'),
(554, 'A2', 10, '2025-02-21'),
(554, 'A3', 10, '2025-02-21'),
(554, 'B10', 10, '2025-02-21'),
(554, 'B3', 10, '2025-02-21'),
(554, 'B4', 10, '2025-02-21'),
(554, 'B6', 10, '2025-02-21'),
(554, 'B7', 10, '2025-02-21'),
(554, 'B8', 10, '2025-02-21'),
(554, 'B9', 10, '2025-02-21'),
(554, 'C1', 10, '2025-02-21'),
(554, 'C10', 10, '2025-02-21'),
(554, 'C2', 10, '2025-02-21'),
(554, 'C3', 10, '2025-02-21'),
(554, 'C4', 10, '2025-02-21'),
(554, 'C5', 10, '2025-02-21'),
(554, 'C6', 10, '2025-02-21'),
(554, 'C7', 10, '2025-02-21'),
(554, 'C8', 10, '2025-02-21'),
(554, 'C9', 10, '2025-02-21'),
(554, 'D2', 10, '2025-02-21'),
(554, 'D3', 10, '2025-02-21'),
(554, 'D4', 10, '2025-02-21'),
(554, 'D7', 10, '2025-02-21'),
(554, 'D8', 10, '2025-02-21'),
(554, 'D9', 10, '2025-02-21'),
(554, 'E10', 10, '2025-02-21'),
(554, 'E2', 10, '2025-02-21'),
(554, 'E4', 10, '2025-02-21'),
(554, 'E5', 10, '2025-02-21'),
(554, 'E6', 10, '2025-02-21'),
(554, 'E7', 10, '2025-02-21'),
(554, 'E8', 10, '2025-02-21'),
(554, 'E9', 10, '2025-02-21'),
(554, 'F1', 10, '2025-02-21'),
(554, 'F10', 10, '2025-02-21'),
(554, 'F2', 10, '2025-02-21'),
(554, 'F3', 10, '2025-02-21'),
(554, 'F5', 10, '2025-02-21'),
(554, 'F7', 10, '2025-02-21'),
(554, 'F8', 10, '2025-02-21'),
(554, 'F9', 10, '2025-02-21'),
(554, 'G10', 10, '2025-02-21'),
(554, 'G2', 10, '2025-02-21'),
(554, 'G3', 10, '2025-02-21'),
(554, 'G4', 10, '2025-02-21'),
(554, 'G5', 10, '2025-02-21'),
(554, 'G6', 10, '2025-02-21'),
(554, 'G8', 10, '2025-02-21'),
(554, 'G9', 10, '2025-02-21'),
(554, 'H1', 10, '2025-02-21'),
(554, 'H2', 10, '2025-02-21'),
(554, 'H3', 10, '2025-02-21'),
(554, 'H4', 10, '2025-02-21'),
(554, 'H7', 10, '2025-02-21'),
(554, 'H8', 10, '2025-02-21'),
(554, 'I1', 10, '2025-02-21'),
(554, 'I10', 10, '2025-02-21'),
(554, 'I2', 10, '2025-02-21'),
(554, 'I3', 10, '2025-02-21'),
(554, 'I4', 10, '2025-02-21'),
(554, 'I5', 10, '2025-02-21'),
(554, 'I6', 10, '2025-02-21'),
(554, 'I7', 10, '2025-02-21'),
(554, 'I9', 10, '2025-02-21'),
(554, 'J2', 10, '2025-02-21'),
(554, 'J3', 10, '2025-02-21'),
(555, 'C2', 10, '2025-02-21'),
(555, 'C4', 10, '2025-02-21'),
(555, 'D2', 10, '2025-02-21'),
(555, 'D8', 10, '2025-02-21'),
(555, 'D9', 10, '2025-02-21'),
(555, 'E4', 10, '2025-02-21'),
(555, 'E5', 10, '2025-02-21'),
(555, 'F2', 10, '2025-02-21'),
(555, 'F7', 10, '2025-02-21'),
(555, 'G10', 10, '2025-02-21'),
(555, 'G3', 10, '2025-02-21'),
(555, 'G5', 10, '2025-02-21'),
(555, 'G6', 10, '2025-02-21'),
(555, 'H8', 10, '2025-02-21'),
(555, 'I10', 10, '2025-02-21'),
(555, 'I2', 10, '2025-02-21'),
(555, 'I8', 10, '2025-02-21'),
(555, 'I9', 10, '2025-02-21'),
(556, 'B7', 10, '2025-02-21'),
(556, 'C2', 10, '2025-02-21'),
(556, 'C9', 10, '2025-02-21'),
(556, 'D1', 10, '2025-02-21'),
(556, 'D4', 10, '2025-02-21'),
(556, 'D8', 10, '2025-02-21'),
(556, 'E10', 10, '2025-02-21'),
(556, 'E7', 10, '2025-02-21'),
(556, 'E9', 10, '2025-02-21'),
(556, 'F10', 10, '2025-02-21'),
(556, 'F3', 10, '2025-02-21'),
(556, 'F6', 10, '2025-02-21'),
(556, 'F8', 10, '2025-02-21'),
(556, 'G5', 10, '2025-02-21'),
(556, 'H4', 10, '2025-02-21'),
(556, 'H6', 10, '2025-02-21'),
(556, 'H8', 10, '2025-02-21'),
(556, 'H9', 10, '2025-02-21'),
(556, 'I1', 10, '2025-02-21'),
(556, 'I7', 10, '2025-02-21'),
(557, 'B1', 10, '2025-02-21'),
(557, 'C4', 10, '2025-02-21'),
(557, 'C5', 10, '2025-02-21'),
(557, 'C7', 10, '2025-02-21'),
(557, 'C8', 10, '2025-02-21'),
(557, 'C9', 10, '2025-02-21'),
(557, 'D1', 10, '2025-02-21'),
(557, 'D3', 10, '2025-02-21'),
(557, 'D4', 10, '2025-02-21'),
(557, 'D6', 10, '2025-02-21'),
(557, 'E9', 10, '2025-02-21'),
(557, 'F10', 10, '2025-02-21'),
(557, 'F2', 10, '2025-02-21'),
(557, 'F4', 10, '2025-02-21'),
(557, 'F7', 10, '2025-02-21'),
(557, 'G4', 10, '2025-02-21'),
(557, 'H10', 10, '2025-02-21'),
(557, 'H2', 10, '2025-02-21'),
(557, 'H5', 10, '2025-02-21'),
(557, 'H7', 10, '2025-02-21'),
(557, 'H9', 10, '2025-02-21'),
(557, 'I1', 10, '2025-02-21'),
(557, 'I10', 10, '2025-02-21'),
(557, 'I8', 10, '2025-02-21'),
(558, 'B3', 10, '2025-02-21'),
(558, 'C2', 10, '2025-02-21'),
(558, 'C6', 10, '2025-02-21'),
(558, 'D10', 10, '2025-02-21'),
(558, 'D2', 10, '2025-02-21'),
(558, 'D5', 10, '2025-02-21'),
(558, 'D7', 10, '2025-02-21'),
(558, 'F3', 10, '2025-02-21'),
(558, 'F5', 10, '2025-02-21'),
(558, 'F9', 10, '2025-02-21'),
(558, 'G3', 10, '2025-02-21'),
(558, 'G5', 10, '2025-02-21'),
(558, 'G7', 10, '2025-02-21'),
(558, 'H1', 10, '2025-02-21'),
(558, 'I4', 10, '2025-02-21'),
(558, 'I6', 10, '2025-02-21'),
(558, 'I9', 10, '2025-02-21'),
(559, 'B1', 10, '2025-02-21'),
(559, 'C3', 10, '2025-02-21'),
(559, 'C6', 10, '2025-02-21'),
(559, 'D10', 10, '2025-02-21'),
(559, 'D4', 10, '2025-02-21'),
(559, 'D8', 10, '2025-02-21'),
(559, 'E1', 10, '2025-02-21'),
(559, 'E3', 10, '2025-02-21'),
(559, 'E4', 10, '2025-02-21'),
(559, 'E7', 10, '2025-02-21'),
(559, 'F2', 10, '2025-02-21'),
(559, 'F5', 10, '2025-02-21'),
(559, 'F9', 10, '2025-02-21'),
(559, 'G10', 10, '2025-02-21'),
(559, 'G4', 10, '2025-02-21'),
(559, 'G6', 10, '2025-02-21'),
(559, 'G7', 10, '2025-02-21'),
(559, 'G8', 10, '2025-02-21'),
(559, 'H2', 10, '2025-02-21'),
(559, 'H5', 10, '2025-02-21'),
(559, 'I3', 10, '2025-02-21'),
(559, 'I8', 10, '2025-02-21'),
(559, 'J4', 10, '2025-02-21'),
(560, 'A10', 10, '2025-02-21'),
(560, 'A3', 10, '2025-02-21'),
(560, 'A4', 10, '2025-02-21'),
(560, 'A5', 10, '2025-02-21'),
(560, 'A6', 10, '2025-02-21'),
(560, 'A8', 10, '2025-02-21'),
(560, 'B1', 10, '2025-02-21'),
(560, 'B10', 10, '2025-02-21'),
(560, 'B2', 10, '2025-02-21'),
(560, 'B3', 10, '2025-02-21'),
(560, 'B4', 10, '2025-02-21'),
(560, 'B7', 10, '2025-02-21'),
(560, 'B8', 10, '2025-02-21'),
(560, 'B9', 10, '2025-02-21'),
(560, 'C1', 10, '2025-02-21'),
(560, 'C10', 10, '2025-02-21'),
(560, 'C3', 10, '2025-02-21'),
(560, 'C4', 10, '2025-02-21'),
(560, 'C6', 10, '2025-02-21'),
(560, 'C7', 10, '2025-02-21'),
(560, 'C8', 10, '2025-02-21'),
(560, 'C9', 10, '2025-02-21'),
(560, 'D2', 10, '2025-02-21'),
(560, 'D3', 10, '2025-02-21'),
(560, 'D4', 10, '2025-02-21'),
(560, 'D5', 10, '2025-02-21'),
(560, 'D6', 10, '2025-02-21'),
(560, 'D7', 10, '2025-02-21'),
(560, 'D8', 10, '2025-02-21'),
(560, 'D9', 10, '2025-02-21'),
(560, 'E1', 10, '2025-02-21'),
(560, 'E10', 10, '2025-02-21'),
(560, 'E2', 10, '2025-02-21'),
(560, 'E3', 10, '2025-02-21'),
(560, 'E5', 10, '2025-02-21'),
(560, 'E6', 10, '2025-02-21'),
(560, 'E7', 10, '2025-02-21'),
(560, 'E8', 10, '2025-02-21'),
(560, 'E9', 10, '2025-02-21'),
(560, 'F10', 10, '2025-02-21'),
(560, 'F2', 10, '2025-02-21'),
(560, 'F3', 10, '2025-02-21'),
(560, 'F4', 10, '2025-02-21'),
(560, 'F5', 10, '2025-02-21'),
(560, 'F6', 10, '2025-02-21'),
(560, 'F7', 10, '2025-02-21'),
(560, 'F8', 10, '2025-02-21'),
(560, 'G10', 10, '2025-02-21'),
(560, 'G2', 10, '2025-02-21'),
(560, 'G3', 10, '2025-02-21'),
(560, 'G5', 10, '2025-02-21'),
(560, 'G6', 10, '2025-02-21'),
(560, 'G8', 10, '2025-02-21'),
(560, 'G9', 10, '2025-02-21'),
(560, 'H1', 10, '2025-02-21'),
(560, 'H10', 10, '2025-02-21'),
(560, 'H2', 10, '2025-02-21'),
(560, 'H3', 10, '2025-02-21'),
(560, 'H4', 10, '2025-02-21'),
(560, 'H5', 10, '2025-02-21'),
(560, 'H7', 10, '2025-02-21'),
(560, 'H8', 10, '2025-02-21'),
(560, 'I1', 10, '2025-02-21'),
(560, 'I2', 10, '2025-02-21'),
(560, 'I5', 10, '2025-02-21'),
(560, 'I7', 10, '2025-02-21'),
(560, 'I9', 10, '2025-02-21'),
(560, 'J2', 10, '2025-02-21'),
(560, 'J4', 10, '2025-02-21'),
(560, 'J5', 10, '2025-02-21'),
(561, 'B1', 10, '2025-02-21'),
(561, 'B10', 10, '2025-02-21'),
(561, 'B3', 10, '2025-02-21'),
(561, 'B4', 10, '2025-02-21'),
(561, 'B5', 10, '2025-02-21'),
(561, 'B6', 10, '2025-02-21'),
(561, 'B8', 10, '2025-02-21'),
(561, 'B9', 10, '2025-02-21'),
(561, 'C10', 10, '2025-02-21'),
(561, 'C2', 10, '2025-02-21'),
(561, 'C3', 10, '2025-02-21'),
(561, 'C4', 10, '2025-02-21'),
(561, 'C6', 10, '2025-02-21'),
(561, 'C7', 10, '2025-02-21'),
(561, 'C8', 10, '2025-02-21'),
(561, 'C9', 10, '2025-02-21'),
(561, 'D1', 10, '2025-02-21'),
(561, 'D2', 10, '2025-02-21'),
(561, 'D3', 10, '2025-02-21'),
(561, 'D5', 10, '2025-02-21'),
(561, 'D6', 10, '2025-02-21'),
(561, 'D7', 10, '2025-02-21'),
(561, 'D8', 10, '2025-02-21'),
(561, 'D9', 10, '2025-02-21'),
(561, 'E1', 10, '2025-02-21'),
(561, 'E10', 10, '2025-02-21'),
(561, 'E2', 10, '2025-02-21'),
(561, 'E3', 10, '2025-02-21'),
(561, 'E4', 10, '2025-02-21'),
(561, 'E6', 10, '2025-02-21'),
(561, 'E7', 10, '2025-02-21'),
(561, 'E8', 10, '2025-02-21'),
(561, 'E9', 10, '2025-02-21'),
(561, 'F10', 10, '2025-02-21'),
(561, 'F2', 10, '2025-02-21'),
(561, 'F3', 10, '2025-02-21'),
(561, 'F5', 10, '2025-02-21'),
(561, 'F6', 10, '2025-02-21'),
(561, 'F7', 10, '2025-02-21'),
(561, 'F8', 10, '2025-02-21'),
(561, 'G1', 10, '2025-02-21'),
(561, 'G10', 10, '2025-02-21'),
(561, 'G3', 10, '2025-02-21'),
(561, 'G4', 10, '2025-02-21'),
(561, 'G5', 10, '2025-02-21'),
(561, 'G7', 10, '2025-02-21'),
(561, 'G8', 10, '2025-02-21'),
(561, 'G9', 10, '2025-02-21'),
(561, 'H1', 10, '2025-02-21'),
(561, 'H2', 10, '2025-02-21'),
(561, 'H3', 10, '2025-02-21'),
(561, 'H4', 10, '2025-02-21'),
(561, 'H6', 10, '2025-02-21'),
(561, 'H7', 10, '2025-02-21'),
(561, 'H8', 10, '2025-02-21'),
(561, 'I10', 10, '2025-02-21'),
(561, 'I2', 10, '2025-02-21'),
(561, 'I3', 10, '2025-02-21'),
(561, 'I4', 10, '2025-02-21'),
(561, 'I5', 10, '2025-02-21'),
(561, 'I6', 10, '2025-02-21'),
(561, 'I7', 10, '2025-02-21'),
(561, 'I8', 10, '2025-02-21'),
(561, 'J1', 10, '2025-02-21'),
(561, 'J2', 10, '2025-02-21'),
(562, 'C3', 10, '2025-02-21'),
(562, 'C7', 10, '2025-02-21'),
(562, 'D2', 10, '2025-02-21'),
(562, 'D5', 10, '2025-02-21'),
(562, 'D9', 10, '2025-02-21'),
(562, 'E4', 10, '2025-02-21'),
(562, 'E6', 10, '2025-02-21'),
(562, 'F3', 10, '2025-02-21'),
(562, 'G1', 10, '2025-02-21'),
(562, 'G10', 10, '2025-02-21'),
(562, 'G7', 10, '2025-02-21'),
(562, 'G9', 10, '2025-02-21'),
(562, 'H4', 10, '2025-02-21'),
(562, 'H6', 10, '2025-02-21'),
(563, 'E3', 10, '2025-02-21'),
(563, 'E8', 10, '2025-02-21'),
(563, 'F1', 10, '2025-02-21'),
(563, 'F2', 10, '2025-02-21'),
(563, 'F3', 10, '2025-02-21'),
(563, 'G8', 10, '2025-02-21'),
(563, 'G9', 10, '2025-02-21'),
(563, 'H2', 10, '2025-02-21'),
(563, 'H4', 10, '2025-02-21'),
(564, 'D2', 10, '2025-02-21'),
(564, 'D3', 10, '2025-02-21'),
(564, 'E8', 10, '2025-02-21'),
(564, 'E9', 10, '2025-02-21'),
(564, 'F4', 10, '2025-02-21'),
(564, 'F9', 10, '2025-02-21'),
(564, 'G1', 10, '2025-02-21'),
(564, 'G7', 10, '2025-02-21'),
(564, 'I10', 10, '2025-02-21'),
(564, 'I8', 10, '2025-02-21'),
(564, 'I9', 10, '2025-02-21'),
(565, 'C8', 10, '2025-02-21'),
(565, 'C9', 10, '2025-02-21'),
(565, 'D2', 10, '2025-02-21'),
(565, 'D3', 10, '2025-02-21'),
(565, 'F10', 10, '2025-02-21'),
(565, 'F2', 10, '2025-02-21'),
(565, 'F3', 10, '2025-02-21'),
(565, 'F4', 10, '2025-02-21'),
(565, 'F7', 10, '2025-02-21'),
(565, 'H1', 10, '2025-02-21'),
(565, 'H3', 10, '2025-02-21'),
(565, 'I8', 10, '2025-02-21'),
(566, 'C1', 10, '2025-02-21'),
(566, 'C4', 10, '2025-02-21'),
(566, 'C7', 10, '2025-02-21'),
(566, 'D9', 10, '2025-02-21'),
(566, 'E2', 10, '2025-02-21'),
(566, 'E5', 10, '2025-02-21'),
(566, 'F10', 10, '2025-02-21'),
(566, 'F6', 10, '2025-02-21'),
(566, 'G2', 10, '2025-02-21'),
(566, 'G4', 10, '2025-02-21'),
(566, 'G7', 10, '2025-02-21'),
(566, 'H4', 10, '2025-02-21'),
(566, 'H9', 10, '2025-02-21'),
(567, 'A1', 10, '2025-02-21'),
(567, 'A2', 10, '2025-02-21'),
(567, 'A7', 10, '2025-02-21'),
(567, 'A8', 10, '2025-02-21'),
(567, 'B1', 10, '2025-02-21'),
(567, 'B2', 10, '2025-02-21'),
(567, 'B3', 10, '2025-02-21'),
(567, 'B4', 10, '2025-02-21'),
(567, 'B5', 10, '2025-02-21'),
(567, 'B7', 10, '2025-02-21'),
(567, 'B8', 10, '2025-02-21'),
(567, 'B9', 10, '2025-02-21'),
(567, 'C1', 10, '2025-02-21'),
(567, 'C10', 10, '2025-02-21'),
(567, 'C2', 10, '2025-02-21'),
(567, 'C3', 10, '2025-02-21'),
(567, 'C5', 10, '2025-02-21'),
(567, 'C6', 10, '2025-02-21'),
(567, 'C7', 10, '2025-02-21'),
(567, 'C8', 10, '2025-02-21'),
(567, 'D2', 10, '2025-02-21'),
(567, 'D3', 10, '2025-02-21'),
(567, 'D4', 10, '2025-02-21'),
(567, 'D5', 10, '2025-02-21'),
(567, 'D6', 10, '2025-02-21'),
(567, 'D7', 10, '2025-02-21'),
(567, 'D9', 10, '2025-02-21'),
(567, 'E1', 10, '2025-02-21'),
(567, 'E10', 10, '2025-02-21'),
(567, 'E2', 10, '2025-02-21'),
(567, 'E3', 10, '2025-02-21'),
(567, 'E4', 10, '2025-02-21'),
(567, 'E6', 10, '2025-02-21'),
(567, 'E7', 10, '2025-02-21'),
(567, 'E8', 10, '2025-02-21'),
(567, 'F1', 10, '2025-02-21'),
(567, 'F2', 10, '2025-02-21'),
(567, 'F3', 10, '2025-02-21'),
(567, 'F5', 10, '2025-02-21'),
(567, 'F7', 10, '2025-02-21'),
(567, 'F8', 10, '2025-02-21'),
(567, 'F9', 10, '2025-02-21'),
(567, 'G1', 10, '2025-02-21'),
(567, 'G2', 10, '2025-02-21'),
(567, 'G3', 10, '2025-02-21'),
(567, 'G4', 10, '2025-02-21'),
(567, 'G6', 10, '2025-02-21'),
(567, 'G8', 10, '2025-02-21'),
(567, 'G9', 10, '2025-02-21'),
(567, 'H10', 10, '2025-02-21'),
(567, 'H2', 10, '2025-02-21'),
(567, 'H3', 10, '2025-02-21'),
(567, 'H4', 10, '2025-02-21'),
(567, 'H7', 10, '2025-02-21'),
(567, 'H9', 10, '2025-02-21'),
(567, 'I1', 10, '2025-02-21'),
(567, 'I10', 10, '2025-02-21'),
(567, 'I3', 10, '2025-02-21'),
(567, 'I5', 10, '2025-02-21'),
(567, 'I6', 10, '2025-02-21'),
(567, 'I7', 10, '2025-02-21'),
(567, 'I8', 10, '2025-02-21'),
(567, 'I9', 10, '2025-02-21'),
(567, 'J1', 10, '2025-02-21'),
(567, 'J2', 10, '2025-02-21'),
(567, 'J3', 10, '2025-02-21'),
(567, 'J4', 10, '2025-02-21'),
(610, 'A1', 9, '2023-01-01'),
(610, 'A4', 9, '2023-01-01'),
(610, 'A6', 9, '2023-01-01'),
(610, 'B3', 9, '2023-01-01'),
(610, 'B5', 9, '2023-01-01'),
(610, 'B7', 9, '2023-01-01'),
(610, 'B8', 9, '2023-01-01'),
(610, 'B9', 9, '2023-01-01'),
(610, 'C1', 9, '2023-01-01'),
(610, 'C10', 9, '2023-01-01'),
(610, 'C2', 9, '2023-01-01'),
(610, 'C4', 9, '2023-01-01'),
(610, 'C7', 9, '2023-01-01'),
(610, 'C9', 9, '2023-01-01'),
(610, 'D6', 9, '2023-01-01'),
(610, 'D8', 9, '2023-01-01'),
(610, 'E3', 9, '2023-01-01'),
(610, 'E5', 9, '2023-01-01'),
(610, 'E7', 9, '2023-01-01'),
(610, 'E9', 9, '2023-01-01'),
(610, 'F1', 9, '2023-01-01'),
(610, 'F10', 9, '2023-01-01'),
(610, 'F5', 9, '2023-01-01'),
(610, 'F7', 9, '2023-01-01'),
(610, 'G1', 9, '2023-01-01'),
(610, 'G10', 9, '2023-01-01'),
(610, 'G2', 9, '2023-01-01'),
(610, 'G3', 9, '2023-01-01'),
(610, 'G6', 9, '2023-01-01'),
(610, 'G8', 9, '2023-01-01'),
(610, 'H4', 9, '2023-01-01'),
(610, 'H5', 9, '2023-01-01'),
(610, 'H7', 9, '2023-01-01'),
(610, 'H9', 9, '2023-01-01'),
(610, 'I1', 9, '2023-01-01'),
(610, 'I2', 9, '2023-01-01'),
(610, 'I7', 9, '2023-01-01'),
(610, 'I9', 9, '2023-01-01'),
(610, 'J5', 9, '2023-01-01'),
(611, 'A1', 9, '2023-01-01'),
(611, 'A4', 9, '2023-01-01'),
(611, 'B2', 9, '2023-01-01'),
(611, 'B8', 9, '2023-01-01'),
(611, 'C10', 9, '2023-01-01'),
(611, 'C2', 9, '2023-01-01'),
(611, 'C4', 9, '2023-01-01'),
(611, 'C5', 9, '2023-01-01'),
(611, 'C7', 9, '2023-01-01'),
(611, 'D1', 9, '2023-01-01'),
(611, 'D3', 9, '2023-01-01'),
(611, 'D4', 9, '2023-01-01'),
(611, 'D8', 9, '2023-01-01'),
(611, 'D9', 9, '2023-01-01'),
(611, 'E2', 9, '2023-01-01'),
(611, 'E5', 9, '2023-01-01'),
(611, 'E8', 9, '2023-01-01'),
(611, 'F2', 9, '2023-01-01'),
(611, 'F4', 9, '2023-01-01'),
(611, 'F7', 9, '2023-01-01'),
(611, 'F8', 9, '2023-01-01'),
(611, 'G6', 9, '2023-01-01'),
(611, 'G9', 9, '2023-01-01'),
(611, 'H1', 9, '2023-01-01'),
(611, 'H10', 9, '2023-01-01'),
(611, 'H3', 9, '2023-01-01'),
(611, 'H4', 9, '2023-01-01'),
(611, 'H7', 9, '2023-01-01'),
(611, 'H9', 9, '2023-01-01'),
(611, 'I5', 9, '2023-01-01'),
(611, 'I7', 9, '2023-01-01'),
(611, 'J4', 9, '2023-01-01'),
(611, 'J5', 9, '2023-01-01'),
(612, 'A2', 9, '2023-01-01'),
(612, 'B10', 9, '2023-01-01'),
(612, 'B4', 9, '2023-01-01'),
(612, 'B7', 9, '2023-01-01'),
(612, 'C1', 9, '2023-01-01'),
(612, 'C3', 9, '2023-01-01'),
(612, 'C5', 9, '2023-01-01'),
(612, 'D1', 9, '2023-01-01'),
(612, 'D3', 9, '2023-01-01'),
(612, 'D6', 9, '2023-01-01'),
(612, 'D7', 9, '2023-01-01'),
(612, 'D9', 9, '2023-01-01'),
(612, 'E9', 9, '2023-01-01'),
(612, 'F1', 9, '2023-01-01'),
(612, 'F10', 9, '2023-01-01'),
(612, 'F4', 9, '2023-01-01'),
(612, 'F6', 9, '2023-01-01'),
(612, 'F7', 9, '2023-01-01'),
(612, 'F8', 9, '2023-01-01'),
(612, 'G3', 9, '2023-01-01'),
(612, 'G4', 9, '2023-01-01'),
(612, 'G5', 9, '2023-01-01'),
(612, 'G7', 9, '2023-01-01'),
(612, 'H3', 9, '2023-01-01'),
(612, 'H9', 9, '2023-01-01'),
(612, 'I10', 9, '2023-01-01');
INSERT INTO `sale` (`showid`, `seatid`, `userid`, `SaleDate`) VALUES
(612, 'I2', 9, '2023-01-01'),
(612, 'I4', 9, '2023-01-01'),
(612, 'I6', 9, '2023-01-01'),
(612, 'I7', 9, '2023-01-01'),
(612, 'J5', 9, '2023-01-01'),
(613, 'B4', 9, '2023-01-01'),
(613, 'B7', 9, '2023-01-01'),
(613, 'B9', 9, '2023-01-01'),
(613, 'C1', 9, '2023-01-01'),
(613, 'C3', 9, '2023-01-01'),
(613, 'D10', 9, '2023-01-01'),
(613, 'E3', 9, '2023-01-01'),
(613, 'E5', 9, '2023-01-01'),
(613, 'E7', 9, '2023-01-01'),
(613, 'F1', 9, '2023-01-01'),
(613, 'F4', 9, '2023-01-01'),
(613, 'F5', 9, '2023-01-01'),
(613, 'G8', 9, '2023-01-01'),
(613, 'H10', 9, '2023-01-01'),
(613, 'H4', 9, '2023-01-01'),
(613, 'H6', 9, '2023-01-01'),
(613, 'I2', 9, '2023-01-01'),
(614, 'B5', 9, '2023-01-01'),
(614, 'C2', 9, '2023-01-01'),
(614, 'C6', 9, '2023-01-01'),
(614, 'C8', 9, '2023-01-01'),
(614, 'D1', 9, '2023-01-01'),
(614, 'E10', 9, '2023-01-01'),
(614, 'E3', 9, '2023-01-01'),
(614, 'E4', 9, '2023-01-01'),
(614, 'E7', 9, '2023-01-01'),
(614, 'E9', 9, '2023-01-01'),
(614, 'F2', 9, '2023-01-01'),
(614, 'F9', 9, '2023-01-01'),
(614, 'G2', 9, '2023-01-01'),
(614, 'G5', 9, '2023-01-01'),
(614, 'H4', 9, '2023-01-01'),
(614, 'H7', 9, '2023-01-01'),
(614, 'I1', 9, '2023-01-01'),
(614, 'I10', 9, '2023-01-01'),
(614, 'I3', 9, '2023-01-01'),
(614, 'I7', 9, '2023-01-01'),
(615, 'A10', 9, '2023-01-01'),
(615, 'A7', 9, '2023-01-01'),
(615, 'B1', 9, '2023-01-01'),
(615, 'B3', 9, '2023-01-01'),
(615, 'C5', 9, '2023-01-01'),
(615, 'C9', 9, '2023-01-01'),
(615, 'D3', 9, '2023-01-01'),
(615, 'D7', 9, '2023-01-01'),
(615, 'E1', 9, '2023-01-01'),
(615, 'E9', 9, '2023-01-01'),
(615, 'F2', 9, '2023-01-01'),
(615, 'F5', 9, '2023-01-01'),
(615, 'F6', 9, '2023-01-01'),
(615, 'G9', 9, '2023-01-01'),
(615, 'H3', 9, '2023-01-01'),
(615, 'H4', 9, '2023-01-01'),
(615, 'H7', 9, '2023-01-01'),
(615, 'H8', 9, '2023-01-01'),
(615, 'I1', 9, '2023-01-01'),
(616, 'A2', 9, '2023-01-01'),
(616, 'A5', 9, '2023-01-01'),
(616, 'A7', 9, '2023-01-01'),
(616, 'B1', 9, '2023-01-01'),
(616, 'B10', 9, '2023-01-01'),
(616, 'B4', 9, '2023-01-01'),
(616, 'B6', 9, '2023-01-01'),
(616, 'C3', 9, '2023-01-01'),
(616, 'C4', 9, '2023-01-01'),
(616, 'C8', 9, '2023-01-01'),
(616, 'C9', 9, '2023-01-01'),
(616, 'D2', 9, '2023-01-01'),
(616, 'D7', 9, '2023-01-01'),
(616, 'E1', 9, '2023-01-01'),
(616, 'E3', 9, '2023-01-01'),
(616, 'E5', 9, '2023-01-01'),
(616, 'E8', 9, '2023-01-01'),
(616, 'E9', 9, '2023-01-01'),
(616, 'F10', 9, '2023-01-01'),
(616, 'F6', 9, '2023-01-01'),
(616, 'F7', 9, '2023-01-01'),
(616, 'G1', 9, '2023-01-01'),
(616, 'G10', 9, '2023-01-01'),
(616, 'G2', 9, '2023-01-01'),
(616, 'G3', 9, '2023-01-01'),
(616, 'G4', 9, '2023-01-01'),
(616, 'H5', 9, '2023-01-01'),
(616, 'H9', 9, '2023-01-01'),
(616, 'I10', 9, '2023-01-01'),
(616, 'I2', 9, '2023-01-01'),
(616, 'I4', 9, '2023-01-01'),
(616, 'I7', 9, '2023-01-01'),
(616, 'I8', 9, '2023-01-01'),
(616, 'J3', 9, '2023-01-01'),
(616, 'J4', 9, '2023-01-01'),
(617, 'A4', 9, '2023-01-01'),
(617, 'B1', 9, '2023-01-01'),
(617, 'B2', 9, '2023-01-01'),
(617, 'B4', 9, '2023-01-01'),
(617, 'B6', 9, '2023-01-01'),
(617, 'B8', 9, '2023-01-01'),
(617, 'B9', 9, '2023-01-01'),
(617, 'C10', 9, '2023-01-01'),
(617, 'C8', 9, '2023-01-01'),
(617, 'D2', 9, '2023-01-01'),
(617, 'D7', 9, '2023-01-01'),
(617, 'D8', 9, '2023-01-01'),
(617, 'D9', 9, '2023-01-01'),
(617, 'E3', 9, '2023-01-01'),
(617, 'E4', 9, '2023-01-01'),
(617, 'E5', 9, '2023-01-01'),
(617, 'E6', 9, '2023-01-01'),
(617, 'F1', 9, '2023-01-01'),
(617, 'F10', 9, '2023-01-01'),
(617, 'F2', 9, '2023-01-01'),
(617, 'F3', 9, '2023-01-01'),
(617, 'F4', 9, '2023-01-01'),
(617, 'F5', 9, '2023-01-01'),
(617, 'G1', 9, '2023-01-01'),
(617, 'G3', 9, '2023-01-01'),
(617, 'G4', 9, '2023-01-01'),
(617, 'G5', 9, '2023-01-01'),
(617, 'G7', 9, '2023-01-01'),
(617, 'G8', 9, '2023-01-01'),
(617, 'G9', 9, '2023-01-01'),
(617, 'H10', 9, '2023-01-01'),
(617, 'H4', 9, '2023-01-01'),
(617, 'H7', 9, '2023-01-01'),
(617, 'H8', 9, '2023-01-01'),
(617, 'H9', 9, '2023-01-01'),
(617, 'I10', 9, '2023-01-01'),
(617, 'I6', 9, '2023-01-01'),
(617, 'I9', 9, '2023-01-01'),
(617, 'J3', 9, '2023-01-01'),
(617, 'J5', 9, '2023-01-01'),
(618, 'A5', 9, '2023-01-01'),
(618, 'B3', 9, '2023-01-01'),
(618, 'B8', 9, '2023-01-01'),
(618, 'B9', 9, '2023-01-01'),
(618, 'C10', 9, '2023-01-01'),
(618, 'C2', 9, '2023-01-01'),
(618, 'C4', 9, '2023-01-01'),
(618, 'C6', 9, '2023-01-01'),
(618, 'C7', 9, '2023-01-01'),
(618, 'C8', 9, '2023-01-01'),
(618, 'D3', 9, '2023-01-01'),
(618, 'D4', 9, '2023-01-01'),
(618, 'D5', 9, '2023-01-01'),
(618, 'E10', 9, '2023-01-01'),
(618, 'E2', 9, '2023-01-01'),
(618, 'E6', 9, '2023-01-01'),
(618, 'E7', 9, '2023-01-01'),
(618, 'E9', 9, '2023-01-01'),
(618, 'F4', 9, '2023-01-01'),
(618, 'F6', 9, '2023-01-01'),
(618, 'F9', 9, '2023-01-01'),
(618, 'G1', 9, '2023-01-01'),
(618, 'G10', 9, '2023-01-01'),
(618, 'G5', 9, '2023-01-01'),
(618, 'G7', 9, '2023-01-01'),
(618, 'G8', 9, '2023-01-01'),
(618, 'H10', 9, '2023-01-01'),
(618, 'H2', 9, '2023-01-01'),
(618, 'H3', 9, '2023-01-01'),
(618, 'H4', 9, '2023-01-01'),
(618, 'H6', 9, '2023-01-01'),
(618, 'I5', 9, '2023-01-01'),
(618, 'J1', 9, '2023-01-01'),
(618, 'J4', 9, '2023-01-01'),
(618, 'J5', 9, '2023-01-01'),
(619, 'A6', 9, '2023-01-01'),
(619, 'A8', 9, '2023-01-01'),
(619, 'B1', 9, '2023-01-01'),
(619, 'B3', 9, '2023-01-01'),
(619, 'B4', 9, '2023-01-01'),
(619, 'B5', 9, '2023-01-01'),
(619, 'B7', 9, '2023-01-01'),
(619, 'B9', 9, '2023-01-01'),
(619, 'C10', 9, '2023-01-01'),
(619, 'C2', 9, '2023-01-01'),
(619, 'C6', 9, '2023-01-01'),
(619, 'C8', 9, '2023-01-01'),
(619, 'D10', 9, '2023-01-01'),
(619, 'D4', 9, '2023-01-01'),
(619, 'D5', 9, '2023-01-01'),
(619, 'D8', 9, '2023-01-01'),
(619, 'D9', 9, '2023-01-01'),
(619, 'E1', 9, '2023-01-01'),
(619, 'E10', 9, '2023-01-01'),
(619, 'E2', 9, '2023-01-01'),
(619, 'E4', 9, '2023-01-01'),
(619, 'E5', 9, '2023-01-01'),
(619, 'E7', 9, '2023-01-01'),
(619, 'F6', 9, '2023-01-01'),
(619, 'G2', 9, '2023-01-01'),
(619, 'G3', 9, '2023-01-01'),
(619, 'G5', 9, '2023-01-01'),
(619, 'G7', 9, '2023-01-01'),
(619, 'G8', 9, '2023-01-01'),
(619, 'G9', 9, '2023-01-01'),
(619, 'H1', 9, '2023-01-01'),
(619, 'H10', 9, '2023-01-01'),
(619, 'H6', 9, '2023-01-01'),
(619, 'I2', 9, '2023-01-01'),
(619, 'I4', 9, '2023-01-01'),
(619, 'I7', 9, '2023-01-01'),
(619, 'J2', 9, '2023-01-01'),
(619, 'J5', 9, '2023-01-01'),
(620, 'A10', 9, '2023-01-01'),
(620, 'A3', 9, '2023-01-01'),
(620, 'A5', 9, '2023-01-01'),
(620, 'B3', 9, '2023-01-01'),
(620, 'B4', 9, '2023-01-01'),
(620, 'B8', 9, '2023-01-01'),
(620, 'C1', 9, '2023-01-01'),
(620, 'C3', 9, '2023-01-01'),
(620, 'C4', 9, '2023-01-01'),
(620, 'C5', 9, '2023-01-01'),
(620, 'C7', 9, '2023-01-01'),
(620, 'C9', 9, '2023-01-01'),
(620, 'D3', 9, '2023-01-01'),
(620, 'D6', 9, '2023-01-01'),
(620, 'E1', 9, '2023-01-01'),
(620, 'E3', 9, '2023-01-01'),
(620, 'E4', 9, '2023-01-01'),
(620, 'E8', 9, '2023-01-01'),
(620, 'E9', 9, '2023-01-01'),
(620, 'F2', 9, '2023-01-01'),
(620, 'F5', 9, '2023-01-01'),
(620, 'F7', 9, '2023-01-01'),
(620, 'F9', 9, '2023-01-01'),
(620, 'G6', 9, '2023-01-01'),
(620, 'G7', 9, '2023-01-01'),
(620, 'G8', 9, '2023-01-01'),
(620, 'H10', 9, '2023-01-01'),
(620, 'H2', 9, '2023-01-01'),
(620, 'H4', 9, '2023-01-01'),
(620, 'I7', 9, '2023-01-01'),
(620, 'J3', 9, '2023-01-01'),
(620, 'J4', 9, '2023-01-01'),
(621, 'B1', 9, '2023-01-01'),
(621, 'B10', 9, '2023-01-01'),
(621, 'B2', 9, '2023-01-01'),
(621, 'B3', 9, '2023-01-01'),
(621, 'B6', 9, '2023-01-01'),
(621, 'B7', 9, '2023-01-01'),
(621, 'B9', 9, '2023-01-01'),
(621, 'C10', 9, '2023-01-01'),
(621, 'C3', 9, '2023-01-01'),
(621, 'C4', 9, '2023-01-01'),
(621, 'C8', 9, '2023-01-01'),
(621, 'D1', 9, '2023-01-01'),
(621, 'D2', 9, '2023-01-01'),
(621, 'D3', 9, '2023-01-01'),
(621, 'D4', 9, '2023-01-01'),
(621, 'D5', 9, '2023-01-01'),
(621, 'D6', 9, '2023-01-01'),
(621, 'D7', 9, '2023-01-01'),
(621, 'E7', 9, '2023-01-01'),
(621, 'E8', 9, '2023-01-01'),
(621, 'F1', 9, '2023-01-01'),
(621, 'F10', 9, '2023-01-01'),
(621, 'F2', 9, '2023-01-01'),
(621, 'F3', 9, '2023-01-01'),
(621, 'F5', 9, '2023-01-01'),
(621, 'F6', 9, '2023-01-01'),
(621, 'F7', 9, '2023-01-01'),
(621, 'F8', 9, '2023-01-01'),
(621, 'F9', 9, '2023-01-01'),
(621, 'G4', 9, '2023-01-01'),
(621, 'G5', 9, '2023-01-01'),
(621, 'G7', 9, '2023-01-01'),
(621, 'H2', 9, '2023-01-01'),
(621, 'H3', 9, '2023-01-01'),
(621, 'H8', 9, '2023-01-01'),
(621, 'I1', 9, '2023-01-01'),
(621, 'I10', 9, '2023-01-01'),
(621, 'I5', 9, '2023-01-01'),
(621, 'I7', 9, '2023-01-01'),
(621, 'I9', 9, '2023-01-01'),
(621, 'J2', 9, '2023-01-01'),
(621, 'J3', 9, '2023-01-01'),
(621, 'J4', 9, '2023-01-01'),
(622, 'A3', 9, '2023-01-01'),
(622, 'A5', 9, '2023-01-01'),
(622, 'B7', 9, '2023-01-01'),
(622, 'B9', 9, '2023-01-01'),
(622, 'C2', 9, '2023-01-01'),
(622, 'C3', 9, '2023-01-01'),
(622, 'D10', 9, '2023-01-01'),
(622, 'D4', 9, '2023-01-01'),
(622, 'D6', 9, '2023-01-01'),
(622, 'D8', 9, '2023-01-01'),
(622, 'E1', 9, '2023-01-01'),
(622, 'E8', 9, '2023-01-01'),
(622, 'F2', 9, '2023-01-01'),
(622, 'F5', 9, '2023-01-01'),
(622, 'F6', 9, '2023-01-01'),
(622, 'F9', 9, '2023-01-01'),
(622, 'G4', 9, '2023-01-01'),
(622, 'G6', 9, '2023-01-01'),
(622, 'H1', 9, '2023-01-01'),
(622, 'H10', 9, '2023-01-01'),
(622, 'H7', 9, '2023-01-01'),
(622, 'H9', 9, '2023-01-01'),
(622, 'I3', 9, '2023-01-01'),
(622, 'J1', 9, '2023-01-01'),
(622, 'J3', 9, '2023-01-01'),
(622, 'J4', 9, '2023-01-01'),
(623, 'A7', 9, '2023-01-01'),
(623, 'B2', 9, '2023-01-01'),
(623, 'B3', 9, '2023-01-01'),
(623, 'B4', 9, '2023-01-01'),
(623, 'B5', 9, '2023-01-01'),
(623, 'B9', 9, '2023-01-01'),
(623, 'C1', 9, '2023-01-01'),
(623, 'C10', 9, '2023-01-01'),
(623, 'C4', 9, '2023-01-01'),
(623, 'D2', 9, '2023-01-01'),
(623, 'D3', 9, '2023-01-01'),
(623, 'D5', 9, '2023-01-01'),
(623, 'D7', 9, '2023-01-01'),
(623, 'D8', 9, '2023-01-01'),
(623, 'E3', 9, '2023-01-01'),
(623, 'F1', 9, '2023-01-01'),
(623, 'F10', 9, '2023-01-01'),
(623, 'F5', 9, '2023-01-01'),
(623, 'F6', 9, '2023-01-01'),
(623, 'F8', 9, '2023-01-01'),
(623, 'F9', 9, '2023-01-01'),
(623, 'G10', 9, '2023-01-01'),
(623, 'G2', 9, '2023-01-01'),
(623, 'G3', 9, '2023-01-01'),
(623, 'G4', 9, '2023-01-01'),
(623, 'H3', 9, '2023-01-01'),
(623, 'H7', 9, '2023-01-01'),
(623, 'H9', 9, '2023-01-01'),
(623, 'I1', 9, '2023-01-01'),
(623, 'I5', 9, '2023-01-01'),
(623, 'I8', 9, '2023-01-01'),
(623, 'J2', 9, '2023-01-01'),
(623, 'J3', 9, '2023-01-01'),
(623, 'J5', 9, '2023-01-01'),
(624, 'A3', 9, '2023-01-01'),
(624, 'B1', 9, '2023-01-01'),
(624, 'B10', 9, '2023-01-01'),
(624, 'B2', 9, '2023-01-01'),
(624, 'B3', 9, '2023-01-01'),
(624, 'B5', 9, '2023-01-01'),
(624, 'B6', 9, '2023-01-01'),
(624, 'B7', 9, '2023-01-01'),
(624, 'B8', 9, '2023-01-01'),
(624, 'B9', 9, '2023-01-01'),
(624, 'C2', 9, '2023-01-01'),
(624, 'C4', 9, '2023-01-01'),
(624, 'C6', 9, '2023-01-01'),
(624, 'C8', 9, '2023-01-01'),
(624, 'C9', 9, '2023-01-01'),
(624, 'D1', 9, '2023-01-01'),
(624, 'D10', 9, '2023-01-01'),
(624, 'D2', 9, '2023-01-01'),
(624, 'D3', 9, '2023-01-01'),
(624, 'E1', 9, '2023-01-01'),
(624, 'E3', 9, '2023-01-01'),
(624, 'E4', 9, '2023-01-01'),
(624, 'E8', 9, '2023-01-01'),
(624, 'E9', 9, '2023-01-01'),
(624, 'F10', 9, '2023-01-01'),
(624, 'F2', 9, '2023-01-01'),
(624, 'F4', 9, '2023-01-01'),
(624, 'F5', 9, '2023-01-01'),
(624, 'F7', 9, '2023-01-01'),
(624, 'F8', 9, '2023-01-01'),
(624, 'G1', 9, '2023-01-01'),
(624, 'G3', 9, '2023-01-01'),
(624, 'G4', 9, '2023-01-01'),
(624, 'G5', 9, '2023-01-01'),
(624, 'G9', 9, '2023-01-01'),
(624, 'H10', 9, '2023-01-01'),
(624, 'H2', 9, '2023-01-01'),
(624, 'H3', 9, '2023-01-01'),
(624, 'H5', 9, '2023-01-01'),
(624, 'H9', 9, '2023-01-01'),
(624, 'I4', 9, '2023-01-01'),
(624, 'I7', 9, '2023-01-01'),
(624, 'I8', 9, '2023-01-01'),
(624, 'J4', 9, '2023-01-01'),
(625, 'A3', 9, '2023-01-01'),
(625, 'B10', 9, '2023-01-01'),
(625, 'B4', 9, '2023-01-01'),
(625, 'B5', 9, '2023-01-01'),
(625, 'B7', 9, '2023-01-01'),
(625, 'B9', 9, '2023-01-01'),
(625, 'C1', 9, '2023-01-01'),
(625, 'C2', 9, '2023-01-01'),
(625, 'C3', 9, '2023-01-01'),
(625, 'C6', 9, '2023-01-01'),
(625, 'C7', 9, '2023-01-01'),
(625, 'C8', 9, '2023-01-01'),
(625, 'D4', 9, '2023-01-01'),
(625, 'D5', 9, '2023-01-01'),
(625, 'D9', 9, '2023-01-01'),
(625, 'E10', 9, '2023-01-01'),
(625, 'E2', 9, '2023-01-01'),
(625, 'E7', 9, '2023-01-01'),
(625, 'F1', 9, '2023-01-01'),
(625, 'F3', 9, '2023-01-01'),
(625, 'F4', 9, '2023-01-01'),
(625, 'F6', 9, '2023-01-01'),
(625, 'F9', 9, '2023-01-01'),
(625, 'G10', 9, '2023-01-01'),
(625, 'G7', 9, '2023-01-01'),
(625, 'H2', 9, '2023-01-01'),
(625, 'H4', 9, '2023-01-01'),
(625, 'H5', 9, '2023-01-01'),
(625, 'H6', 9, '2023-01-01'),
(625, 'H8', 9, '2023-01-01'),
(625, 'I1', 9, '2023-01-01'),
(625, 'I6', 9, '2023-01-01'),
(626, 'B10', 9, '2023-01-01'),
(626, 'B2', 9, '2023-01-01'),
(626, 'B4', 9, '2023-01-01'),
(626, 'B7', 9, '2023-01-01'),
(626, 'B9', 9, '2023-01-01'),
(626, 'C1', 9, '2023-01-01'),
(626, 'C5', 9, '2023-01-01'),
(626, 'C6', 9, '2023-01-01'),
(626, 'D10', 9, '2023-01-01'),
(626, 'D2', 9, '2023-01-01'),
(626, 'D4', 9, '2023-01-01'),
(626, 'D8', 9, '2023-01-01'),
(626, 'E6', 9, '2023-01-01'),
(626, 'E9', 9, '2023-01-01'),
(626, 'F3', 9, '2023-01-01'),
(626, 'F7', 9, '2023-01-01'),
(626, 'G10', 9, '2023-01-01'),
(626, 'G2', 9, '2023-01-01'),
(626, 'G3', 9, '2023-01-01'),
(626, 'G4', 9, '2023-01-01'),
(626, 'G6', 9, '2023-01-01'),
(626, 'G9', 9, '2023-01-01'),
(626, 'H1', 9, '2023-01-01'),
(626, 'H10', 9, '2023-01-01'),
(626, 'H4', 9, '2023-01-01'),
(626, 'H5', 9, '2023-01-01'),
(626, 'H7', 9, '2023-01-01'),
(626, 'J1', 9, '2023-01-01'),
(627, 'B2', 9, '2023-01-01'),
(627, 'B4', 9, '2023-01-01'),
(627, 'B9', 9, '2023-01-01'),
(627, 'C10', 9, '2023-01-01'),
(627, 'C2', 9, '2023-01-01'),
(627, 'C5', 9, '2023-01-01'),
(627, 'C7', 9, '2023-01-01'),
(627, 'C9', 9, '2023-01-01'),
(627, 'D3', 9, '2023-01-01'),
(627, 'D5', 9, '2023-01-01'),
(627, 'E10', 9, '2023-01-01'),
(627, 'E4', 9, '2023-01-01'),
(627, 'E7', 9, '2023-01-01'),
(627, 'F3', 9, '2023-01-01'),
(627, 'F5', 9, '2023-01-01'),
(627, 'F6', 9, '2023-01-01'),
(627, 'G1', 9, '2023-01-01'),
(627, 'G10', 9, '2023-01-01'),
(627, 'G2', 9, '2023-01-01'),
(627, 'G4', 9, '2023-01-01'),
(627, 'G8', 9, '2023-01-01'),
(627, 'H7', 9, '2023-01-01'),
(627, 'H9', 9, '2023-01-01'),
(627, 'I4', 9, '2023-01-01'),
(627, 'J2', 9, '2023-01-01'),
(627, 'J5', 9, '2023-01-01'),
(628, 'A2', 9, '2023-01-01'),
(628, 'B3', 9, '2023-01-01'),
(628, 'B5', 9, '2023-01-01'),
(628, 'B8', 9, '2023-01-01'),
(628, 'C1', 9, '2023-01-01'),
(628, 'C10', 9, '2023-01-01'),
(628, 'C4', 9, '2023-01-01'),
(628, 'C7', 9, '2023-01-01'),
(628, 'C9', 9, '2023-01-01'),
(628, 'D2', 9, '2023-01-01'),
(628, 'E4', 9, '2023-01-01'),
(628, 'E5', 9, '2023-01-01'),
(628, 'E6', 9, '2023-01-01'),
(628, 'E7', 9, '2023-01-01'),
(628, 'E9', 9, '2023-01-01'),
(628, 'F1', 9, '2023-01-01'),
(628, 'F4', 9, '2023-01-01'),
(628, 'F9', 9, '2023-01-01'),
(628, 'G10', 9, '2023-01-01'),
(628, 'G2', 9, '2023-01-01'),
(628, 'G8', 9, '2023-01-01'),
(628, 'H1', 9, '2023-01-01'),
(628, 'H2', 9, '2023-01-01'),
(628, 'H3', 9, '2023-01-01'),
(628, 'H4', 9, '2023-01-01'),
(628, 'H5', 9, '2023-01-01'),
(628, 'H7', 9, '2023-01-01'),
(628, 'I9', 9, '2023-01-01'),
(629, 'A10', 9, '2023-01-01'),
(629, 'A2', 9, '2023-01-01'),
(629, 'A6', 9, '2023-01-01'),
(629, 'B10', 9, '2023-01-01'),
(629, 'B3', 9, '2023-01-01'),
(629, 'B5', 9, '2023-01-01'),
(629, 'B8', 9, '2023-01-01'),
(629, 'B9', 9, '2023-01-01'),
(629, 'C10', 9, '2023-01-01'),
(629, 'C2', 9, '2023-01-01'),
(629, 'C4', 9, '2023-01-01'),
(629, 'C6', 9, '2023-01-01'),
(629, 'D1', 9, '2023-01-01'),
(629, 'D10', 9, '2023-01-01'),
(629, 'D4', 9, '2023-01-01'),
(629, 'D5', 9, '2023-01-01'),
(629, 'D7', 9, '2023-01-01'),
(629, 'E10', 9, '2023-01-01'),
(629, 'E2', 9, '2023-01-01'),
(629, 'E3', 9, '2023-01-01'),
(629, 'E6', 9, '2023-01-01'),
(629, 'E8', 9, '2023-01-01'),
(629, 'E9', 9, '2023-01-01'),
(629, 'F10', 9, '2023-01-01'),
(629, 'F4', 9, '2023-01-01'),
(629, 'F5', 9, '2023-01-01'),
(629, 'F7', 9, '2023-01-01'),
(629, 'G1', 9, '2023-01-01'),
(629, 'G10', 9, '2023-01-01'),
(629, 'G2', 9, '2023-01-01'),
(629, 'G3', 9, '2023-01-01'),
(629, 'G7', 9, '2023-01-01'),
(629, 'G8', 9, '2023-01-01'),
(629, 'G9', 9, '2023-01-01'),
(629, 'H10', 9, '2023-01-01'),
(629, 'H2', 9, '2023-01-01'),
(629, 'H4', 9, '2023-01-01'),
(629, 'H6', 9, '2023-01-01'),
(629, 'H7', 9, '2023-01-01'),
(629, 'I10', 9, '2023-01-01'),
(629, 'I8', 9, '2023-01-01'),
(629, 'I9', 9, '2023-01-01'),
(630, 'B10', 9, '2023-01-01'),
(630, 'B7', 9, '2023-01-01'),
(630, 'B8', 9, '2023-01-01'),
(630, 'C3', 9, '2023-01-01'),
(630, 'C4', 9, '2023-01-01'),
(630, 'C7', 9, '2023-01-01'),
(630, 'C8', 9, '2023-01-01'),
(630, 'C9', 9, '2023-01-01'),
(630, 'D10', 9, '2023-01-01'),
(630, 'D6', 9, '2023-01-01'),
(630, 'D8', 9, '2023-01-01'),
(630, 'E10', 9, '2023-01-01'),
(630, 'E2', 9, '2023-01-01'),
(630, 'E4', 9, '2023-01-01'),
(630, 'E7', 9, '2023-01-01'),
(630, 'F8', 9, '2023-01-01'),
(630, 'G6', 9, '2023-01-01'),
(630, 'G8', 9, '2023-01-01'),
(630, 'H10', 9, '2023-01-01'),
(630, 'H9', 9, '2023-01-01'),
(630, 'I10', 9, '2023-01-01'),
(673, 'A1', 9, '2023-01-01'),
(673, 'A6', 9, '2023-01-01'),
(673, 'A9', 9, '2023-01-01'),
(673, 'B2', 9, '2023-01-01'),
(673, 'B5', 9, '2023-01-01'),
(673, 'B6', 9, '2023-01-01'),
(673, 'B7', 9, '2023-01-01'),
(673, 'C10', 9, '2023-01-01'),
(673, 'C3', 9, '2023-01-01'),
(673, 'C8', 9, '2023-01-01'),
(673, 'C9', 9, '2023-01-01'),
(673, 'D1', 9, '2023-01-01'),
(673, 'D10', 9, '2023-01-01'),
(673, 'D2', 9, '2023-01-01'),
(673, 'D5', 9, '2023-01-01'),
(673, 'D6', 9, '2023-01-01'),
(673, 'D8', 9, '2023-01-01'),
(673, 'E2', 9, '2023-01-01'),
(673, 'E3', 9, '2023-01-01'),
(673, 'E4', 9, '2023-01-01'),
(673, 'E6', 9, '2023-01-01'),
(673, 'E7', 9, '2023-01-01'),
(673, 'E8', 9, '2023-01-01'),
(673, 'E9', 9, '2023-01-01'),
(673, 'F10', 9, '2023-01-01'),
(673, 'F3', 9, '2023-01-01'),
(673, 'F8', 9, '2023-01-01'),
(673, 'G1', 9, '2023-01-01'),
(673, 'G2', 9, '2023-01-01'),
(673, 'G7', 9, '2023-01-01'),
(673, 'G9', 9, '2023-01-01'),
(673, 'H4', 9, '2023-01-01'),
(673, 'H5', 9, '2023-01-01'),
(673, 'H6', 9, '2023-01-01'),
(673, 'I1', 9, '2023-01-01'),
(673, 'I10', 9, '2023-01-01'),
(673, 'I2', 9, '2023-01-01'),
(673, 'I8', 9, '2023-01-01'),
(673, 'I9', 9, '2023-01-01'),
(673, 'J4', 9, '2023-01-01'),
(673, 'J5', 9, '2023-01-01'),
(674, 'A3', 9, '2023-01-01'),
(674, 'A7', 9, '2023-01-01'),
(674, 'B1', 9, '2023-01-01'),
(674, 'B10', 9, '2023-01-01'),
(674, 'B5', 9, '2023-01-01'),
(674, 'B6', 9, '2023-01-01'),
(674, 'C2', 9, '2023-01-01'),
(674, 'C4', 9, '2023-01-01'),
(674, 'C5', 9, '2023-01-01'),
(674, 'C8', 9, '2023-01-01'),
(674, 'C9', 9, '2023-01-01'),
(674, 'D2', 9, '2023-01-01'),
(674, 'D3', 9, '2023-01-01'),
(674, 'D6', 9, '2023-01-01'),
(674, 'E1', 9, '2023-01-01'),
(674, 'E10', 9, '2023-01-01'),
(674, 'E2', 9, '2023-01-01'),
(674, 'E4', 9, '2023-01-01'),
(674, 'E5', 9, '2023-01-01'),
(674, 'E7', 9, '2023-01-01'),
(674, 'F1', 9, '2023-01-01'),
(674, 'F4', 9, '2023-01-01'),
(674, 'F5', 9, '2023-01-01'),
(674, 'F8', 9, '2023-01-01'),
(674, 'F9', 9, '2023-01-01'),
(674, 'G1', 9, '2023-01-01'),
(674, 'G10', 9, '2023-01-01'),
(674, 'G2', 9, '2023-01-01'),
(674, 'G3', 9, '2023-01-01'),
(674, 'G4', 9, '2023-01-01'),
(674, 'G6', 9, '2023-01-01'),
(674, 'G9', 9, '2023-01-01'),
(674, 'H2', 9, '2023-01-01'),
(674, 'H5', 9, '2023-01-01'),
(674, 'H8', 9, '2023-01-01'),
(674, 'I10', 9, '2023-01-01'),
(674, 'I3', 9, '2023-01-01'),
(674, 'I5', 9, '2023-01-01'),
(674, 'I7', 9, '2023-01-01'),
(674, 'J3', 9, '2023-01-01'),
(674, 'J5', 9, '2023-01-01'),
(675, 'A8', 9, '2023-01-01'),
(675, 'B10', 9, '2023-01-01'),
(675, 'B2', 9, '2023-01-01'),
(675, 'B5', 9, '2023-01-01'),
(675, 'C1', 9, '2023-01-01'),
(675, 'C6', 9, '2023-01-01'),
(675, 'C7', 9, '2023-01-01'),
(675, 'C9', 9, '2023-01-01'),
(675, 'D4', 9, '2023-01-01'),
(675, 'E10', 9, '2023-01-01'),
(675, 'E2', 9, '2023-01-01'),
(675, 'E3', 9, '2023-01-01'),
(675, 'E5', 9, '2023-01-01'),
(675, 'E8', 9, '2023-01-01'),
(675, 'F1', 9, '2023-01-01'),
(675, 'F7', 9, '2023-01-01'),
(675, 'G2', 9, '2023-01-01'),
(675, 'G4', 9, '2023-01-01'),
(675, 'G6', 9, '2023-01-01'),
(675, 'G9', 9, '2023-01-01'),
(675, 'I1', 9, '2023-01-01'),
(675, 'I2', 9, '2023-01-01'),
(675, 'I4', 9, '2023-01-01'),
(675, 'I6', 9, '2023-01-01'),
(675, 'I8', 9, '2023-01-01'),
(675, 'J3', 9, '2023-01-01'),
(676, 'A3', 9, '2023-01-01'),
(676, 'A9', 9, '2023-01-01'),
(676, 'B6', 9, '2023-01-01'),
(676, 'B7', 9, '2023-01-01'),
(676, 'C1', 9, '2023-01-01'),
(676, 'C10', 9, '2023-01-01'),
(676, 'C2', 9, '2023-01-01'),
(676, 'C5', 9, '2023-01-01'),
(676, 'C8', 9, '2023-01-01'),
(676, 'D2', 9, '2023-01-01'),
(676, 'D7', 9, '2023-01-01'),
(676, 'E4', 9, '2023-01-01'),
(676, 'E8', 9, '2023-01-01'),
(676, 'F2', 9, '2023-01-01'),
(676, 'F3', 9, '2023-01-01'),
(676, 'F4', 9, '2023-01-01'),
(676, 'F6', 9, '2023-01-01'),
(676, 'G10', 9, '2023-01-01'),
(676, 'H1', 9, '2023-01-01'),
(676, 'H10', 9, '2023-01-01'),
(676, 'H2', 9, '2023-01-01'),
(676, 'H4', 9, '2023-01-01'),
(676, 'H8', 9, '2023-01-01'),
(676, 'H9', 9, '2023-01-01'),
(676, 'I3', 9, '2023-01-01'),
(676, 'I7', 9, '2023-01-01'),
(676, 'J3', 9, '2023-01-01'),
(677, 'A10', 9, '2023-01-01'),
(677, 'A2', 9, '2023-01-01'),
(677, 'B5', 9, '2023-01-01'),
(677, 'B6', 9, '2023-01-01'),
(677, 'B8', 9, '2023-01-01'),
(677, 'C1', 9, '2023-01-01'),
(677, 'C2', 9, '2023-01-01'),
(677, 'C3', 9, '2023-01-01'),
(677, 'C4', 9, '2023-01-01'),
(677, 'C7', 9, '2023-01-01'),
(677, 'C9', 9, '2023-01-01'),
(677, 'D10', 9, '2023-01-01'),
(677, 'D5', 9, '2023-01-01'),
(677, 'E1', 9, '2023-01-01'),
(677, 'E10', 9, '2023-01-01'),
(677, 'E2', 9, '2023-01-01'),
(677, 'E3', 9, '2023-01-01'),
(677, 'E5', 9, '2023-01-01'),
(677, 'E7', 9, '2023-01-01'),
(677, 'E8', 9, '2023-01-01'),
(677, 'F4', 9, '2023-01-01'),
(677, 'F5', 9, '2023-01-01'),
(677, 'F6', 9, '2023-01-01'),
(677, 'F9', 9, '2023-01-01'),
(677, 'G2', 9, '2023-01-01'),
(677, 'H3', 9, '2023-01-01'),
(677, 'H5', 9, '2023-01-01'),
(677, 'H7', 9, '2023-01-01'),
(677, 'H8', 9, '2023-01-01'),
(677, 'I1', 9, '2023-01-01'),
(677, 'I10', 9, '2023-01-01'),
(677, 'I2', 9, '2023-01-01'),
(677, 'I6', 9, '2023-01-01'),
(677, 'I9', 9, '2023-01-01'),
(677, 'J5', 9, '2023-01-01'),
(678, 'A3', 9, '2023-01-01'),
(678, 'A8', 9, '2023-01-01'),
(678, 'B2', 9, '2023-01-01'),
(678, 'B6', 9, '2023-01-01'),
(678, 'C10', 9, '2023-01-01'),
(678, 'C3', 9, '2023-01-01'),
(678, 'D5', 9, '2023-01-01'),
(678, 'D7', 9, '2023-01-01'),
(678, 'D8', 9, '2023-01-01'),
(678, 'D9', 9, '2023-01-01'),
(678, 'E1', 9, '2023-01-01'),
(678, 'E3', 9, '2023-01-01'),
(678, 'E7', 9, '2023-01-01'),
(678, 'F4', 9, '2023-01-01'),
(678, 'F9', 9, '2023-01-01'),
(678, 'G3', 9, '2023-01-01'),
(678, 'G5', 9, '2023-01-01'),
(678, 'G6', 9, '2023-01-01'),
(678, 'G7', 9, '2023-01-01'),
(678, 'H1', 9, '2023-01-01'),
(678, 'H10', 9, '2023-01-01'),
(678, 'H2', 9, '2023-01-01'),
(678, 'H6', 9, '2023-01-01'),
(678, 'I4', 9, '2023-01-01'),
(678, 'I5', 9, '2023-01-01'),
(678, 'I9', 9, '2023-01-01'),
(678, 'J4', 9, '2023-01-01'),
(679, 'A5', 9, '2023-01-01'),
(679, 'B1', 9, '2023-01-01'),
(679, 'B2', 9, '2023-01-01'),
(679, 'B7', 9, '2023-01-01'),
(679, 'B8', 9, '2023-01-01'),
(679, 'C6', 9, '2023-01-01'),
(679, 'D1', 9, '2023-01-01'),
(679, 'D10', 9, '2023-01-01'),
(679, 'D3', 9, '2023-01-01'),
(679, 'D4', 9, '2023-01-01'),
(679, 'D5', 9, '2023-01-01'),
(679, 'D9', 9, '2023-01-01'),
(679, 'E2', 9, '2023-01-01'),
(679, 'E6', 9, '2023-01-01'),
(679, 'F3', 9, '2023-01-01'),
(679, 'F8', 9, '2023-01-01'),
(679, 'G1', 9, '2023-01-01'),
(679, 'G5', 9, '2023-01-01'),
(679, 'G7', 9, '2023-01-01'),
(679, 'H10', 9, '2023-01-01'),
(679, 'H3', 9, '2023-01-01'),
(679, 'H4', 9, '2023-01-01'),
(679, 'H8', 9, '2023-01-01'),
(679, 'I2', 9, '2023-01-01'),
(679, 'I6', 9, '2023-01-01'),
(679, 'I7', 9, '2023-01-01'),
(679, 'J1', 9, '2023-01-01'),
(679, 'J2', 9, '2023-01-01'),
(680, 'A3', 9, '2023-01-01'),
(680, 'A7', 9, '2023-01-01'),
(680, 'A8', 9, '2023-01-01'),
(680, 'B10', 9, '2023-01-01'),
(680, 'B2', 9, '2023-01-01'),
(680, 'B3', 9, '2023-01-01'),
(680, 'B5', 9, '2023-01-01'),
(680, 'B6', 9, '2023-01-01'),
(680, 'B7', 9, '2023-01-01'),
(680, 'B8', 9, '2023-01-01'),
(680, 'B9', 9, '2023-01-01'),
(680, 'C2', 9, '2023-01-01'),
(680, 'C3', 9, '2023-01-01'),
(680, 'C4', 9, '2023-01-01'),
(680, 'C5', 9, '2023-01-01'),
(680, 'C6', 9, '2023-01-01'),
(680, 'C7', 9, '2023-01-01'),
(680, 'D1', 9, '2023-01-01'),
(680, 'D10', 9, '2023-01-01'),
(680, 'D2', 9, '2023-01-01'),
(680, 'D3', 9, '2023-01-01'),
(680, 'D4', 9, '2023-01-01'),
(680, 'D5', 9, '2023-01-01'),
(680, 'D8', 9, '2023-01-01'),
(680, 'D9', 9, '2023-01-01'),
(680, 'E1', 9, '2023-01-01'),
(680, 'E10', 9, '2023-01-01'),
(680, 'E4', 9, '2023-01-01'),
(680, 'E7', 9, '2023-01-01'),
(680, 'E9', 9, '2023-01-01'),
(680, 'F1', 9, '2023-01-01'),
(680, 'F10', 9, '2023-01-01'),
(680, 'F2', 9, '2023-01-01'),
(680, 'F3', 9, '2023-01-01'),
(680, 'F4', 9, '2023-01-01'),
(680, 'F5', 9, '2023-01-01'),
(680, 'F8', 9, '2023-01-01'),
(680, 'F9', 9, '2023-01-01'),
(680, 'G10', 9, '2023-01-01'),
(680, 'G6', 9, '2023-01-01'),
(680, 'H10', 9, '2023-01-01'),
(680, 'H2', 9, '2023-01-01'),
(680, 'H7', 9, '2023-01-01'),
(680, 'J4', 9, '2023-01-01'),
(680, 'J5', 9, '2023-01-01'),
(681, 'A2', 9, '2023-01-01'),
(681, 'B10', 9, '2023-01-01'),
(681, 'B4', 9, '2023-01-01'),
(681, 'B5', 9, '2023-01-01'),
(681, 'B8', 9, '2023-01-01'),
(681, 'C2', 9, '2023-01-01'),
(681, 'C3', 9, '2023-01-01'),
(681, 'C4', 9, '2023-01-01'),
(681, 'C6', 9, '2023-01-01'),
(681, 'C7', 9, '2023-01-01'),
(681, 'C9', 9, '2023-01-01'),
(681, 'D1', 9, '2023-01-01'),
(681, 'D10', 9, '2023-01-01'),
(681, 'D5', 9, '2023-01-01'),
(681, 'D7', 9, '2023-01-01'),
(681, 'D8', 9, '2023-01-01'),
(681, 'E2', 9, '2023-01-01'),
(681, 'E3', 9, '2023-01-01'),
(681, 'E5', 9, '2023-01-01'),
(681, 'E9', 9, '2023-01-01'),
(681, 'F1', 9, '2023-01-01'),
(681, 'F10', 9, '2023-01-01'),
(681, 'F3', 9, '2023-01-01'),
(681, 'F7', 9, '2023-01-01'),
(681, 'F8', 9, '2023-01-01'),
(681, 'G10', 9, '2023-01-01'),
(681, 'G4', 9, '2023-01-01'),
(681, 'G6', 9, '2023-01-01'),
(681, 'G7', 9, '2023-01-01'),
(681, 'G8', 9, '2023-01-01'),
(681, 'H2', 9, '2023-01-01'),
(681, 'H5', 9, '2023-01-01'),
(681, 'I3', 9, '2023-01-01'),
(681, 'I9', 9, '2023-01-01'),
(681, 'J4', 9, '2023-01-01'),
(682, 'A1', 9, '2023-01-01'),
(682, 'B10', 9, '2023-01-01'),
(682, 'B2', 9, '2023-01-01'),
(682, 'B3', 9, '2023-01-01'),
(682, 'B4', 9, '2023-01-01'),
(682, 'B7', 9, '2023-01-01'),
(682, 'B9', 9, '2023-01-01'),
(682, 'C1', 9, '2023-01-01'),
(682, 'D10', 9, '2023-01-01'),
(682, 'D3', 9, '2023-01-01'),
(682, 'D6', 9, '2023-01-01'),
(682, 'D7', 9, '2023-01-01'),
(682, 'D8', 9, '2023-01-01'),
(682, 'D9', 9, '2023-01-01'),
(682, 'E5', 9, '2023-01-01'),
(682, 'F1', 9, '2023-01-01'),
(682, 'F3', 9, '2023-01-01'),
(682, 'F4', 9, '2023-01-01'),
(682, 'F6', 9, '2023-01-01'),
(682, 'F7', 9, '2023-01-01'),
(682, 'F8', 9, '2023-01-01'),
(682, 'F9', 9, '2023-01-01'),
(682, 'G10', 9, '2023-01-01'),
(682, 'G5', 9, '2023-01-01'),
(682, 'G7', 9, '2023-01-01'),
(682, 'G9', 9, '2023-01-01'),
(682, 'H2', 9, '2023-01-01'),
(682, 'H3', 9, '2023-01-01'),
(682, 'H4', 9, '2023-01-01'),
(682, 'H8', 9, '2023-01-01'),
(682, 'I1', 9, '2023-01-01'),
(682, 'I10', 9, '2023-01-01'),
(682, 'I5', 9, '2023-01-01'),
(682, 'I6', 9, '2023-01-01'),
(682, 'I7', 9, '2023-01-01'),
(682, 'J4', 9, '2023-01-01'),
(683, 'B1', 9, '2023-01-01'),
(683, 'B10', 9, '2023-01-01'),
(683, 'B3', 9, '2023-01-01'),
(683, 'B6', 9, '2023-01-01'),
(683, 'B7', 9, '2023-01-01'),
(683, 'B8', 9, '2023-01-01'),
(683, 'C5', 9, '2023-01-01'),
(683, 'C8', 9, '2023-01-01'),
(683, 'D3', 9, '2023-01-01'),
(683, 'D6', 9, '2023-01-01'),
(683, 'D7', 9, '2023-01-01'),
(683, 'D9', 9, '2023-01-01'),
(683, 'E5', 9, '2023-01-01'),
(683, 'F10', 9, '2023-01-01'),
(683, 'F2', 9, '2023-01-01'),
(683, 'F3', 9, '2023-01-01'),
(683, 'F4', 9, '2023-01-01'),
(683, 'F8', 9, '2023-01-01'),
(683, 'G5', 9, '2023-01-01'),
(683, 'G7', 9, '2023-01-01'),
(683, 'H1', 9, '2023-01-01'),
(683, 'H10', 9, '2023-01-01'),
(683, 'H3', 9, '2023-01-01'),
(683, 'H6', 9, '2023-01-01'),
(683, 'H9', 9, '2023-01-01'),
(683, 'I3', 9, '2023-01-01'),
(683, 'I8', 9, '2023-01-01'),
(683, 'I9', 9, '2023-01-01'),
(684, 'A1', 9, '2023-01-01'),
(684, 'A2', 9, '2023-01-01'),
(684, 'A3', 9, '2023-01-01'),
(684, 'A5', 9, '2023-01-01'),
(684, 'B4', 9, '2023-01-01'),
(684, 'B6', 9, '2023-01-01'),
(684, 'B9', 9, '2023-01-01'),
(684, 'C1', 9, '2023-01-01'),
(684, 'C2', 9, '2023-01-01'),
(684, 'C5', 9, '2023-01-01'),
(684, 'C7', 9, '2023-01-01'),
(684, 'C8', 9, '2023-01-01'),
(684, 'D10', 9, '2023-01-01'),
(684, 'D2', 9, '2023-01-01'),
(684, 'D3', 9, '2023-01-01'),
(684, 'D4', 9, '2023-01-01'),
(684, 'D8', 9, '2023-01-01'),
(684, 'E2', 9, '2023-01-01'),
(684, 'E6', 9, '2023-01-01'),
(684, 'E9', 9, '2023-01-01'),
(684, 'F3', 9, '2023-01-01'),
(684, 'F4', 9, '2023-01-01'),
(684, 'F5', 9, '2023-01-01'),
(684, 'F6', 9, '2023-01-01'),
(684, 'F8', 9, '2023-01-01'),
(684, 'G1', 9, '2023-01-01'),
(684, 'G10', 9, '2023-01-01'),
(684, 'G2', 9, '2023-01-01'),
(684, 'G4', 9, '2023-01-01'),
(684, 'H10', 9, '2023-01-01'),
(684, 'H7', 9, '2023-01-01'),
(684, 'H9', 9, '2023-01-01'),
(684, 'I3', 9, '2023-01-01'),
(684, 'I5', 9, '2023-01-01'),
(684, 'I6', 9, '2023-01-01'),
(684, 'I8', 9, '2023-01-01'),
(684, 'J3', 9, '2023-01-01'),
(684, 'J4', 9, '2023-01-01'),
(685, 'A4', 9, '2023-01-01'),
(685, 'A7', 9, '2023-01-01'),
(685, 'B10', 9, '2023-01-01'),
(685, 'B2', 9, '2023-01-01'),
(685, 'B4', 9, '2023-01-01'),
(685, 'B9', 9, '2023-01-01'),
(685, 'C1', 9, '2023-01-01'),
(685, 'C2', 9, '2023-01-01'),
(685, 'C5', 9, '2023-01-01'),
(685, 'D3', 9, '2023-01-01'),
(685, 'D7', 9, '2023-01-01'),
(685, 'E10', 9, '2023-01-01'),
(685, 'E2', 9, '2023-01-01'),
(685, 'E6', 9, '2023-01-01'),
(685, 'E7', 9, '2023-01-01'),
(685, 'E8', 9, '2023-01-01'),
(685, 'F2', 9, '2023-01-01'),
(685, 'F4', 9, '2023-01-01'),
(685, 'G1', 9, '2023-01-01'),
(685, 'G10', 9, '2023-01-01'),
(685, 'G3', 9, '2023-01-01'),
(685, 'G7', 9, '2023-01-01'),
(685, 'G8', 9, '2023-01-01'),
(685, 'I3', 9, '2023-01-01'),
(685, 'I5', 9, '2023-01-01'),
(685, 'I7', 9, '2023-01-01'),
(685, 'I9', 9, '2023-01-01'),
(686, 'B10', 9, '2023-01-01'),
(686, 'B2', 9, '2023-01-01'),
(686, 'B5', 9, '2023-01-01'),
(686, 'B6', 9, '2023-01-01'),
(686, 'C2', 9, '2023-01-01'),
(686, 'C3', 9, '2023-01-01'),
(686, 'C4', 9, '2023-01-01'),
(686, 'C8', 9, '2023-01-01'),
(686, 'D10', 9, '2023-01-01'),
(686, 'D2', 9, '2023-01-01'),
(686, 'D4', 9, '2023-01-01'),
(686, 'D7', 9, '2023-01-01'),
(686, 'D9', 9, '2023-01-01'),
(686, 'E1', 9, '2023-01-01'),
(686, 'E2', 9, '2023-01-01'),
(686, 'E4', 9, '2023-01-01'),
(686, 'E5', 9, '2023-01-01'),
(686, 'F3', 9, '2023-01-01'),
(686, 'F5', 9, '2023-01-01'),
(686, 'F9', 9, '2023-01-01'),
(686, 'G1', 9, '2023-01-01'),
(686, 'G10', 9, '2023-01-01'),
(686, 'G2', 9, '2023-01-01'),
(686, 'H1', 9, '2023-01-01'),
(686, 'H3', 9, '2023-01-01'),
(686, 'H4', 9, '2023-01-01'),
(686, 'H5', 9, '2023-01-01'),
(686, 'H9', 9, '2023-01-01'),
(686, 'I3', 9, '2023-01-01'),
(686, 'I7', 9, '2023-01-01'),
(687, 'A10', 9, '2023-01-01'),
(687, 'A2', 9, '2023-01-01'),
(687, 'B3', 9, '2023-01-01'),
(687, 'B4', 9, '2023-01-01'),
(687, 'B7', 9, '2023-01-01'),
(687, 'C1', 9, '2023-01-01'),
(687, 'C5', 9, '2023-01-01'),
(687, 'C6', 9, '2023-01-01'),
(687, 'C8', 9, '2023-01-01'),
(687, 'C9', 9, '2023-01-01'),
(687, 'D1', 9, '2023-01-01'),
(687, 'D10', 9, '2023-01-01'),
(687, 'D2', 9, '2023-01-01'),
(687, 'D3', 9, '2023-01-01'),
(687, 'D4', 9, '2023-01-01'),
(687, 'E1', 9, '2023-01-01'),
(687, 'E10', 9, '2023-01-01'),
(687, 'E4', 9, '2023-01-01'),
(687, 'E5', 9, '2023-01-01'),
(687, 'E9', 9, '2023-01-01'),
(687, 'F2', 9, '2023-01-01'),
(687, 'F3', 9, '2023-01-01'),
(687, 'F4', 9, '2023-01-01'),
(687, 'F7', 9, '2023-01-01'),
(687, 'F8', 9, '2023-01-01'),
(687, 'G1', 9, '2023-01-01'),
(687, 'G2', 9, '2023-01-01'),
(687, 'G3', 9, '2023-01-01'),
(687, 'G6', 9, '2023-01-01'),
(687, 'G8', 9, '2023-01-01'),
(687, 'H10', 9, '2023-01-01'),
(687, 'H5', 9, '2023-01-01'),
(687, 'H7', 9, '2023-01-01'),
(687, 'I10', 9, '2023-01-01'),
(688, 'A2', 9, '2023-01-01'),
(688, 'A7', 9, '2023-01-01'),
(688, 'B4', 9, '2023-01-01'),
(688, 'B9', 9, '2023-01-01'),
(688, 'C1', 9, '2023-01-01'),
(688, 'C6', 9, '2023-01-01'),
(688, 'D1', 9, '2023-01-01'),
(688, 'D3', 9, '2023-01-01'),
(688, 'D4', 9, '2023-01-01'),
(688, 'D7', 9, '2023-01-01'),
(688, 'D9', 9, '2023-01-01'),
(688, 'F3', 9, '2023-01-01'),
(688, 'F5', 9, '2023-01-01'),
(688, 'F7', 9, '2023-01-01'),
(688, 'F9', 9, '2023-01-01'),
(688, 'G2', 9, '2023-01-01'),
(688, 'G8', 9, '2023-01-01'),
(688, 'H10', 9, '2023-01-01'),
(688, 'H5', 9, '2023-01-01'),
(688, 'H6', 9, '2023-01-01'),
(688, 'I2', 9, '2023-01-01'),
(688, 'I4', 9, '2023-01-01'),
(689, 'B2', 9, '2023-01-01'),
(689, 'B8', 9, '2023-01-01'),
(689, 'D10', 9, '2023-01-01'),
(689, 'D8', 9, '2023-01-01'),
(689, 'E1', 9, '2023-01-01'),
(689, 'E4', 9, '2023-01-01'),
(689, 'E6', 9, '2023-01-01'),
(689, 'F2', 9, '2023-01-01'),
(689, 'G6', 9, '2023-01-01'),
(689, 'G7', 9, '2023-01-01'),
(689, 'G9', 9, '2023-01-01'),
(689, 'H1', 9, '2023-01-01'),
(689, 'H3', 9, '2023-01-01'),
(689, 'H4', 9, '2023-01-01'),
(689, 'I10', 9, '2023-01-01'),
(689, 'I5', 9, '2023-01-01'),
(689, 'I7', 9, '2023-01-01'),
(689, 'I9', 9, '2023-01-01'),
(689, 'J3', 9, '2023-01-01'),
(690, 'C3', 9, '2023-01-01'),
(690, 'C9', 9, '2023-01-01'),
(690, 'D5', 9, '2023-01-01'),
(690, 'D8', 9, '2023-01-01'),
(690, 'E6', 9, '2023-01-01'),
(690, 'F1', 9, '2023-01-01'),
(690, 'F10', 9, '2023-01-01'),
(690, 'F3', 9, '2023-01-01'),
(690, 'G8', 9, '2023-01-01'),
(691, 'E3', 9, '2023-01-01'),
(691, 'E6', 9, '2023-01-01'),
(691, 'G4', 9, '2023-01-01'),
(691, 'G9', 9, '2023-01-01'),
(691, 'H9', 9, '2023-01-01'),
(691, 'J1', 9, '2023-01-01'),
(692, 'E4', 9, '2023-01-01'),
(692, 'E5', 9, '2023-01-01'),
(693, 'A2', 9, '2023-01-01'),
(693, 'A7', 9, '2023-01-01'),
(693, 'B10', 9, '2023-01-01'),
(693, 'B5', 9, '2023-01-01'),
(693, 'B9', 9, '2023-01-01'),
(693, 'C2', 9, '2023-01-01'),
(693, 'C3', 9, '2023-01-01'),
(693, 'C6', 9, '2023-01-01'),
(693, 'C7', 9, '2023-01-01'),
(693, 'D1', 9, '2023-01-01'),
(693, 'D10', 9, '2023-01-01'),
(693, 'D3', 9, '2023-01-01'),
(693, 'D4', 9, '2023-01-01'),
(693, 'D7', 9, '2023-01-01'),
(693, 'D8', 9, '2023-01-01'),
(693, 'E6', 9, '2023-01-01'),
(693, 'E9', 9, '2023-01-01'),
(693, 'F4', 9, '2023-01-01'),
(693, 'F5', 9, '2023-01-01'),
(693, 'F6', 9, '2023-01-01'),
(693, 'F8', 9, '2023-01-01'),
(693, 'G1', 9, '2023-01-01'),
(693, 'G2', 9, '2023-01-01'),
(693, 'G3', 9, '2023-01-01'),
(693, 'G5', 9, '2023-01-01'),
(693, 'G7', 9, '2023-01-01'),
(693, 'G8', 9, '2023-01-01'),
(693, 'G9', 9, '2023-01-01'),
(693, 'H10', 9, '2023-01-01'),
(693, 'H4', 9, '2023-01-01'),
(693, 'H6', 9, '2023-01-01'),
(693, 'I2', 9, '2023-01-01'),
(693, 'I4', 9, '2023-01-01'),
(693, 'J2', 9, '2023-01-01'),
(693, 'J3', 9, '2023-01-01'),
(736, 'A8', 9, '2023-01-01'),
(736, 'B5', 9, '2023-01-01'),
(736, 'B6', 9, '2023-01-01'),
(736, 'C10', 9, '2023-01-01'),
(736, 'C2', 9, '2023-01-01'),
(736, 'C3', 9, '2023-01-01'),
(736, 'C6', 9, '2023-01-01'),
(736, 'C7', 9, '2023-01-01'),
(736, 'C8', 9, '2023-01-01'),
(736, 'C9', 9, '2023-01-01'),
(736, 'D2', 9, '2023-01-01'),
(736, 'D4', 9, '2023-01-01'),
(736, 'D5', 9, '2023-01-01'),
(736, 'D6', 9, '2023-01-01'),
(736, 'D7', 9, '2023-01-01'),
(736, 'E1', 9, '2023-01-01'),
(736, 'E3', 9, '2023-01-01'),
(736, 'E4', 9, '2023-01-01'),
(736, 'E9', 9, '2023-01-01'),
(736, 'F10', 9, '2023-01-01'),
(736, 'F2', 9, '2023-01-01'),
(736, 'F4', 9, '2023-01-01'),
(736, 'F5', 9, '2023-01-01'),
(736, 'F8', 9, '2023-01-01'),
(736, 'F9', 9, '2023-01-01'),
(736, 'G6', 9, '2023-01-01'),
(736, 'G7', 9, '2023-01-01'),
(736, 'G8', 9, '2023-01-01'),
(736, 'H10', 9, '2023-01-01'),
(736, 'H3', 9, '2023-01-01'),
(736, 'H4', 9, '2023-01-01'),
(736, 'H7', 9, '2023-01-01'),
(736, 'I1', 9, '2023-01-01'),
(736, 'I9', 9, '2023-01-01'),
(737, 'A1', 9, '2023-01-01'),
(737, 'A7', 9, '2023-01-01'),
(737, 'B10', 9, '2023-01-01'),
(737, 'B4', 9, '2023-01-01'),
(737, 'B5', 9, '2023-01-01'),
(737, 'C6', 9, '2023-01-01'),
(737, 'C9', 9, '2023-01-01'),
(737, 'D1', 9, '2023-01-01'),
(737, 'D3', 9, '2023-01-01'),
(737, 'D4', 9, '2023-01-01'),
(737, 'D7', 9, '2023-01-01'),
(737, 'E6', 9, '2023-01-01'),
(737, 'E7', 9, '2023-01-01'),
(737, 'E8', 9, '2023-01-01'),
(737, 'E9', 9, '2023-01-01'),
(737, 'F2', 9, '2023-01-01'),
(737, 'F3', 9, '2023-01-01'),
(737, 'F5', 9, '2023-01-01'),
(737, 'G10', 9, '2023-01-01'),
(737, 'G4', 9, '2023-01-01'),
(737, 'G7', 9, '2023-01-01'),
(737, 'G9', 9, '2023-01-01'),
(737, 'H2', 9, '2023-01-01'),
(737, 'H3', 9, '2023-01-01'),
(737, 'H6', 9, '2023-01-01'),
(737, 'H8', 9, '2023-01-01'),
(737, 'I5', 9, '2023-01-01'),
(737, 'I7', 9, '2023-01-01'),
(738, 'B2', 9, '2023-01-01'),
(738, 'B7', 9, '2023-01-01'),
(738, 'C3', 9, '2023-01-01'),
(738, 'C8', 9, '2023-01-01'),
(738, 'C9', 9, '2023-01-01'),
(738, 'D1', 9, '2023-01-01'),
(738, 'D6', 9, '2023-01-01'),
(738, 'E10', 9, '2023-01-01'),
(738, 'E4', 9, '2023-01-01'),
(738, 'E8', 9, '2023-01-01'),
(738, 'E9', 9, '2023-01-01'),
(738, 'F1', 9, '2023-01-01'),
(738, 'F7', 9, '2023-01-01'),
(738, 'G3', 9, '2023-01-01'),
(738, 'G4', 9, '2023-01-01'),
(738, 'H5', 9, '2023-01-01'),
(738, 'H7', 9, '2023-01-01'),
(738, 'H9', 9, '2023-01-01'),
(738, 'I3', 9, '2023-01-01'),
(738, 'I9', 9, '2023-01-01'),
(738, 'J4', 9, '2023-01-01'),
(739, 'B4', 9, '2023-01-01'),
(739, 'B8', 9, '2023-01-01'),
(739, 'B9', 9, '2023-01-01'),
(739, 'C1', 9, '2023-01-01'),
(739, 'C10', 9, '2023-01-01'),
(739, 'C2', 9, '2023-01-01'),
(739, 'C3', 9, '2023-01-01'),
(739, 'C5', 9, '2023-01-01'),
(739, 'C6', 9, '2023-01-01'),
(739, 'D7', 9, '2023-01-01'),
(739, 'E2', 9, '2023-01-01'),
(739, 'E7', 9, '2023-01-01'),
(739, 'F10', 9, '2023-01-01'),
(739, 'F4', 9, '2023-01-01'),
(739, 'F5', 9, '2023-01-01'),
(739, 'F8', 9, '2023-01-01'),
(739, 'G2', 9, '2023-01-01'),
(739, 'G4', 9, '2023-01-01'),
(739, 'H3', 9, '2023-01-01'),
(739, 'H6', 9, '2023-01-01'),
(739, 'H7', 9, '2023-01-01'),
(739, 'H9', 9, '2023-01-01'),
(739, 'I1', 9, '2023-01-01'),
(739, 'I2', 9, '2023-01-01'),
(739, 'I5', 9, '2023-01-01'),
(739, 'I8', 9, '2023-01-01'),
(740, 'A2', 9, '2023-01-01'),
(740, 'B10', 9, '2023-01-01'),
(740, 'B3', 9, '2023-01-01'),
(740, 'B6', 9, '2023-01-01'),
(740, 'C1', 9, '2023-01-01'),
(740, 'C4', 9, '2023-01-01'),
(740, 'C8', 9, '2023-01-01'),
(740, 'D10', 9, '2023-01-01'),
(740, 'D2', 9, '2023-01-01'),
(740, 'D5', 9, '2023-01-01'),
(740, 'E3', 9, '2023-01-01'),
(740, 'F7', 9, '2023-01-01'),
(740, 'F8', 9, '2023-01-01'),
(740, 'G5', 9, '2023-01-01'),
(740, 'H1', 9, '2023-01-01'),
(740, 'H10', 9, '2023-01-01'),
(740, 'H3', 9, '2023-01-01'),
(740, 'H7', 9, '2023-01-01'),
(740, 'I9', 9, '2023-01-01'),
(740, 'J2', 9, '2023-01-01'),
(740, 'J4', 9, '2023-01-01'),
(741, 'B1', 9, '2023-01-01'),
(741, 'B10', 9, '2023-01-01'),
(741, 'B4', 9, '2023-01-01'),
(741, 'B7', 9, '2023-01-01'),
(741, 'C2', 9, '2023-01-01'),
(741, 'C4', 9, '2023-01-01'),
(741, 'C6', 9, '2023-01-01'),
(741, 'C8', 9, '2023-01-01'),
(741, 'C9', 9, '2023-01-01'),
(741, 'D1', 9, '2023-01-01'),
(741, 'D10', 9, '2023-01-01'),
(741, 'D3', 9, '2023-01-01'),
(741, 'D6', 9, '2023-01-01'),
(741, 'E7', 9, '2023-01-01'),
(741, 'F2', 9, '2023-01-01'),
(741, 'F5', 9, '2023-01-01'),
(741, 'F9', 9, '2023-01-01'),
(741, 'G10', 9, '2023-01-01'),
(741, 'G4', 9, '2023-01-01'),
(741, 'G8', 9, '2023-01-01'),
(741, 'I1', 9, '2023-01-01'),
(741, 'I3', 9, '2023-01-01'),
(741, 'I4', 9, '2023-01-01'),
(741, 'I9', 9, '2023-01-01'),
(742, 'A9', 9, '2023-01-01'),
(742, 'B10', 9, '2023-01-01'),
(742, 'B4', 9, '2023-01-01'),
(742, 'B5', 9, '2023-01-01'),
(742, 'B6', 9, '2023-01-01'),
(742, 'B7', 9, '2023-01-01'),
(742, 'C1', 9, '2023-01-01'),
(742, 'C2', 9, '2023-01-01'),
(742, 'C4', 9, '2023-01-01'),
(742, 'C8', 9, '2023-01-01'),
(742, 'D10', 9, '2023-01-01'),
(742, 'D3', 9, '2023-01-01'),
(742, 'D6', 9, '2023-01-01'),
(742, 'D7', 9, '2023-01-01'),
(742, 'E4', 9, '2023-01-01'),
(742, 'E9', 9, '2023-01-01'),
(742, 'F1', 9, '2023-01-01'),
(742, 'F2', 9, '2023-01-01'),
(742, 'F8', 9, '2023-01-01'),
(742, 'F9', 9, '2023-01-01'),
(742, 'G4', 9, '2023-01-01'),
(742, 'G5', 9, '2023-01-01'),
(742, 'G7', 9, '2023-01-01'),
(742, 'H1', 9, '2023-01-01'),
(742, 'H10', 9, '2023-01-01'),
(742, 'H3', 9, '2023-01-01'),
(742, 'H6', 9, '2023-01-01'),
(742, 'H8', 9, '2023-01-01'),
(742, 'H9', 9, '2023-01-01'),
(742, 'I2', 9, '2023-01-01'),
(742, 'I4', 9, '2023-01-01'),
(743, 'A1', 9, '2023-01-01'),
(743, 'A6', 9, '2023-01-01'),
(743, 'B3', 9, '2023-01-01'),
(743, 'B7', 9, '2023-01-01'),
(743, 'B9', 9, '2023-01-01'),
(743, 'C10', 9, '2023-01-01'),
(743, 'C2', 9, '2023-01-01'),
(743, 'C3', 9, '2023-01-01'),
(743, 'C8', 9, '2023-01-01'),
(743, 'D3', 9, '2023-01-01'),
(743, 'D6', 9, '2023-01-01'),
(743, 'E1', 9, '2023-01-01'),
(743, 'E5', 9, '2023-01-01'),
(743, 'E8', 9, '2023-01-01'),
(743, 'F10', 9, '2023-01-01'),
(743, 'F3', 9, '2023-01-01'),
(743, 'F8', 9, '2023-01-01'),
(743, 'F9', 9, '2023-01-01'),
(743, 'G1', 9, '2023-01-01'),
(743, 'G2', 9, '2023-01-01'),
(743, 'G4', 9, '2023-01-01'),
(743, 'G5', 9, '2023-01-01'),
(743, 'H10', 9, '2023-01-01'),
(743, 'H7', 9, '2023-01-01'),
(743, 'I3', 9, '2023-01-01'),
(743, 'I5', 9, '2023-01-01'),
(743, 'I6', 9, '2023-01-01'),
(744, 'B2', 9, '2023-01-01'),
(744, 'C10', 9, '2023-01-01'),
(744, 'C4', 9, '2023-01-01'),
(744, 'C6', 9, '2023-01-01'),
(744, 'C8', 9, '2023-01-01'),
(744, 'D3', 9, '2023-01-01'),
(744, 'D5', 9, '2023-01-01'),
(744, 'D7', 9, '2023-01-01'),
(744, 'E9', 9, '2023-01-01'),
(744, 'F1', 9, '2023-01-01'),
(744, 'F3', 9, '2023-01-01'),
(744, 'F6', 9, '2023-01-01'),
(744, 'G2', 9, '2023-01-01'),
(744, 'G9', 9, '2023-01-01'),
(744, 'H4', 9, '2023-01-01'),
(744, 'H6', 9, '2023-01-01'),
(744, 'H8', 9, '2023-01-01'),
(744, 'I9', 9, '2023-01-01'),
(745, 'B2', 9, '2023-01-01'),
(745, 'B6', 9, '2023-01-01'),
(745, 'C10', 9, '2023-01-01'),
(745, 'C3', 9, '2023-01-01'),
(745, 'C4', 9, '2023-01-01'),
(745, 'C7', 9, '2023-01-01'),
(745, 'D5', 9, '2023-01-01'),
(745, 'E1', 9, '2023-01-01'),
(745, 'E10', 9, '2023-01-01'),
(745, 'E3', 9, '2023-01-01'),
(745, 'E9', 9, '2023-01-01'),
(745, 'F2', 9, '2023-01-01'),
(745, 'F7', 9, '2023-01-01'),
(745, 'G1', 9, '2023-01-01'),
(745, 'G4', 9, '2023-01-01'),
(745, 'G9', 9, '2023-01-01'),
(745, 'H10', 9, '2023-01-01'),
(745, 'H5', 9, '2023-01-01'),
(745, 'H6', 9, '2023-01-01'),
(745, 'H8', 9, '2023-01-01'),
(745, 'I3', 9, '2023-01-01'),
(745, 'J4', 9, '2023-01-01'),
(746, 'B1', 9, '2023-01-01'),
(746, 'B5', 9, '2023-01-01'),
(746, 'B6', 9, '2023-01-01'),
(746, 'B7', 9, '2023-01-01'),
(746, 'C9', 9, '2023-01-01'),
(746, 'D1', 9, '2023-01-01'),
(746, 'D3', 9, '2023-01-01'),
(746, 'D8', 9, '2023-01-01'),
(746, 'E9', 9, '2023-01-01'),
(746, 'F3', 9, '2023-01-01'),
(746, 'G10', 9, '2023-01-01'),
(746, 'G2', 9, '2023-01-01'),
(746, 'G6', 9, '2023-01-01'),
(746, 'H10', 9, '2023-01-01'),
(746, 'H5', 9, '2023-01-01'),
(746, 'H8', 9, '2023-01-01'),
(746, 'I4', 9, '2023-01-01'),
(747, 'B1', 9, '2023-01-01'),
(747, 'B2', 9, '2023-01-01'),
(747, 'B4', 9, '2023-01-01'),
(747, 'C1', 9, '2023-01-01'),
(747, 'C7', 9, '2023-01-01'),
(747, 'D2', 9, '2023-01-01'),
(747, 'D3', 9, '2023-01-01'),
(747, 'D9', 9, '2023-01-01'),
(747, 'E10', 9, '2023-01-01'),
(747, 'E5', 9, '2023-01-01'),
(747, 'E7', 9, '2023-01-01'),
(747, 'F6', 9, '2023-01-01'),
(747, 'G1', 9, '2023-01-01'),
(747, 'G10', 9, '2023-01-01'),
(747, 'G4', 9, '2023-01-01'),
(747, 'G8', 9, '2023-01-01'),
(747, 'I7', 9, '2023-01-01'),
(747, 'J1', 9, '2023-01-01'),
(748, 'A4', 9, '2023-01-01'),
(748, 'B10', 9, '2023-01-01'),
(748, 'B2', 9, '2023-01-01'),
(748, 'B7', 9, '2023-01-01'),
(748, 'C3', 9, '2023-01-01'),
(748, 'C8', 9, '2023-01-01'),
(748, 'C9', 9, '2023-01-01'),
(748, 'D5', 9, '2023-01-01'),
(748, 'D7', 9, '2023-01-01'),
(748, 'E10', 9, '2023-01-01'),
(748, 'E7', 9, '2023-01-01'),
(748, 'F3', 9, '2023-01-01'),
(748, 'F4', 9, '2023-01-01'),
(748, 'G2', 9, '2023-01-01'),
(748, 'G6', 9, '2023-01-01'),
(748, 'G8', 9, '2023-01-01'),
(748, 'H5', 9, '2023-01-01'),
(748, 'I10', 9, '2023-01-01'),
(748, 'I3', 9, '2023-01-01'),
(749, 'A4', 9, '2023-01-01'),
(749, 'B1', 9, '2023-01-01'),
(749, 'B2', 9, '2023-01-01'),
(749, 'B7', 9, '2023-01-01'),
(749, 'C10', 9, '2023-01-01'),
(749, 'C2', 9, '2023-01-01'),
(749, 'C4', 9, '2023-01-01'),
(749, 'C5', 9, '2023-01-01'),
(749, 'C8', 9, '2023-01-01'),
(749, 'C9', 9, '2023-01-01'),
(749, 'D3', 9, '2023-01-01'),
(749, 'D6', 9, '2023-01-01'),
(749, 'D8', 9, '2023-01-01'),
(749, 'E4', 9, '2023-01-01'),
(749, 'F1', 9, '2023-01-01'),
(749, 'F10', 9, '2023-01-01'),
(749, 'F3', 9, '2023-01-01'),
(749, 'F4', 9, '2023-01-01'),
(749, 'G2', 9, '2023-01-01'),
(749, 'G5', 9, '2023-01-01'),
(749, 'G6', 9, '2023-01-01'),
(749, 'G7', 9, '2023-01-01'),
(749, 'G9', 9, '2023-01-01'),
(749, 'H3', 9, '2023-01-01'),
(749, 'H5', 9, '2023-01-01'),
(749, 'H8', 9, '2023-01-01'),
(749, 'H9', 9, '2023-01-01'),
(749, 'I10', 9, '2023-01-01'),
(749, 'I4', 9, '2023-01-01'),
(749, 'I7', 9, '2023-01-01'),
(749, 'I8', 9, '2023-01-01'),
(750, 'B10', 9, '2023-01-01'),
(750, 'B3', 9, '2023-01-01'),
(750, 'B4', 9, '2023-01-01'),
(750, 'B6', 9, '2023-01-01'),
(750, 'B8', 9, '2023-01-01'),
(750, 'C10', 9, '2023-01-01'),
(750, 'C3', 9, '2023-01-01'),
(750, 'C4', 9, '2023-01-01'),
(750, 'C7', 9, '2023-01-01'),
(750, 'C8', 9, '2023-01-01'),
(750, 'C9', 9, '2023-01-01'),
(750, 'D1', 9, '2023-01-01'),
(750, 'D10', 9, '2023-01-01'),
(750, 'D2', 9, '2023-01-01'),
(750, 'D3', 9, '2023-01-01'),
(750, 'D4', 9, '2023-01-01'),
(750, 'D5', 9, '2023-01-01'),
(750, 'E1', 9, '2023-01-01'),
(750, 'E10', 9, '2023-01-01'),
(750, 'E2', 9, '2023-01-01'),
(750, 'E3', 9, '2023-01-01'),
(750, 'E4', 9, '2023-01-01'),
(750, 'E5', 9, '2023-01-01'),
(750, 'F10', 9, '2023-01-01'),
(750, 'F3', 9, '2023-01-01'),
(750, 'F4', 9, '2023-01-01'),
(750, 'F5', 9, '2023-01-01'),
(750, 'F6', 9, '2023-01-01'),
(750, 'F7', 9, '2023-01-01'),
(750, 'F8', 9, '2023-01-01'),
(750, 'F9', 9, '2023-01-01'),
(750, 'G10', 9, '2023-01-01'),
(750, 'G3', 9, '2023-01-01'),
(750, 'G4', 9, '2023-01-01'),
(750, 'G5', 9, '2023-01-01'),
(750, 'G7', 9, '2023-01-01'),
(750, 'G9', 9, '2023-01-01'),
(750, 'H10', 9, '2023-01-01'),
(750, 'H3', 9, '2023-01-01'),
(750, 'H4', 9, '2023-01-01'),
(750, 'H5', 9, '2023-01-01'),
(750, 'H6', 9, '2023-01-01'),
(750, 'H7', 9, '2023-01-01'),
(750, 'H8', 9, '2023-01-01'),
(750, 'H9', 9, '2023-01-01'),
(750, 'I10', 9, '2023-01-01'),
(750, 'I5', 9, '2023-01-01'),
(750, 'I6', 9, '2023-01-01'),
(750, 'I7', 9, '2023-01-01'),
(750, 'I8', 9, '2023-01-01'),
(750, 'J4', 9, '2023-01-01'),
(750, 'J5', 9, '2023-01-01'),
(751, 'A2', 9, '2023-01-01'),
(751, 'B10', 9, '2023-01-01'),
(751, 'B6', 9, '2023-01-01'),
(751, 'B7', 9, '2023-01-01'),
(751, 'B9', 9, '2023-01-01'),
(751, 'C2', 9, '2023-01-01'),
(751, 'C4', 9, '2023-01-01'),
(751, 'C5', 9, '2023-01-01'),
(751, 'C6', 9, '2023-01-01'),
(751, 'C8', 9, '2023-01-01'),
(751, 'C9', 9, '2023-01-01'),
(751, 'D1', 9, '2023-01-01'),
(751, 'D2', 9, '2023-01-01'),
(751, 'D3', 9, '2023-01-01'),
(751, 'D7', 9, '2023-01-01'),
(751, 'E1', 9, '2023-01-01'),
(751, 'E10', 9, '2023-01-01'),
(751, 'E4', 9, '2023-01-01'),
(751, 'E5', 9, '2023-01-01'),
(751, 'E6', 9, '2023-01-01'),
(751, 'E7', 9, '2023-01-01'),
(751, 'E8', 9, '2023-01-01'),
(751, 'F2', 9, '2023-01-01'),
(751, 'F3', 9, '2023-01-01'),
(751, 'F9', 9, '2023-01-01'),
(751, 'G10', 9, '2023-01-01'),
(751, 'G4', 9, '2023-01-01'),
(751, 'G5', 9, '2023-01-01'),
(751, 'G6', 9, '2023-01-01'),
(751, 'G8', 9, '2023-01-01'),
(751, 'H10', 9, '2023-01-01'),
(751, 'H4', 9, '2023-01-01'),
(751, 'H5', 9, '2023-01-01'),
(751, 'H6', 9, '2023-01-01'),
(751, 'H7', 9, '2023-01-01'),
(751, 'H8', 9, '2023-01-01'),
(751, 'H9', 9, '2023-01-01'),
(751, 'I2', 9, '2023-01-01'),
(751, 'I5', 9, '2023-01-01'),
(751, 'I6', 9, '2023-01-01'),
(751, 'I7', 9, '2023-01-01'),
(751, 'J1', 9, '2023-01-01'),
(751, 'J2', 9, '2023-01-01'),
(751, 'J5', 9, '2023-01-01'),
(752, 'B1', 9, '2023-01-01'),
(752, 'B10', 9, '2023-01-01'),
(752, 'B4', 9, '2023-01-01'),
(752, 'B5', 9, '2023-01-01'),
(752, 'B6', 9, '2023-01-01'),
(752, 'B7', 9, '2023-01-01'),
(752, 'B8', 9, '2023-01-01'),
(752, 'C10', 9, '2023-01-01'),
(752, 'C2', 9, '2023-01-01'),
(752, 'C3', 9, '2023-01-01'),
(752, 'C4', 9, '2023-01-01'),
(752, 'C6', 9, '2023-01-01'),
(752, 'C9', 9, '2023-01-01'),
(752, 'D10', 9, '2023-01-01'),
(752, 'D2', 9, '2023-01-01'),
(752, 'D4', 9, '2023-01-01'),
(752, 'D6', 9, '2023-01-01'),
(752, 'D7', 9, '2023-01-01'),
(752, 'D8', 9, '2023-01-01'),
(752, 'E1', 9, '2023-01-01'),
(752, 'E3', 9, '2023-01-01'),
(752, 'E5', 9, '2023-01-01'),
(752, 'E6', 9, '2023-01-01'),
(752, 'E9', 9, '2023-01-01'),
(752, 'F1', 9, '2023-01-01'),
(752, 'F10', 9, '2023-01-01'),
(752, 'F2', 9, '2023-01-01'),
(752, 'F3', 9, '2023-01-01'),
(752, 'F4', 9, '2023-01-01'),
(752, 'F5', 9, '2023-01-01'),
(752, 'F8', 9, '2023-01-01'),
(752, 'G3', 9, '2023-01-01'),
(752, 'G4', 9, '2023-01-01'),
(752, 'G5', 9, '2023-01-01'),
(752, 'G6', 9, '2023-01-01'),
(752, 'G7', 9, '2023-01-01'),
(752, 'G8', 9, '2023-01-01'),
(752, 'H10', 9, '2023-01-01'),
(752, 'H2', 9, '2023-01-01'),
(752, 'H8', 9, '2023-01-01'),
(752, 'H9', 9, '2023-01-01'),
(752, 'I1', 9, '2023-01-01'),
(752, 'I4', 9, '2023-01-01'),
(752, 'I5', 9, '2023-01-01'),
(752, 'I7', 9, '2023-01-01'),
(752, 'I8', 9, '2023-01-01'),
(753, 'A3', 9, '2023-01-01'),
(753, 'A6', 9, '2023-01-01'),
(753, 'A7', 9, '2023-01-01'),
(753, 'A9', 9, '2023-01-01'),
(753, 'B1', 9, '2023-01-01'),
(753, 'B10', 9, '2023-01-01'),
(753, 'B4', 9, '2023-01-01'),
(753, 'B5', 9, '2023-01-01'),
(753, 'C2', 9, '2023-01-01'),
(753, 'C3', 9, '2023-01-01'),
(753, 'C7', 9, '2023-01-01'),
(753, 'C8', 9, '2023-01-01'),
(753, 'C9', 9, '2023-01-01'),
(753, 'D10', 9, '2023-01-01'),
(753, 'D4', 9, '2023-01-01'),
(753, 'E1', 9, '2023-01-01'),
(753, 'E2', 9, '2023-01-01'),
(753, 'E3', 9, '2023-01-01'),
(753, 'E4', 9, '2023-01-01'),
(753, 'E5', 9, '2023-01-01'),
(753, 'E7', 9, '2023-01-01'),
(753, 'E8', 9, '2023-01-01'),
(753, 'E9', 9, '2023-01-01'),
(753, 'F4', 9, '2023-01-01'),
(753, 'F5', 9, '2023-01-01'),
(753, 'F9', 9, '2023-01-01'),
(753, 'G1', 9, '2023-01-01'),
(753, 'G10', 9, '2023-01-01'),
(753, 'G3', 9, '2023-01-01'),
(753, 'G4', 9, '2023-01-01'),
(753, 'G7', 9, '2023-01-01'),
(753, 'G8', 9, '2023-01-01'),
(753, 'G9', 9, '2023-01-01'),
(753, 'H10', 9, '2023-01-01'),
(753, 'H2', 9, '2023-01-01'),
(753, 'H5', 9, '2023-01-01'),
(753, 'H6', 9, '2023-01-01'),
(753, 'H8', 9, '2023-01-01'),
(753, 'I3', 9, '2023-01-01'),
(753, 'I4', 9, '2023-01-01'),
(753, 'I7', 9, '2023-01-01'),
(753, 'I9', 9, '2023-01-01'),
(754, 'A4', 9, '2023-01-01'),
(754, 'A5', 9, '2023-01-01'),
(754, 'B2', 9, '2023-01-01'),
(754, 'B9', 9, '2023-01-01'),
(754, 'C1', 9, '2023-01-01'),
(754, 'C10', 9, '2023-01-01'),
(754, 'C4', 9, '2023-01-01'),
(754, 'C6', 9, '2023-01-01'),
(754, 'C7', 9, '2023-01-01'),
(754, 'D5', 9, '2023-01-01'),
(754, 'D9', 9, '2023-01-01'),
(754, 'E1', 9, '2023-01-01'),
(754, 'E2', 9, '2023-01-01'),
(754, 'E6', 9, '2023-01-01'),
(754, 'E9', 9, '2023-01-01'),
(754, 'F10', 9, '2023-01-01'),
(754, 'F3', 9, '2023-01-01'),
(754, 'F4', 9, '2023-01-01'),
(754, 'G5', 9, '2023-01-01'),
(754, 'G7', 9, '2023-01-01'),
(754, 'G8', 9, '2023-01-01'),
(754, 'H10', 9, '2023-01-01'),
(754, 'H3', 9, '2023-01-01'),
(754, 'I1', 9, '2023-01-01'),
(754, 'I5', 9, '2023-01-01'),
(754, 'I6', 9, '2023-01-01'),
(754, 'I8', 9, '2023-01-01'),
(754, 'J2', 9, '2023-01-01'),
(754, 'J5', 9, '2023-01-01'),
(755, 'B1', 9, '2023-01-01'),
(755, 'C10', 9, '2023-01-01'),
(755, 'C7', 9, '2023-01-01'),
(755, 'C8', 9, '2023-01-01'),
(755, 'D2', 9, '2023-01-01'),
(755, 'D4', 9, '2023-01-01'),
(755, 'E9', 9, '2023-01-01'),
(755, 'F10', 9, '2023-01-01'),
(755, 'F5', 9, '2023-01-01'),
(755, 'G2', 9, '2023-01-01'),
(755, 'G7', 9, '2023-01-01'),
(755, 'H10', 9, '2023-01-01'),
(755, 'H5', 9, '2023-01-01'),
(755, 'H9', 9, '2023-01-01'),
(755, 'J4', 9, '2023-01-01'),
(755, 'J5', 9, '2023-01-01'),
(756, 'A3', 9, '2023-01-01'),
(756, 'A9', 9, '2023-01-01'),
(756, 'B1', 9, '2023-01-01'),
(756, 'B5', 9, '2023-01-01'),
(756, 'B6', 9, '2023-01-01'),
(756, 'C3', 9, '2023-01-01'),
(756, 'C5', 9, '2023-01-01'),
(756, 'C8', 9, '2023-01-01'),
(756, 'D1', 9, '2023-01-01'),
(756, 'D10', 9, '2023-01-01'),
(756, 'D2', 9, '2023-01-01'),
(756, 'D7', 9, '2023-01-01'),
(756, 'E2', 9, '2023-01-01'),
(756, 'E4', 9, '2023-01-01'),
(756, 'E9', 9, '2023-01-01'),
(756, 'F1', 9, '2023-01-01'),
(756, 'F2', 9, '2023-01-01'),
(756, 'F3', 9, '2023-01-01'),
(756, 'F6', 9, '2023-01-01'),
(756, 'F9', 9, '2023-01-01'),
(756, 'G3', 9, '2023-01-01'),
(756, 'G5', 9, '2023-01-01'),
(756, 'G7', 9, '2023-01-01'),
(756, 'G8', 9, '2023-01-01'),
(756, 'H10', 9, '2023-01-01'),
(756, 'H2', 9, '2023-01-01'),
(756, 'H4', 9, '2023-01-01'),
(756, 'I1', 9, '2023-01-01'),
(756, 'I3', 9, '2023-01-01'),
(756, 'I5', 9, '2023-01-01'),
(756, 'I7', 9, '2023-01-01'),
(756, 'I9', 9, '2023-01-01'),
(799, 'A10', 10, '2025-03-30'),
(799, 'A2', 10, '2025-03-30'),
(799, 'A3', 10, '2025-03-30'),
(799, 'A6', 10, '2025-03-30'),
(799, 'A9', 10, '2025-03-30'),
(799, 'B1', 10, '2025-03-30'),
(799, 'B2', 10, '2025-03-30'),
(799, 'B3', 10, '2025-03-30'),
(799, 'B4', 10, '2025-03-30'),
(799, 'B7', 10, '2025-03-30'),
(799, 'B8', 10, '2025-03-30'),
(799, 'B9', 10, '2025-03-30'),
(799, 'C1', 10, '2025-03-30'),
(799, 'C10', 10, '2025-03-30'),
(799, 'C2', 10, '2025-03-30'),
(799, 'C4', 10, '2025-03-30'),
(799, 'C5', 10, '2025-03-30'),
(799, 'C6', 10, '2025-03-30'),
(799, 'C7', 10, '2025-03-30'),
(799, 'C8', 10, '2025-03-30'),
(799, 'C9', 10, '2025-03-30');
INSERT INTO `sale` (`showid`, `seatid`, `userid`, `SaleDate`) VALUES
(799, 'D2', 10, '2025-03-30'),
(799, 'D3', 10, '2025-03-30'),
(799, 'D4', 10, '2025-03-30'),
(799, 'D6', 10, '2025-03-30'),
(799, 'D7', 10, '2025-03-30'),
(799, 'D8', 10, '2025-03-30'),
(799, 'D9', 10, '2025-03-30'),
(799, 'E1', 10, '2025-03-30'),
(799, 'E10', 10, '2025-03-30'),
(799, 'E2', 10, '2025-03-30'),
(799, 'E3', 10, '2025-03-30'),
(799, 'E4', 10, '2025-03-30'),
(799, 'E5', 10, '2025-03-30'),
(799, 'E6', 10, '2025-03-30'),
(799, 'E7', 10, '2025-03-30'),
(799, 'E8', 10, '2025-03-30'),
(799, 'F1', 10, '2025-03-30'),
(799, 'F10', 10, '2025-03-30'),
(799, 'F2', 10, '2025-03-30'),
(799, 'F3', 10, '2025-03-30'),
(799, 'F4', 10, '2025-03-30'),
(799, 'F5', 10, '2025-03-30'),
(799, 'F6', 10, '2025-03-30'),
(799, 'F7', 10, '2025-03-30'),
(799, 'F9', 10, '2025-03-30'),
(799, 'G1', 10, '2025-03-30'),
(799, 'G10', 10, '2025-03-30'),
(799, 'G2', 10, '2025-03-30'),
(799, 'G4', 10, '2025-03-30'),
(799, 'G5', 10, '2025-03-30'),
(799, 'G6', 10, '2025-03-30'),
(799, 'G7', 10, '2025-03-30'),
(799, 'G8', 10, '2025-03-30'),
(799, 'G9', 10, '2025-03-30'),
(799, 'H1', 10, '2025-03-30'),
(799, 'H10', 10, '2025-03-30'),
(799, 'H2', 10, '2025-03-30'),
(799, 'H3', 10, '2025-03-30'),
(799, 'H4', 10, '2025-03-30'),
(799, 'H5', 10, '2025-03-30'),
(799, 'H6', 10, '2025-03-30'),
(799, 'H7', 10, '2025-03-30'),
(799, 'H8', 10, '2025-03-30'),
(799, 'H9', 10, '2025-03-30'),
(799, 'I1', 10, '2025-03-30'),
(799, 'I10', 10, '2025-03-30'),
(799, 'I2', 10, '2025-03-30'),
(799, 'I3', 10, '2025-03-30'),
(799, 'I4', 10, '2025-03-30'),
(799, 'I5', 10, '2025-03-30'),
(799, 'I6', 10, '2025-03-30'),
(799, 'I7', 10, '2025-03-30'),
(799, 'I8', 10, '2025-03-30'),
(799, 'I9', 10, '2025-03-30'),
(799, 'J1', 10, '2025-03-30'),
(799, 'J2', 10, '2025-03-30'),
(799, 'J5', 10, '2025-03-30'),
(800, 'C1', 10, '2025-03-30'),
(800, 'C3', 10, '2025-03-30'),
(800, 'C7', 10, '2025-03-30'),
(800, 'C9', 10, '2025-03-30'),
(800, 'D4', 10, '2025-03-30'),
(800, 'D9', 10, '2025-03-30'),
(800, 'E2', 10, '2025-03-30'),
(800, 'E4', 10, '2025-03-30'),
(800, 'E7', 10, '2025-03-30'),
(800, 'E8', 10, '2025-03-30'),
(800, 'F10', 10, '2025-03-30'),
(800, 'F2', 10, '2025-03-30'),
(800, 'F4', 10, '2025-03-30'),
(800, 'F6', 10, '2025-03-30'),
(800, 'G2', 10, '2025-03-30'),
(800, 'G3', 10, '2025-03-30'),
(800, 'G5', 10, '2025-03-30'),
(800, 'G8', 10, '2025-03-30'),
(800, 'H3', 10, '2025-03-30'),
(800, 'H4', 10, '2025-03-30'),
(800, 'H7', 10, '2025-03-30'),
(800, 'H9', 10, '2025-03-30'),
(800, 'I1', 10, '2025-03-30'),
(800, 'J4', 10, '2025-03-30'),
(801, 'C4', 10, '2025-03-30'),
(801, 'C7', 10, '2025-03-30'),
(801, 'C8', 10, '2025-03-30'),
(801, 'D1', 10, '2025-03-30'),
(801, 'D10', 10, '2025-03-30'),
(801, 'D6', 10, '2025-03-30'),
(801, 'D9', 10, '2025-03-30'),
(801, 'E2', 10, '2025-03-30'),
(801, 'E5', 10, '2025-03-30'),
(801, 'E7', 10, '2025-03-30'),
(801, 'F10', 10, '2025-03-30'),
(801, 'F3', 10, '2025-03-30'),
(801, 'F9', 10, '2025-03-30'),
(801, 'G1', 10, '2025-03-30'),
(801, 'G2', 10, '2025-03-30'),
(801, 'G5', 10, '2025-03-30'),
(801, 'G7', 10, '2025-03-30'),
(801, 'H3', 10, '2025-03-30'),
(801, 'H4', 10, '2025-03-30'),
(801, 'H6', 10, '2025-03-30'),
(801, 'H8', 10, '2025-03-30'),
(801, 'H9', 10, '2025-03-30'),
(801, 'I10', 10, '2025-03-30'),
(801, 'I2', 10, '2025-03-30'),
(801, 'I4', 10, '2025-03-30'),
(801, 'I7', 10, '2025-03-30'),
(801, 'I8', 10, '2025-03-30'),
(801, 'J2', 10, '2025-03-30'),
(802, 'D2', 10, '2025-03-30'),
(802, 'D3', 10, '2025-03-30'),
(802, 'D5', 10, '2025-03-30'),
(802, 'D8', 10, '2025-03-30'),
(802, 'E2', 10, '2025-03-30'),
(802, 'E6', 10, '2025-03-30'),
(802, 'F1', 10, '2025-03-30'),
(802, 'F4', 10, '2025-03-30'),
(802, 'F7', 10, '2025-03-30'),
(802, 'F9', 10, '2025-03-30'),
(802, 'G3', 10, '2025-03-30'),
(802, 'G4', 10, '2025-03-30'),
(802, 'G8', 10, '2025-03-30'),
(802, 'G9', 10, '2025-03-30'),
(802, 'H2', 10, '2025-03-30'),
(802, 'H5', 10, '2025-03-30'),
(802, 'H6', 10, '2025-03-30'),
(802, 'I7', 10, '2025-03-30'),
(802, 'I8', 10, '2025-03-30'),
(802, 'I9', 10, '2025-03-30'),
(803, 'C8', 10, '2025-03-30'),
(803, 'D2', 10, '2025-03-30'),
(803, 'D4', 10, '2025-03-30'),
(803, 'D5', 10, '2025-03-30'),
(803, 'E1', 10, '2025-03-30'),
(803, 'E4', 10, '2025-03-30'),
(803, 'E6', 10, '2025-03-30'),
(803, 'E7', 10, '2025-03-30'),
(803, 'F10', 10, '2025-03-30'),
(803, 'F2', 10, '2025-03-30'),
(803, 'G3', 10, '2025-03-30'),
(803, 'G4', 10, '2025-03-30'),
(803, 'G5', 10, '2025-03-30'),
(803, 'G8', 10, '2025-03-30'),
(803, 'G9', 10, '2025-03-30'),
(803, 'H2', 10, '2025-03-30'),
(803, 'I3', 10, '2025-03-30'),
(803, 'I4', 10, '2025-03-30'),
(803, 'I5', 10, '2025-03-30'),
(803, 'I6', 10, '2025-03-30'),
(803, 'I8', 10, '2025-03-30'),
(803, 'I9', 10, '2025-03-30'),
(804, 'C8', 10, '2025-03-30'),
(804, 'D1', 10, '2025-03-30'),
(804, 'D10', 10, '2025-03-30'),
(804, 'D3', 10, '2025-03-30'),
(804, 'D5', 10, '2025-03-30'),
(804, 'D6', 10, '2025-03-30'),
(804, 'D9', 10, '2025-03-30'),
(804, 'E2', 10, '2025-03-30'),
(804, 'E4', 10, '2025-03-30'),
(804, 'E8', 10, '2025-03-30'),
(804, 'E9', 10, '2025-03-30'),
(804, 'F10', 10, '2025-03-30'),
(804, 'F2', 10, '2025-03-30'),
(804, 'F3', 10, '2025-03-30'),
(804, 'F7', 10, '2025-03-30'),
(804, 'G3', 10, '2025-03-30'),
(804, 'G5', 10, '2025-03-30'),
(804, 'G6', 10, '2025-03-30'),
(804, 'G8', 10, '2025-03-30'),
(804, 'G9', 10, '2025-03-30'),
(804, 'H1', 10, '2025-03-30'),
(804, 'H10', 10, '2025-03-30'),
(804, 'H4', 10, '2025-03-30'),
(804, 'H7', 10, '2025-03-30'),
(804, 'H8', 10, '2025-03-30'),
(804, 'I10', 10, '2025-03-30'),
(804, 'I2', 10, '2025-03-30'),
(804, 'I3', 10, '2025-03-30'),
(804, 'I6', 10, '2025-03-30'),
(804, 'I9', 10, '2025-03-30'),
(804, 'J2', 10, '2025-03-30'),
(805, 'A1', 10, '2025-03-30'),
(805, 'A10', 10, '2025-03-30'),
(805, 'A3', 10, '2025-03-30'),
(805, 'A9', 10, '2025-03-30'),
(805, 'B1', 10, '2025-03-30'),
(805, 'B10', 10, '2025-03-30'),
(805, 'B2', 10, '2025-03-30'),
(805, 'B3', 10, '2025-03-30'),
(805, 'B4', 10, '2025-03-30'),
(805, 'B5', 10, '2025-03-30'),
(805, 'B7', 10, '2025-03-30'),
(805, 'B8', 10, '2025-03-30'),
(805, 'B9', 10, '2025-03-30'),
(805, 'C10', 10, '2025-03-30'),
(805, 'C2', 10, '2025-03-30'),
(805, 'C3', 10, '2025-03-30'),
(805, 'C5', 10, '2025-03-30'),
(805, 'C6', 10, '2025-03-30'),
(805, 'C8', 10, '2025-03-30'),
(805, 'C9', 10, '2025-03-30'),
(805, 'D1', 10, '2025-03-30'),
(805, 'D10', 10, '2025-03-30'),
(805, 'D2', 10, '2025-03-30'),
(805, 'D3', 10, '2025-03-30'),
(805, 'D4', 10, '2025-03-30'),
(805, 'D5', 10, '2025-03-30'),
(805, 'D6', 10, '2025-03-30'),
(805, 'D7', 10, '2025-03-30'),
(805, 'D9', 10, '2025-03-30'),
(805, 'E10', 10, '2025-03-30'),
(805, 'E2', 10, '2025-03-30'),
(805, 'E3', 10, '2025-03-30'),
(805, 'E4', 10, '2025-03-30'),
(805, 'E6', 10, '2025-03-30'),
(805, 'E8', 10, '2025-03-30'),
(805, 'E9', 10, '2025-03-30'),
(805, 'F1', 10, '2025-03-30'),
(805, 'F10', 10, '2025-03-30'),
(805, 'F2', 10, '2025-03-30'),
(805, 'F3', 10, '2025-03-30'),
(805, 'F4', 10, '2025-03-30'),
(805, 'F5', 10, '2025-03-30'),
(805, 'F6', 10, '2025-03-30'),
(805, 'F7', 10, '2025-03-30'),
(805, 'F8', 10, '2025-03-30'),
(805, 'F9', 10, '2025-03-30'),
(805, 'G10', 10, '2025-03-30'),
(805, 'G2', 10, '2025-03-30'),
(805, 'G3', 10, '2025-03-30'),
(805, 'G4', 10, '2025-03-30'),
(805, 'G5', 10, '2025-03-30'),
(805, 'G6', 10, '2025-03-30'),
(805, 'G7', 10, '2025-03-30'),
(805, 'G8', 10, '2025-03-30'),
(805, 'H1', 10, '2025-03-30'),
(805, 'H10', 10, '2025-03-30'),
(805, 'H2', 10, '2025-03-30'),
(805, 'H3', 10, '2025-03-30'),
(805, 'H4', 10, '2025-03-30'),
(805, 'H6', 10, '2025-03-30'),
(805, 'H7', 10, '2025-03-30'),
(805, 'H8', 10, '2025-03-30'),
(805, 'H9', 10, '2025-03-30'),
(805, 'I1', 10, '2025-03-30'),
(805, 'I10', 10, '2025-03-30'),
(805, 'I2', 10, '2025-03-30'),
(805, 'I3', 10, '2025-03-30'),
(805, 'I5', 10, '2025-03-30'),
(805, 'I8', 10, '2025-03-30'),
(805, 'I9', 10, '2025-03-30'),
(805, 'J1', 10, '2025-03-30'),
(805, 'J2', 10, '2025-03-30'),
(805, 'J3', 10, '2025-03-30'),
(805, 'J5', 10, '2025-03-30'),
(806, 'A2', 9, '2023-01-01'),
(806, 'B2', 9, '2023-01-01'),
(806, 'B3', 9, '2023-01-01'),
(806, 'B4', 9, '2023-01-01'),
(806, 'B6', 9, '2023-01-01'),
(806, 'B7', 9, '2023-01-01'),
(806, 'B8', 9, '2023-01-01'),
(806, 'B9', 9, '2023-01-01'),
(806, 'C1', 9, '2023-01-01'),
(806, 'C10', 9, '2023-01-01'),
(806, 'C3', 9, '2023-01-01'),
(806, 'C4', 9, '2023-01-01'),
(806, 'C5', 9, '2023-01-01'),
(806, 'C9', 9, '2023-01-01'),
(806, 'D10', 9, '2023-01-01'),
(806, 'D2', 9, '2023-01-01'),
(806, 'D6', 9, '2023-01-01'),
(806, 'D7', 9, '2023-01-01'),
(806, 'E1', 9, '2023-01-01'),
(806, 'E3', 9, '2023-01-01'),
(806, 'E4', 9, '2023-01-01'),
(806, 'E5', 9, '2023-01-01'),
(806, 'E7', 9, '2023-01-01'),
(806, 'E8', 9, '2023-01-01'),
(806, 'E9', 9, '2023-01-01'),
(806, 'F6', 9, '2023-01-01'),
(806, 'F8', 9, '2023-01-01'),
(806, 'F9', 9, '2023-01-01'),
(806, 'G10', 9, '2023-01-01'),
(806, 'G2', 9, '2023-01-01'),
(806, 'G9', 9, '2023-01-01'),
(806, 'H10', 9, '2023-01-01'),
(806, 'H3', 9, '2023-01-01'),
(806, 'H5', 9, '2023-01-01'),
(806, 'H7', 9, '2023-01-01'),
(806, 'H8', 9, '2023-01-01'),
(806, 'I1', 9, '2023-01-01'),
(806, 'I2', 9, '2023-01-01'),
(806, 'I3', 9, '2023-01-01'),
(806, 'I4', 9, '2023-01-01'),
(806, 'I5', 9, '2023-01-01'),
(806, 'I6', 9, '2023-01-01'),
(806, 'I9', 9, '2023-01-01'),
(806, 'J1', 9, '2023-01-01'),
(806, 'J2', 9, '2023-01-01'),
(807, 'A8', 9, '2023-01-01'),
(807, 'B3', 9, '2023-01-01'),
(807, 'B7', 9, '2023-01-01'),
(807, 'B9', 9, '2023-01-01'),
(807, 'C1', 9, '2023-01-01'),
(807, 'C6', 9, '2023-01-01'),
(807, 'C8', 9, '2023-01-01'),
(807, 'D10', 9, '2023-01-01'),
(807, 'D3', 9, '2023-01-01'),
(807, 'D4', 9, '2023-01-01'),
(807, 'D7', 9, '2023-01-01'),
(807, 'D8', 9, '2023-01-01'),
(807, 'D9', 9, '2023-01-01'),
(807, 'E10', 9, '2023-01-01'),
(807, 'E2', 9, '2023-01-01'),
(807, 'E3', 9, '2023-01-01'),
(807, 'E5', 9, '2023-01-01'),
(807, 'E6', 9, '2023-01-01'),
(807, 'E7', 9, '2023-01-01'),
(807, 'E8', 9, '2023-01-01'),
(807, 'F10', 9, '2023-01-01'),
(807, 'F4', 9, '2023-01-01'),
(807, 'F6', 9, '2023-01-01'),
(807, 'G1', 9, '2023-01-01'),
(807, 'G2', 9, '2023-01-01'),
(807, 'G7', 9, '2023-01-01'),
(807, 'G8', 9, '2023-01-01'),
(807, 'G9', 9, '2023-01-01'),
(807, 'H10', 9, '2023-01-01'),
(807, 'H4', 9, '2023-01-01'),
(807, 'I10', 9, '2023-01-01'),
(807, 'I2', 9, '2023-01-01'),
(807, 'I3', 9, '2023-01-01'),
(807, 'I4', 9, '2023-01-01'),
(807, 'I6', 9, '2023-01-01'),
(807, 'I7', 9, '2023-01-01'),
(807, 'J4', 9, '2023-01-01'),
(807, 'J5', 9, '2023-01-01'),
(808, 'A7', 9, '2023-01-01'),
(808, 'B3', 9, '2023-01-01'),
(808, 'B7', 9, '2023-01-01'),
(808, 'C10', 9, '2023-01-01'),
(808, 'C2', 9, '2023-01-01'),
(808, 'C4', 9, '2023-01-01'),
(808, 'C5', 9, '2023-01-01'),
(808, 'C6', 9, '2023-01-01'),
(808, 'C8', 9, '2023-01-01'),
(808, 'C9', 9, '2023-01-01'),
(808, 'D2', 9, '2023-01-01'),
(808, 'D5', 9, '2023-01-01'),
(808, 'D9', 9, '2023-01-01'),
(808, 'E1', 9, '2023-01-01'),
(808, 'E10', 9, '2023-01-01'),
(808, 'E4', 9, '2023-01-01'),
(808, 'E6', 9, '2023-01-01'),
(808, 'E8', 9, '2023-01-01'),
(808, 'F7', 9, '2023-01-01'),
(808, 'F8', 9, '2023-01-01'),
(808, 'F9', 9, '2023-01-01'),
(808, 'G2', 9, '2023-01-01'),
(808, 'G3', 9, '2023-01-01'),
(808, 'G5', 9, '2023-01-01'),
(808, 'G8', 9, '2023-01-01'),
(808, 'H1', 9, '2023-01-01'),
(808, 'H10', 9, '2023-01-01'),
(808, 'H4', 9, '2023-01-01'),
(808, 'H7', 9, '2023-01-01'),
(808, 'I10', 9, '2023-01-01'),
(808, 'I3', 9, '2023-01-01'),
(808, 'I4', 9, '2023-01-01'),
(808, 'I9', 9, '2023-01-01'),
(809, 'A6', 9, '2023-01-01'),
(809, 'B10', 9, '2023-01-01'),
(809, 'B5', 9, '2023-01-01'),
(809, 'B8', 9, '2023-01-01'),
(809, 'C2', 9, '2023-01-01'),
(809, 'C3', 9, '2023-01-01'),
(809, 'C4', 9, '2023-01-01'),
(809, 'C7', 9, '2023-01-01'),
(809, 'D1', 9, '2023-01-01'),
(809, 'D2', 9, '2023-01-01'),
(809, 'D8', 9, '2023-01-01'),
(809, 'E5', 9, '2023-01-01'),
(809, 'E7', 9, '2023-01-01'),
(809, 'E9', 9, '2023-01-01'),
(809, 'F10', 9, '2023-01-01'),
(809, 'F2', 9, '2023-01-01'),
(809, 'F8', 9, '2023-01-01'),
(809, 'G3', 9, '2023-01-01'),
(809, 'G5', 9, '2023-01-01'),
(809, 'H10', 9, '2023-01-01'),
(809, 'H6', 9, '2023-01-01'),
(809, 'H9', 9, '2023-01-01'),
(809, 'I1', 9, '2023-01-01'),
(809, 'I4', 9, '2023-01-01'),
(809, 'I6', 9, '2023-01-01'),
(809, 'I8', 9, '2023-01-01'),
(809, 'I9', 9, '2023-01-01'),
(809, 'J3', 9, '2023-01-01'),
(810, 'A1', 9, '2023-01-01'),
(810, 'B5', 9, '2023-01-01'),
(810, 'C3', 9, '2023-01-01'),
(810, 'C4', 9, '2023-01-01'),
(810, 'C6', 9, '2023-01-01'),
(810, 'C8', 9, '2023-01-01'),
(810, 'C9', 9, '2023-01-01'),
(810, 'D2', 9, '2023-01-01'),
(810, 'D7', 9, '2023-01-01'),
(810, 'E10', 9, '2023-01-01'),
(810, 'E2', 9, '2023-01-01'),
(810, 'F4', 9, '2023-01-01'),
(810, 'F6', 9, '2023-01-01'),
(810, 'F7', 9, '2023-01-01'),
(810, 'G9', 9, '2023-01-01'),
(810, 'H1', 9, '2023-01-01'),
(810, 'H10', 9, '2023-01-01'),
(810, 'H2', 9, '2023-01-01'),
(810, 'H3', 9, '2023-01-01'),
(810, 'H6', 9, '2023-01-01'),
(810, 'I5', 9, '2023-01-01'),
(810, 'I8', 9, '2023-01-01'),
(810, 'J5', 9, '2023-01-01'),
(811, 'B1', 9, '2023-01-01'),
(811, 'B6', 9, '2023-01-01'),
(811, 'C10', 9, '2023-01-01'),
(811, 'C2', 9, '2023-01-01'),
(811, 'C3', 9, '2023-01-01'),
(811, 'C4', 9, '2023-01-01'),
(811, 'C5', 9, '2023-01-01'),
(811, 'C7', 9, '2023-01-01'),
(811, 'C8', 9, '2023-01-01'),
(811, 'C9', 9, '2023-01-01'),
(811, 'D5', 9, '2023-01-01'),
(811, 'D6', 9, '2023-01-01'),
(811, 'E3', 9, '2023-01-01'),
(811, 'E8', 9, '2023-01-01'),
(811, 'E9', 9, '2023-01-01'),
(811, 'F1', 9, '2023-01-01'),
(811, 'F10', 9, '2023-01-01'),
(811, 'F2', 9, '2023-01-01'),
(811, 'F4', 9, '2023-01-01'),
(811, 'F6', 9, '2023-01-01'),
(811, 'F7', 9, '2023-01-01'),
(811, 'F8', 9, '2023-01-01'),
(811, 'G5', 9, '2023-01-01'),
(811, 'G7', 9, '2023-01-01'),
(811, 'G9', 9, '2023-01-01'),
(811, 'H1', 9, '2023-01-01'),
(811, 'H2', 9, '2023-01-01'),
(811, 'H3', 9, '2023-01-01'),
(811, 'H4', 9, '2023-01-01'),
(811, 'H6', 9, '2023-01-01'),
(811, 'I6', 9, '2023-01-01'),
(811, 'I7', 9, '2023-01-01'),
(811, 'I9', 9, '2023-01-01'),
(812, 'A4', 9, '2023-01-01'),
(812, 'B1', 9, '2023-01-01'),
(812, 'B3', 9, '2023-01-01'),
(812, 'B5', 9, '2023-01-01'),
(812, 'C3', 9, '2023-01-01'),
(812, 'C4', 9, '2023-01-01'),
(812, 'C7', 9, '2023-01-01'),
(812, 'C8', 9, '2023-01-01'),
(812, 'D2', 9, '2023-01-01'),
(812, 'D3', 9, '2023-01-01'),
(812, 'D5', 9, '2023-01-01'),
(812, 'D6', 9, '2023-01-01'),
(812, 'E1', 9, '2023-01-01'),
(812, 'E10', 9, '2023-01-01'),
(812, 'E4', 9, '2023-01-01'),
(812, 'E6', 9, '2023-01-01'),
(812, 'E7', 9, '2023-01-01'),
(812, 'E8', 9, '2023-01-01'),
(812, 'E9', 9, '2023-01-01'),
(812, 'F10', 9, '2023-01-01'),
(812, 'F2', 9, '2023-01-01'),
(812, 'F3', 9, '2023-01-01'),
(812, 'F4', 9, '2023-01-01'),
(812, 'F5', 9, '2023-01-01'),
(812, 'G1', 9, '2023-01-01'),
(812, 'G2', 9, '2023-01-01'),
(812, 'G5', 9, '2023-01-01'),
(812, 'G6', 9, '2023-01-01'),
(812, 'G7', 9, '2023-01-01'),
(812, 'G8', 9, '2023-01-01'),
(812, 'G9', 9, '2023-01-01'),
(812, 'H3', 9, '2023-01-01'),
(812, 'H4', 9, '2023-01-01'),
(812, 'H7', 9, '2023-01-01'),
(812, 'H8', 9, '2023-01-01'),
(812, 'I10', 9, '2023-01-01'),
(812, 'I2', 9, '2023-01-01'),
(812, 'I5', 9, '2023-01-01'),
(812, 'I6', 9, '2023-01-01'),
(812, 'I7', 9, '2023-01-01'),
(812, 'I8', 9, '2023-01-01'),
(812, 'I9', 9, '2023-01-01'),
(812, 'J4', 9, '2023-01-01'),
(813, 'B2', 9, '2023-01-01'),
(813, 'B5', 9, '2023-01-01'),
(813, 'B8', 9, '2023-01-01'),
(813, 'C10', 9, '2023-01-01'),
(813, 'C3', 9, '2023-01-01'),
(813, 'C4', 9, '2023-01-01'),
(813, 'C7', 9, '2023-01-01'),
(813, 'C8', 9, '2023-01-01'),
(813, 'D10', 9, '2023-01-01'),
(813, 'D2', 9, '2023-01-01'),
(813, 'D3', 9, '2023-01-01'),
(813, 'D5', 9, '2023-01-01'),
(813, 'D6', 9, '2023-01-01'),
(813, 'D8', 9, '2023-01-01'),
(813, 'D9', 9, '2023-01-01'),
(813, 'E1', 9, '2023-01-01'),
(813, 'E4', 9, '2023-01-01'),
(813, 'E6', 9, '2023-01-01'),
(813, 'E8', 9, '2023-01-01'),
(813, 'F1', 9, '2023-01-01'),
(813, 'F10', 9, '2023-01-01'),
(813, 'F2', 9, '2023-01-01'),
(813, 'F3', 9, '2023-01-01'),
(813, 'F4', 9, '2023-01-01'),
(813, 'F5', 9, '2023-01-01'),
(813, 'F6', 9, '2023-01-01'),
(813, 'F8', 9, '2023-01-01'),
(813, 'G10', 9, '2023-01-01'),
(813, 'G3', 9, '2023-01-01'),
(813, 'G4', 9, '2023-01-01'),
(813, 'G5', 9, '2023-01-01'),
(813, 'G6', 9, '2023-01-01'),
(813, 'G9', 9, '2023-01-01'),
(813, 'H1', 9, '2023-01-01'),
(813, 'H2', 9, '2023-01-01'),
(813, 'H4', 9, '2023-01-01'),
(813, 'H5', 9, '2023-01-01'),
(813, 'H7', 9, '2023-01-01'),
(813, 'H8', 9, '2023-01-01'),
(813, 'I10', 9, '2023-01-01'),
(813, 'I9', 9, '2023-01-01'),
(814, 'B1', 9, '2023-01-01'),
(814, 'B3', 9, '2023-01-01'),
(814, 'B5', 9, '2023-01-01'),
(814, 'B7', 9, '2023-01-01'),
(814, 'B9', 9, '2023-01-01'),
(814, 'C10', 9, '2023-01-01'),
(814, 'C2', 9, '2023-01-01'),
(814, 'C3', 9, '2023-01-01'),
(814, 'C4', 9, '2023-01-01'),
(814, 'C5', 9, '2023-01-01'),
(814, 'C7', 9, '2023-01-01'),
(814, 'D2', 9, '2023-01-01'),
(814, 'D3', 9, '2023-01-01'),
(814, 'D8', 9, '2023-01-01'),
(814, 'E10', 9, '2023-01-01'),
(814, 'E2', 9, '2023-01-01'),
(814, 'E6', 9, '2023-01-01'),
(814, 'E8', 9, '2023-01-01'),
(814, 'F1', 9, '2023-01-01'),
(814, 'F2', 9, '2023-01-01'),
(814, 'F4', 9, '2023-01-01'),
(814, 'F7', 9, '2023-01-01'),
(814, 'F9', 9, '2023-01-01'),
(814, 'G2', 9, '2023-01-01'),
(814, 'G5', 9, '2023-01-01'),
(814, 'G9', 9, '2023-01-01'),
(814, 'H10', 9, '2023-01-01'),
(814, 'H5', 9, '2023-01-01'),
(814, 'H6', 9, '2023-01-01'),
(814, 'H8', 9, '2023-01-01'),
(814, 'I3', 9, '2023-01-01'),
(814, 'I5', 9, '2023-01-01'),
(815, 'A2', 9, '2023-01-01'),
(815, 'B10', 9, '2023-01-01'),
(815, 'B7', 9, '2023-01-01'),
(815, 'C3', 9, '2023-01-01'),
(815, 'C5', 9, '2023-01-01'),
(815, 'C6', 9, '2023-01-01'),
(815, 'C9', 9, '2023-01-01'),
(815, 'D4', 9, '2023-01-01'),
(815, 'D7', 9, '2023-01-01'),
(815, 'D8', 9, '2023-01-01'),
(815, 'D9', 9, '2023-01-01'),
(815, 'E1', 9, '2023-01-01'),
(815, 'E2', 9, '2023-01-01'),
(815, 'E5', 9, '2023-01-01'),
(815, 'F1', 9, '2023-01-01'),
(815, 'F10', 9, '2023-01-01'),
(815, 'F3', 9, '2023-01-01'),
(815, 'F5', 9, '2023-01-01'),
(815, 'F6', 9, '2023-01-01'),
(815, 'F8', 9, '2023-01-01'),
(815, 'G7', 9, '2023-01-01'),
(815, 'G9', 9, '2023-01-01'),
(815, 'H10', 9, '2023-01-01'),
(815, 'H3', 9, '2023-01-01'),
(815, 'H4', 9, '2023-01-01'),
(815, 'H6', 9, '2023-01-01'),
(815, 'H8', 9, '2023-01-01'),
(815, 'I1', 9, '2023-01-01'),
(815, 'I10', 9, '2023-01-01'),
(815, 'I5', 9, '2023-01-01'),
(815, 'I8', 9, '2023-01-01'),
(816, 'B4', 9, '2023-01-01'),
(816, 'B9', 9, '2023-01-01'),
(816, 'C1', 9, '2023-01-01'),
(816, 'C10', 9, '2023-01-01'),
(816, 'C3', 9, '2023-01-01'),
(816, 'C6', 9, '2023-01-01'),
(816, 'C7', 9, '2023-01-01'),
(816, 'D8', 9, '2023-01-01'),
(816, 'D9', 9, '2023-01-01'),
(816, 'E10', 9, '2023-01-01'),
(816, 'E2', 9, '2023-01-01'),
(816, 'E3', 9, '2023-01-01'),
(816, 'E4', 9, '2023-01-01'),
(816, 'E6', 9, '2023-01-01'),
(816, 'E7', 9, '2023-01-01'),
(816, 'F4', 9, '2023-01-01'),
(816, 'F5', 9, '2023-01-01'),
(816, 'F9', 9, '2023-01-01'),
(816, 'G2', 9, '2023-01-01'),
(816, 'G5', 9, '2023-01-01'),
(816, 'G6', 9, '2023-01-01'),
(816, 'G8', 9, '2023-01-01'),
(816, 'G9', 9, '2023-01-01'),
(816, 'H1', 9, '2023-01-01'),
(816, 'H10', 9, '2023-01-01'),
(816, 'H3', 9, '2023-01-01'),
(816, 'H4', 9, '2023-01-01'),
(816, 'H6', 9, '2023-01-01'),
(816, 'H8', 9, '2023-01-01'),
(816, 'I4', 9, '2023-01-01'),
(816, 'I7', 9, '2023-01-01'),
(817, 'B3', 9, '2023-01-01'),
(817, 'B5', 9, '2023-01-01'),
(817, 'B8', 9, '2023-01-01'),
(817, 'C10', 9, '2023-01-01'),
(817, 'C6', 9, '2023-01-01'),
(817, 'C7', 9, '2023-01-01'),
(817, 'C8', 9, '2023-01-01'),
(817, 'D2', 9, '2023-01-01'),
(817, 'D4', 9, '2023-01-01'),
(817, 'D6', 9, '2023-01-01'),
(817, 'E1', 9, '2023-01-01'),
(817, 'E4', 9, '2023-01-01'),
(817, 'E5', 9, '2023-01-01'),
(817, 'E7', 9, '2023-01-01'),
(817, 'E8', 9, '2023-01-01'),
(817, 'F2', 9, '2023-01-01'),
(817, 'F9', 9, '2023-01-01'),
(817, 'G1', 9, '2023-01-01'),
(817, 'G3', 9, '2023-01-01'),
(817, 'G4', 9, '2023-01-01'),
(817, 'G5', 9, '2023-01-01'),
(817, 'G6', 9, '2023-01-01'),
(817, 'G8', 9, '2023-01-01'),
(817, 'H5', 9, '2023-01-01'),
(817, 'H7', 9, '2023-01-01'),
(817, 'H8', 9, '2023-01-01'),
(817, 'I1', 9, '2023-01-01'),
(817, 'I3', 9, '2023-01-01'),
(817, 'I5', 9, '2023-01-01'),
(818, 'A4', 9, '2023-01-01'),
(818, 'B2', 9, '2023-01-01'),
(818, 'B7', 9, '2023-01-01'),
(818, 'B9', 9, '2023-01-01'),
(818, 'C10', 9, '2023-01-01'),
(818, 'C4', 9, '2023-01-01'),
(818, 'C5', 9, '2023-01-01'),
(818, 'C9', 9, '2023-01-01'),
(818, 'D1', 9, '2023-01-01'),
(818, 'D2', 9, '2023-01-01'),
(818, 'D7', 9, '2023-01-01'),
(818, 'D8', 9, '2023-01-01'),
(818, 'E2', 9, '2023-01-01'),
(818, 'E6', 9, '2023-01-01'),
(818, 'E9', 9, '2023-01-01'),
(818, 'F4', 9, '2023-01-01'),
(818, 'F5', 9, '2023-01-01'),
(818, 'F8', 9, '2023-01-01'),
(818, 'G2', 9, '2023-01-01'),
(818, 'G9', 9, '2023-01-01'),
(818, 'H3', 9, '2023-01-01'),
(818, 'H4', 9, '2023-01-01'),
(818, 'H6', 9, '2023-01-01'),
(818, 'I1', 9, '2023-01-01'),
(818, 'I10', 9, '2023-01-01'),
(818, 'I5', 9, '2023-01-01'),
(818, 'I7', 9, '2023-01-01'),
(818, 'I8', 9, '2023-01-01'),
(818, 'J3', 9, '2023-01-01'),
(819, 'B1', 9, '2023-01-01'),
(819, 'B10', 9, '2023-01-01'),
(819, 'B6', 9, '2023-01-01'),
(819, 'B8', 9, '2023-01-01'),
(819, 'B9', 9, '2023-01-01'),
(819, 'C1', 9, '2023-01-01'),
(819, 'C2', 9, '2023-01-01'),
(819, 'C3', 9, '2023-01-01'),
(819, 'D2', 9, '2023-01-01'),
(819, 'D5', 9, '2023-01-01'),
(819, 'D7', 9, '2023-01-01'),
(819, 'E2', 9, '2023-01-01'),
(819, 'E4', 9, '2023-01-01'),
(819, 'E8', 9, '2023-01-01'),
(819, 'E9', 9, '2023-01-01'),
(819, 'F10', 9, '2023-01-01'),
(819, 'F5', 9, '2023-01-01'),
(819, 'G4', 9, '2023-01-01'),
(819, 'G5', 9, '2023-01-01'),
(819, 'G6', 9, '2023-01-01'),
(819, 'H1', 9, '2023-01-01'),
(819, 'H10', 9, '2023-01-01'),
(819, 'H2', 9, '2023-01-01'),
(819, 'H3', 9, '2023-01-01'),
(819, 'H7', 9, '2023-01-01'),
(819, 'H8', 9, '2023-01-01'),
(819, 'H9', 9, '2023-01-01'),
(862, 'D4', 10, '2025-04-06'),
(862, 'E7', 10, '2025-04-06'),
(862, 'H9', 10, '2025-04-06'),
(863, 'F4', 10, '2025-04-07'),
(869, 'A1', 10, '2025-04-06'),
(869, 'A10', 10, '2025-04-06'),
(869, 'A2', 10, '2025-04-06'),
(869, 'A3', 10, '2025-04-06'),
(869, 'A4', 10, '2025-04-06'),
(869, 'A5', 10, '2025-04-06'),
(869, 'A6', 10, '2025-04-06'),
(869, 'A7', 10, '2025-04-06'),
(869, 'A8', 10, '2025-04-06'),
(869, 'A9', 10, '2025-04-06'),
(869, 'B1', 10, '2025-04-06'),
(869, 'B10', 10, '2025-04-06'),
(869, 'B2', 10, '2025-04-06'),
(869, 'B3', 10, '2025-04-06'),
(869, 'B4', 10, '2025-04-06'),
(869, 'B5', 10, '2025-04-06'),
(869, 'B6', 10, '2025-04-06'),
(869, 'B7', 10, '2025-04-06'),
(869, 'B8', 10, '2025-04-06'),
(869, 'B9', 10, '2025-04-06'),
(869, 'C1', 10, '2025-04-06'),
(869, 'C10', 10, '2025-04-06'),
(869, 'C2', 10, '2025-04-06'),
(869, 'C3', 10, '2025-04-06'),
(869, 'C4', 10, '2025-04-06'),
(869, 'C5', 10, '2025-04-06'),
(869, 'C6', 10, '2025-04-06'),
(869, 'C7', 10, '2025-04-06'),
(869, 'C8', 10, '2025-04-06'),
(869, 'C9', 10, '2025-04-06'),
(869, 'D1', 10, '2025-04-06'),
(869, 'D10', 10, '2025-04-06'),
(869, 'D2', 10, '2025-04-06'),
(869, 'D3', 10, '2025-04-06'),
(869, 'D4', 10, '2025-04-06'),
(869, 'D5', 10, '2025-04-06'),
(869, 'D6', 10, '2025-04-06'),
(869, 'D7', 10, '2025-04-06'),
(869, 'E1', 10, '2025-04-06'),
(869, 'E10', 10, '2025-04-06'),
(869, 'E2', 10, '2025-04-06'),
(869, 'E3', 10, '2025-04-06'),
(869, 'E4', 10, '2025-04-06'),
(869, 'E5', 10, '2025-04-06'),
(869, 'E6', 10, '2025-04-06'),
(869, 'E7', 10, '2025-04-06'),
(869, 'E8', 10, '2025-04-06'),
(869, 'E9', 10, '2025-04-06'),
(869, 'F10', 10, '2025-04-06'),
(869, 'F3', 10, '2025-04-06'),
(869, 'F4', 10, '2025-04-06'),
(869, 'F5', 10, '2025-04-06'),
(869, 'F6', 10, '2025-04-06'),
(869, 'F7', 10, '2025-04-06'),
(869, 'F8', 10, '2025-04-06'),
(869, 'F9', 10, '2025-04-06'),
(869, 'G1', 10, '2025-04-06'),
(869, 'G10', 10, '2025-04-06'),
(869, 'G2', 10, '2025-04-06'),
(869, 'G3', 10, '2025-04-06'),
(869, 'G4', 10, '2025-04-06'),
(869, 'G5', 10, '2025-04-06'),
(869, 'G6', 10, '2025-04-06'),
(869, 'G7', 10, '2025-04-06'),
(869, 'G8', 10, '2025-04-06'),
(869, 'G9', 10, '2025-04-06'),
(869, 'H1', 10, '2025-04-06'),
(869, 'H10', 10, '2025-04-06'),
(869, 'H2', 10, '2025-04-06'),
(869, 'H3', 10, '2025-04-06'),
(869, 'H6', 10, '2025-04-06'),
(869, 'H7', 10, '2025-04-06'),
(869, 'H8', 10, '2025-04-06'),
(869, 'H9', 10, '2025-04-06'),
(869, 'I1', 10, '2025-04-06'),
(869, 'I10', 10, '2025-04-06'),
(869, 'I2', 10, '2025-04-06'),
(869, 'I3', 10, '2025-04-06'),
(869, 'I4', 10, '2025-04-06'),
(869, 'I5', 10, '2025-04-06'),
(869, 'I8', 10, '2025-04-06'),
(869, 'I9', 10, '2025-04-06'),
(869, 'J1', 10, '2025-04-06'),
(869, 'J2', 10, '2025-04-06'),
(869, 'J3', 10, '2025-04-06'),
(869, 'J4', 10, '2025-04-06'),
(870, 'C1', 10, '2025-04-07'),
(870, 'C6', 10, '2025-04-07'),
(870, 'C8', 10, '2025-04-07'),
(870, 'D3', 10, '2025-04-07'),
(870, 'D4', 10, '2025-04-07'),
(870, 'D9', 10, '2025-04-07'),
(870, 'E1', 10, '2025-04-07'),
(870, 'E5', 10, '2025-04-07'),
(870, 'E7', 10, '2025-04-07'),
(870, 'E8', 10, '2025-04-07'),
(870, 'F10', 10, '2025-04-07'),
(870, 'F3', 10, '2025-04-07'),
(870, 'F5', 10, '2025-04-07'),
(870, 'F9', 10, '2025-04-07'),
(870, 'G4', 10, '2025-04-07'),
(870, 'G6', 10, '2025-04-07'),
(870, 'G7', 10, '2025-04-07'),
(870, 'H3', 10, '2025-04-07'),
(870, 'H5', 10, '2025-04-07'),
(870, 'H8', 10, '2025-04-07'),
(870, 'H9', 10, '2025-04-07'),
(870, 'I1', 10, '2025-04-07'),
(870, 'I10', 10, '2025-04-07'),
(870, 'I3', 10, '2025-04-07'),
(870, 'I4', 10, '2025-04-07'),
(870, 'I7', 10, '2025-04-07'),
(870, 'I8', 10, '2025-04-07'),
(870, 'J1', 10, '2025-04-07'),
(871, 'B7', 10, '2025-04-07'),
(871, 'C2', 10, '2025-04-07'),
(871, 'C8', 10, '2025-04-07'),
(871, 'C9', 10, '2025-04-07'),
(871, 'D4', 10, '2025-04-07'),
(871, 'D6', 10, '2025-04-07'),
(871, 'E1', 10, '2025-04-07'),
(871, 'E10', 10, '2025-04-07'),
(871, 'E2', 10, '2025-04-07'),
(871, 'E3', 10, '2025-04-07'),
(871, 'E5', 10, '2025-04-07'),
(871, 'E7', 10, '2025-04-07'),
(871, 'E8', 10, '2025-04-07'),
(871, 'F1', 10, '2025-04-07'),
(871, 'F2', 10, '2025-04-07'),
(871, 'F4', 10, '2025-04-07'),
(871, 'F6', 10, '2025-04-07'),
(871, 'F7', 10, '2025-04-07'),
(871, 'F9', 10, '2025-04-07'),
(871, 'G10', 10, '2025-04-07'),
(871, 'G2', 10, '2025-04-07'),
(871, 'G3', 10, '2025-04-07'),
(871, 'G5', 10, '2025-04-07'),
(871, 'G6', 10, '2025-04-07'),
(871, 'G9', 10, '2025-04-07'),
(871, 'H10', 10, '2025-04-07'),
(871, 'H2', 10, '2025-04-07'),
(871, 'H4', 10, '2025-04-07'),
(871, 'H5', 10, '2025-04-07'),
(871, 'H7', 10, '2025-04-07'),
(871, 'H8', 10, '2025-04-07'),
(871, 'I1', 10, '2025-04-07'),
(871, 'I10', 10, '2025-04-07'),
(871, 'I3', 10, '2025-04-07'),
(871, 'I4', 10, '2025-04-07'),
(871, 'I5', 10, '2025-04-07'),
(871, 'I6', 10, '2025-04-07'),
(871, 'I7', 10, '2025-04-07'),
(871, 'I8', 10, '2025-04-07'),
(871, 'I9', 10, '2025-04-07'),
(871, 'J3', 10, '2025-04-07'),
(871, 'J4', 10, '2025-04-07'),
(872, 'B6', 10, '2025-04-09'),
(872, 'C10', 10, '2025-04-09'),
(872, 'D2', 10, '2025-04-09'),
(872, 'D5', 10, '2025-04-09'),
(872, 'D7', 10, '2025-04-09'),
(872, 'E1', 10, '2025-04-09'),
(872, 'E3', 10, '2025-04-09'),
(872, 'E4', 10, '2025-04-09'),
(872, 'E9', 10, '2025-04-09'),
(872, 'F10', 10, '2025-04-09'),
(872, 'F2', 10, '2025-04-09'),
(872, 'F4', 10, '2025-04-09'),
(872, 'F6', 10, '2025-04-09'),
(872, 'F7', 10, '2025-04-09'),
(872, 'F9', 10, '2025-04-09'),
(872, 'G3', 10, '2025-04-09'),
(872, 'G5', 10, '2025-04-09'),
(872, 'G7', 10, '2025-04-09'),
(872, 'G8', 10, '2025-04-09'),
(872, 'H1', 10, '2025-04-09'),
(872, 'H4', 10, '2025-04-09'),
(872, 'H5', 10, '2025-04-09'),
(872, 'H6', 10, '2025-04-09'),
(872, 'I2', 10, '2025-04-09'),
(872, 'I3', 10, '2025-04-09'),
(872, 'I7', 10, '2025-04-09'),
(872, 'I9', 10, '2025-04-09'),
(872, 'J4', 10, '2025-04-09'),
(873, 'C8', 10, '2025-04-10'),
(873, 'C9', 10, '2025-04-10'),
(873, 'D1', 10, '2025-04-10'),
(873, 'D4', 10, '2025-04-10'),
(873, 'E10', 10, '2025-04-10'),
(873, 'E7', 10, '2025-04-10'),
(873, 'E9', 10, '2025-04-10'),
(873, 'F2', 10, '2025-04-10'),
(873, 'F3', 10, '2025-04-10'),
(873, 'F4', 10, '2025-04-10'),
(873, 'F6', 10, '2025-04-10'),
(873, 'F8', 10, '2025-04-10'),
(873, 'F9', 10, '2025-04-10'),
(873, 'G10', 10, '2025-04-10'),
(873, 'G2', 10, '2025-04-10'),
(873, 'G7', 10, '2025-04-10'),
(873, 'G9', 10, '2025-04-10'),
(873, 'H2', 10, '2025-04-10'),
(873, 'H4', 10, '2025-04-10'),
(873, 'H5', 10, '2025-04-10'),
(873, 'H6', 10, '2025-04-10'),
(873, 'H7', 10, '2025-04-10'),
(873, 'H8', 10, '2025-04-10'),
(873, 'I10', 10, '2025-04-10'),
(873, 'I3', 10, '2025-04-10'),
(873, 'I9', 10, '2025-04-10'),
(874, 'B3', 10, '2025-04-11'),
(874, 'C1', 10, '2025-04-11'),
(874, 'C4', 10, '2025-04-11'),
(874, 'D2', 10, '2025-04-11'),
(874, 'D3', 10, '2025-04-11'),
(874, 'D6', 10, '2025-04-11'),
(874, 'D8', 10, '2025-04-11'),
(874, 'E10', 10, '2025-04-11'),
(874, 'E2', 10, '2025-04-11'),
(874, 'E5', 10, '2025-04-11'),
(874, 'E7', 10, '2025-04-11'),
(874, 'E9', 10, '2025-04-11'),
(874, 'F4', 10, '2025-04-11'),
(874, 'F5', 10, '2025-04-11'),
(874, 'G1', 10, '2025-04-11'),
(874, 'G10', 10, '2025-04-11'),
(874, 'G3', 10, '2025-04-11'),
(874, 'G5', 10, '2025-04-11'),
(874, 'G6', 10, '2025-04-11'),
(874, 'G7', 10, '2025-04-11'),
(874, 'G8', 10, '2025-04-11'),
(874, 'G9', 10, '2025-04-11'),
(874, 'H2', 10, '2025-04-11'),
(874, 'H4', 10, '2025-04-11'),
(874, 'H8', 10, '2025-04-11'),
(874, 'I10', 10, '2025-04-11'),
(874, 'I3', 10, '2025-04-11'),
(874, 'I6', 10, '2025-04-11'),
(874, 'I8', 10, '2025-04-11'),
(874, 'I9', 10, '2025-04-11'),
(874, 'J2', 10, '2025-04-11'),
(874, 'J3', 10, '2025-04-11'),
(875, 'A1', 10, '2025-04-12'),
(875, 'A10', 10, '2025-04-12'),
(875, 'A2', 10, '2025-04-12'),
(875, 'A3', 10, '2025-04-12'),
(875, 'A4', 10, '2025-04-12'),
(875, 'A5', 10, '2025-04-12'),
(875, 'A6', 10, '2025-04-12'),
(875, 'A7', 10, '2025-04-12'),
(875, 'A8', 10, '2025-04-12'),
(875, 'A9', 10, '2025-04-12'),
(875, 'B1', 10, '2025-04-12'),
(875, 'B10', 10, '2025-04-12'),
(875, 'B2', 10, '2025-04-12'),
(875, 'B3', 10, '2025-04-12'),
(875, 'B4', 10, '2025-04-12'),
(875, 'B6', 10, '2025-04-12'),
(875, 'B7', 10, '2025-04-12'),
(875, 'B8', 10, '2025-04-12'),
(875, 'B9', 10, '2025-04-12'),
(875, 'C1', 10, '2025-04-12'),
(875, 'C10', 10, '2025-04-12'),
(875, 'C2', 10, '2025-04-12'),
(875, 'C3', 10, '2025-04-12'),
(875, 'C4', 10, '2025-04-12'),
(875, 'C6', 10, '2025-04-12'),
(875, 'C7', 10, '2025-04-12'),
(875, 'C8', 10, '2025-04-12'),
(875, 'D1', 10, '2025-04-12'),
(875, 'D10', 10, '2025-04-12'),
(875, 'D2', 10, '2025-04-12'),
(875, 'D3', 10, '2025-04-12'),
(875, 'D4', 10, '2025-04-12'),
(875, 'D5', 10, '2025-04-12'),
(875, 'D6', 10, '2025-04-12'),
(875, 'D7', 10, '2025-04-12'),
(875, 'D8', 10, '2025-04-12'),
(875, 'D9', 10, '2025-04-12'),
(875, 'E1', 10, '2025-04-12'),
(875, 'E10', 10, '2025-04-12'),
(875, 'E2', 10, '2025-04-12'),
(875, 'E3', 10, '2025-04-12'),
(875, 'E6', 10, '2025-04-12'),
(875, 'E7', 10, '2025-04-12'),
(875, 'E8', 10, '2025-04-12'),
(875, 'E9', 10, '2025-04-12'),
(875, 'F1', 10, '2025-04-12'),
(875, 'F10', 10, '2025-04-12'),
(875, 'F2', 10, '2025-04-12'),
(875, 'F3', 10, '2025-04-12'),
(875, 'F4', 10, '2025-04-12'),
(875, 'F5', 10, '2025-04-12'),
(875, 'F6', 10, '2025-04-12'),
(875, 'F8', 10, '2025-04-12'),
(875, 'F9', 10, '2025-04-12'),
(875, 'G1', 10, '2025-04-12'),
(875, 'G10', 10, '2025-04-12'),
(875, 'G2', 10, '2025-04-12'),
(875, 'G3', 10, '2025-04-12'),
(875, 'G4', 10, '2025-04-12'),
(875, 'G5', 10, '2025-04-12'),
(875, 'G6', 10, '2025-04-12'),
(875, 'G7', 10, '2025-04-12'),
(875, 'H1', 10, '2025-04-12'),
(875, 'H10', 10, '2025-04-12'),
(875, 'H2', 10, '2025-04-12'),
(875, 'H3', 10, '2025-04-12'),
(875, 'H4', 10, '2025-04-12'),
(875, 'H5', 10, '2025-04-12'),
(875, 'H6', 10, '2025-04-12'),
(875, 'H7', 10, '2025-04-12'),
(875, 'H8', 10, '2025-04-12'),
(875, 'H9', 10, '2025-04-12'),
(875, 'I1', 10, '2025-04-12'),
(875, 'I10', 10, '2025-04-12'),
(875, 'I2', 10, '2025-04-12'),
(875, 'I3', 10, '2025-04-12'),
(875, 'I4', 10, '2025-04-12'),
(875, 'I5', 10, '2025-04-12'),
(875, 'I6', 10, '2025-04-12'),
(875, 'I7', 10, '2025-04-12'),
(875, 'I8', 10, '2025-04-12'),
(875, 'I9', 10, '2025-04-12'),
(875, 'J1', 10, '2025-04-12'),
(875, 'J2', 10, '2025-04-12'),
(875, 'J4', 10, '2025-04-12'),
(876, 'A1', 10, '2025-04-06'),
(876, 'A10', 10, '2025-04-06'),
(876, 'A2', 10, '2025-04-06'),
(876, 'A3', 10, '2025-04-06'),
(876, 'A4', 10, '2025-04-06'),
(876, 'A5', 10, '2025-04-06'),
(876, 'A7', 10, '2025-04-06'),
(876, 'A8', 10, '2025-04-06'),
(876, 'A9', 10, '2025-04-06'),
(876, 'B1', 10, '2025-04-06'),
(876, 'B10', 10, '2025-04-06'),
(876, 'B2', 10, '2025-04-06'),
(876, 'B3', 10, '2025-04-06'),
(876, 'B4', 10, '2025-04-06'),
(876, 'B5', 10, '2025-04-06'),
(876, 'B6', 10, '2025-04-06'),
(876, 'B7', 10, '2025-04-06'),
(876, 'B8', 10, '2025-04-06'),
(876, 'B9', 10, '2025-04-06'),
(876, 'C10', 10, '2025-04-06'),
(876, 'C2', 10, '2025-04-06'),
(876, 'C4', 10, '2025-04-06'),
(876, 'C5', 10, '2025-04-06'),
(876, 'C6', 10, '2025-04-06'),
(876, 'C7', 10, '2025-04-06'),
(876, 'C8', 10, '2025-04-06'),
(876, 'C9', 10, '2025-04-06'),
(876, 'D1', 10, '2025-04-06'),
(876, 'D10', 10, '2025-04-06'),
(876, 'D2', 10, '2025-04-06'),
(876, 'D3', 10, '2025-04-06'),
(876, 'D4', 10, '2025-04-06'),
(876, 'D5', 10, '2025-04-06'),
(876, 'D7', 10, '2025-04-06'),
(876, 'D8', 10, '2025-04-06'),
(876, 'D9', 10, '2025-04-06'),
(876, 'E1', 10, '2025-04-06'),
(876, 'E2', 10, '2025-04-06'),
(876, 'E3', 10, '2025-04-06'),
(876, 'E4', 10, '2025-04-06'),
(876, 'E5', 10, '2025-04-06'),
(876, 'E6', 10, '2025-04-06'),
(876, 'E7', 10, '2025-04-06'),
(876, 'E8', 10, '2025-04-06'),
(876, 'E9', 10, '2025-04-06'),
(876, 'F1', 10, '2025-04-06'),
(876, 'F10', 10, '2025-04-06'),
(876, 'F2', 10, '2025-04-06'),
(876, 'F4', 10, '2025-04-06'),
(876, 'F5', 10, '2025-04-06'),
(876, 'F6', 10, '2025-04-06'),
(876, 'F8', 10, '2025-04-06'),
(876, 'F9', 10, '2025-04-06'),
(876, 'G10', 10, '2025-04-06'),
(876, 'G2', 10, '2025-04-06'),
(876, 'G3', 10, '2025-04-06'),
(876, 'G4', 10, '2025-04-06'),
(876, 'G5', 10, '2025-04-06'),
(876, 'G6', 10, '2025-04-06'),
(876, 'G7', 10, '2025-04-06'),
(876, 'G8', 10, '2025-04-06'),
(876, 'G9', 10, '2025-04-06'),
(876, 'H1', 10, '2025-04-06'),
(876, 'H2', 10, '2025-04-06'),
(876, 'H3', 10, '2025-04-06'),
(876, 'H4', 10, '2025-04-06'),
(876, 'H6', 10, '2025-04-06'),
(876, 'H7', 10, '2025-04-06'),
(876, 'H8', 10, '2025-04-06'),
(876, 'H9', 10, '2025-04-06'),
(876, 'I1', 10, '2025-04-06'),
(876, 'I10', 10, '2025-04-06'),
(876, 'I2', 10, '2025-04-06'),
(876, 'I3', 10, '2025-04-06'),
(876, 'I5', 10, '2025-04-06'),
(876, 'I6', 10, '2025-04-06'),
(876, 'I7', 10, '2025-04-06'),
(876, 'I8', 10, '2025-04-06'),
(876, 'J2', 10, '2025-04-06'),
(876, 'J3', 10, '2025-04-06'),
(876, 'J4', 10, '2025-04-06'),
(877, 'A2', 8, '2025-04-07'),
(877, 'A3', 8, '2025-04-07'),
(877, 'A4', 8, '2025-04-07'),
(877, 'B5', 10, '2025-04-07'),
(877, 'C2', 10, '2025-04-07'),
(877, 'C4', 10, '2025-04-07'),
(877, 'C6', 10, '2025-04-07'),
(877, 'C7', 10, '2025-04-07'),
(877, 'C9', 10, '2025-04-07'),
(877, 'D10', 10, '2025-04-07'),
(877, 'D7', 10, '2025-04-07'),
(877, 'E1', 10, '2025-04-07'),
(877, 'E2', 10, '2025-04-07'),
(877, 'E3', 10, '2025-04-07'),
(877, 'E4', 10, '2025-04-07'),
(877, 'E6', 10, '2025-04-07'),
(877, 'E8', 10, '2025-04-07'),
(877, 'F3', 10, '2025-04-07'),
(877, 'F5', 10, '2025-04-07'),
(877, 'F9', 10, '2025-04-07'),
(877, 'G1', 10, '2025-04-07'),
(877, 'G4', 10, '2025-04-07'),
(877, 'G7', 10, '2025-04-07'),
(877, 'H10', 10, '2025-04-07'),
(877, 'H2', 10, '2025-04-07'),
(877, 'H3', 10, '2025-04-07'),
(877, 'H5', 10, '2025-04-07'),
(877, 'I2', 10, '2025-04-07'),
(877, 'I4', 10, '2025-04-07'),
(877, 'I6', 10, '2025-04-07'),
(877, 'I8', 10, '2025-04-07'),
(877, 'J5', 10, '2025-04-07'),
(878, 'A2', 8, '2025-04-13'),
(878, 'A3', 8, '2025-04-13'),
(878, 'B2', 8, '2025-04-13'),
(878, 'B3', 8, '2025-04-13'),
(878, 'C10', 10, '2025-04-08'),
(878, 'C2', 8, '2025-04-13'),
(878, 'C6', 10, '2025-04-08'),
(878, 'C8', 10, '2025-04-08'),
(878, 'D1', 10, '2025-04-08'),
(878, 'D4', 10, '2025-04-08'),
(878, 'D6', 10, '2025-04-08'),
(878, 'D9', 10, '2025-04-08'),
(878, 'E2', 10, '2025-04-08'),
(878, 'E5', 10, '2025-04-08'),
(878, 'E7', 10, '2025-04-08'),
(878, 'E8', 10, '2025-04-08'),
(878, 'F2', 10, '2025-04-08'),
(878, 'F3', 10, '2025-04-08'),
(878, 'F5', 10, '2025-04-08'),
(878, 'F9', 10, '2025-04-08'),
(878, 'G6', 10, '2025-04-08'),
(878, 'G7', 10, '2025-04-08'),
(878, 'H1', 10, '2025-04-08'),
(878, 'H10', 10, '2025-04-08'),
(878, 'H3', 10, '2025-04-08'),
(878, 'H4', 10, '2025-04-08'),
(878, 'H8', 10, '2025-04-08'),
(878, 'H9', 10, '2025-04-08'),
(878, 'I3', 10, '2025-04-08'),
(878, 'I5', 10, '2025-04-08'),
(878, 'I6', 10, '2025-04-08'),
(878, 'I7', 10, '2025-04-08'),
(878, 'J4', 10, '2025-04-08'),
(879, 'C1', 10, '2025-04-09'),
(879, 'D10', 10, '2025-04-09'),
(879, 'D5', 10, '2025-04-09'),
(879, 'D7', 10, '2025-04-09'),
(879, 'E3', 10, '2025-04-09'),
(879, 'E7', 10, '2025-04-09'),
(879, 'F3', 10, '2025-04-09'),
(879, 'F4', 10, '2025-04-09'),
(879, 'F6', 10, '2025-04-09'),
(879, 'F8', 10, '2025-04-09'),
(879, 'F9', 10, '2025-04-09'),
(879, 'G1', 10, '2025-04-09'),
(879, 'G2', 10, '2025-04-09'),
(879, 'G4', 10, '2025-04-09'),
(879, 'H9', 10, '2025-04-09'),
(879, 'I6', 10, '2025-04-09'),
(880, 'D1', 10, '2025-04-10'),
(880, 'D3', 10, '2025-04-10'),
(880, 'D4', 10, '2025-04-10'),
(880, 'D8', 10, '2025-04-10'),
(880, 'E2', 10, '2025-04-10'),
(880, 'E9', 10, '2025-04-10'),
(880, 'F4', 10, '2025-04-10'),
(880, 'G2', 10, '2025-04-10'),
(880, 'G6', 10, '2025-04-10'),
(880, 'H1', 10, '2025-04-10'),
(880, 'H10', 10, '2025-04-10'),
(880, 'H4', 10, '2025-04-10'),
(880, 'H7', 10, '2025-04-10'),
(899, 'A2', 8, '2025-04-14'),
(899, 'A3', 8, '2025-04-14'),
(899, 'B2', 8, '2025-04-14'),
(899, 'B3', 8, '2025-04-14'),
(908, 'E6', 8, '2025-04-14'),
(908, 'E7', 8, '2025-04-14'),
(908, 'F6', 8, '2025-04-14'),
(908, 'F7', 8, '2025-04-14'),
(908, 'G6', 8, '2025-04-14'),
(908, 'G7', 8, '2025-04-14'),
(946, 'B4', 8, '2025-04-14'),
(946, 'C4', 8, '2025-04-14'),
(955, 'E4', 8, '2025-04-14'),
(955, 'E5', 8, '2025-04-14'),
(960, 'A1', 8, '2025-04-13'),
(960, 'B2', 8, '2025-04-13'),
(960, 'C2', 8, '2025-04-13');

-- --------------------------------------------------------

--
-- Table structure for table `seat`
--

CREATE TABLE `seat` (
  `seatid` varchar(11) NOT NULL,
  `type` varchar(20) NOT NULL,
  `price` int(11) NOT NULL
) ENGINE=InnoDB DEFAULT CHARSET=utf8mb4 COLLATE=utf8mb4_general_ci;

--
-- Dumping data for table `seat`
--

INSERT INTO `seat` (`seatid`, `type`, `price`) VALUES
('A1', 'Front Standard', 9000),
('A10', 'Front Standard', 9000),
('A2', 'Front Standard', 9000),
('A3', 'Front Standard', 9000),
('A4', 'Front Standard', 9000),
('A5', 'Front Standard', 9000),
('A6', 'Front Standard', 9000),
('A7', 'Front Standard', 9000),
('A8', 'Front Standard', 9000),
('A9', 'Front Standard', 9000),
('B1', 'Front Standard', 10000),
('B10', 'Front Standard', 10000),
('B2', 'Front Standard', 10000),
('B3', 'Front Standard', 10000),
('B4', 'Front Standard', 10000),
('B5', 'Front Standard', 10000),
('B6', 'Front Standard', 10000),
('B7', 'Front Standard', 10000),
('B8', 'Front Standard', 10000),
('B9', 'Front Standard', 10000),
('C1', 'Front Standard', 10000),
('C10', 'Front Standard', 10000),
('C2', 'Front Standard', 10000),
('C3', 'Front Standard', 10000),
('C4', 'Front Standard', 10000),
('C5', 'Front Standard', 10000),
('C6', 'Front Standard', 10000),
('C7', 'Front Standard', 10000),
('C8', 'Front Standard', 10000),
('C9', 'Front Standard', 10000),
('D1', 'Premium', 11500),
('D10', 'Premium', 11500),
('D2', 'Premium', 11500),
('D3', 'Premium', 11500),
('D4', 'Premium', 11500),
('D5', 'Premium', 11500),
('D6', 'Premium', 11500),
('D7', 'Premium', 11500),
('D8', 'Premium', 11500),
('D9', 'Premium', 11500),
('E1', 'Premium', 11500),
('E10', 'Premium', 11500),
('E2', 'Premium', 11500),
('E3', 'Premium', 11500),
('E4', 'Premium', 11500),
('E5', 'Premium', 11500),
('E6', 'Premium', 11500),
('E7', 'Premium', 11500),
('E8', 'Premium', 11500),
('E9', 'Premium', 11500),
('F1', 'Premium', 11500),
('F10', 'Premium', 11500),
('F2', 'Premium', 11500),
('F3', 'Premium', 11500),
('F4', 'Premium', 11500),
('F5', 'Premium', 11500),
('F6', 'Premium', 11500),
('F7', 'Premium', 11500),
('F8', 'Premium', 11500),
('F9', 'Premium', 11500),
('G1', 'Premium', 11500),
('G10', 'Premium', 11500),
('G2', 'Premium', 11500),
('G3', 'Premium', 11500),
('G4', 'Premium', 11500),
('G5', 'Premium', 11500),
('G6', 'Premium', 11500),
('G7', 'Premium', 11500),
('G8', 'Premium', 11500),
('G9', 'Premium', 11500),
('H1', 'Premium', 11500),
('H10', 'Premium', 11500),
('H2', 'Premium', 11500),
('H3', 'Premium', 11500),
('H4', 'Premium', 11500),
('H5', 'Premium', 11500),
('H6', 'Premium', 11500),
('H7', 'Premium', 11500),
('H8', 'Premium', 11500),
('H9', 'Premium', 11500),
('I1', 'Premium', 11500),
('I10', 'Premium', 11500),
('I2', 'Premium', 11500),
('I3', 'Premium', 11500),
('I4', 'Premium', 11500),
('I5', 'Premium', 11500),
('I6', 'Premium', 11500),
('I7', 'Premium', 11500),
('I8', 'Premium', 11500),
('I9', 'Premium', 11500),
('J1', 'Couple', 24000),
('J2', 'Couple', 24000),
('J3', 'Couple', 24000),
('J4', 'Couple', 24000),
('J5', 'Couple', 24000);

-- --------------------------------------------------------

--
-- Table structure for table `user`
--

CREATE TABLE `user` (
  `userid` int(11) NOT NULL,
  `name` varchar(56) NOT NULL,
  `password` varchar(20) NOT NULL,
  `email` varchar(36) NOT NULL,
  `usertype` varchar(9) NOT NULL,
  `phone` varchar(15) DEFAULT NULL,
  `Hire_Date` date DEFAULT NULL,
  `address` varchar(100) DEFAULT NULL,
  `salary` int(8) DEFAULT NULL,
  `status` varchar(15) DEFAULT NULL,
  `imagepath` varchar(30) DEFAULT NULL
) ENGINE=InnoDB DEFAULT CHARSET=utf8mb4 COLLATE=utf8mb4_general_ci;

--
-- Dumping data for table `user`
--

INSERT INTO `user` (`userid`, `name`, `password`, `email`, `usertype`, `phone`, `Hire_Date`, `address`, `salary`, `status`, `imagepath`) VALUES
(1, 'admin', 'admin', 'admin123@gmail.', 'admin', NULL, NULL, NULL, NULL, NULL, NULL),
(2, 'check1234', 'check123@gmail.com', 'checkAdmin', '', NULL, NULL, NULL, NULL, NULL, NULL),
(3, '12345678', 'hangyi123@gmail.com', 'Han Gyi', 'admin', NULL, NULL, NULL, NULL, NULL, NULL),
(4, 'han gyi', '12345678', 'hangyi123@gmail', 'admin', NULL, NULL, NULL, NULL, NULL, NULL),
(5, 'Han Gyi', '12345678', 'hangyi123@email', 'admin', NULL, NULL, NULL, NULL, NULL, NULL),
(6, 'myoaung', '12345678', 'myoaung123@gmai', 'admin', NULL, NULL, NULL, NULL, NULL, NULL),
(7, 'Kyi Pyar', 'kyipyar123', 'iyk123@gmail.co', 'staff', NULL, NULL, NULL, NULL, NULL, NULL),
(8, 'staff', 'staff', 'sanminhtike9289', 'staff', NULL, NULL, NULL, NULL, NULL, NULL),
(9, 'Ye Min Thu', '12345678', 'tobi@gmail.com', 'staff', NULL, NULL, NULL, NULL, NULL, NULL),
(10, 'Naing Htet Lin', '12345678', 'lushyerudre@gmail.com', 'staff', NULL, NULL, NULL, NULL, NULL, NULL),
(11, 'Thein Than Zaw', '12345678', 'sanminhtike9289@gmail.com', 'Admin', '09987984894', '2025-04-15', 'Yangon', 2000000, NULL, 'A Complete Unknown.jpg'),
(12, 'San Min Htike', '12345678', 'sanminhtike9289@gmail.com', 'Manager', '09987984894', '2025-04-01', 'Mawlamying', 2000000, 'Active', 'sample_user.png'),
(13, 'Aung Aung', '12345678', 'sanmin@gmail.com', 'Sale', '09', '2025-04-01', 'test', 2000, 'Active', NULL),
(14, 'test5', '12345678', 'test@gmail.com', 'Admin', '09987', '2025-04-01', 'test', 2000, 'Active', NULL),
(15, 'test6', '12345678', 'test5@gami.com', 'Manager', '09987', '2025-04-03', 'test', 2000, 'Inactive', NULL);

--
-- Indexes for dumped tables
--

--
-- Indexes for table `booking`
--
ALTER TABLE `booking`
  ADD PRIMARY KEY (`showid`,`seatid`),
  ADD KEY `seatid` (`seatid`),
  ADD KEY `customerid` (`customerid`),
  ADD KEY `fk_booking_user` (`userid`);

--
-- Indexes for table `customer`
--
ALTER TABLE `customer`
  ADD PRIMARY KEY (`customerid`);

--
-- Indexes for table `flimshow`
--
ALTER TABLE `flimshow`
  ADD PRIMARY KEY (`showid`),
  ADD KEY `movieid` (`movieid`),
  ADD KEY `roomid` (`roomid`);

--
-- Indexes for table `food`
--
ALTER TABLE `food`
  ADD PRIMARY KEY (`food_id`);

--
-- Indexes for table `movie`
--
ALTER TABLE `movie`
  ADD PRIMARY KEY (`movieid`);

--
-- Indexes for table `room`
--
ALTER TABLE `room`
  ADD PRIMARY KEY (`roomid`);

--
-- Indexes for table `sale`
--
ALTER TABLE `sale`
  ADD PRIMARY KEY (`showid`,`seatid`),
  ADD KEY `seatid` (`seatid`),
  ADD KEY `userid` (`userid`);

--
-- Indexes for table `seat`
--
ALTER TABLE `seat`
  ADD PRIMARY KEY (`seatid`);

--
-- Indexes for table `user`
--
ALTER TABLE `user`
  ADD PRIMARY KEY (`userid`);

--
-- AUTO_INCREMENT for dumped tables
--

--
-- AUTO_INCREMENT for table `customer`
--
ALTER TABLE `customer`
  MODIFY `customerid` int(11) NOT NULL AUTO_INCREMENT, AUTO_INCREMENT=243;

--
-- AUTO_INCREMENT for table `flimshow`
--
ALTER TABLE `flimshow`
  MODIFY `showid` int(11) NOT NULL AUTO_INCREMENT, AUTO_INCREMENT=1079;

--
-- AUTO_INCREMENT for table `food`
--
ALTER TABLE `food`
  MODIFY `food_id` int(11) NOT NULL AUTO_INCREMENT, AUTO_INCREMENT=39;

--
-- AUTO_INCREMENT for table `movie`
--
ALTER TABLE `movie`
  MODIFY `movieid` int(11) NOT NULL AUTO_INCREMENT, AUTO_INCREMENT=58;

--
-- AUTO_INCREMENT for table `room`
--
ALTER TABLE `room`
  MODIFY `roomid` int(11) NOT NULL AUTO_INCREMENT, AUTO_INCREMENT=4;

--
-- AUTO_INCREMENT for table `user`
--
ALTER TABLE `user`
  MODIFY `userid` int(11) NOT NULL AUTO_INCREMENT, AUTO_INCREMENT=16;

--
-- Constraints for dumped tables
--

--
-- Constraints for table `booking`
--
ALTER TABLE `booking`
  ADD CONSTRAINT `booking_ibfk_1` FOREIGN KEY (`showid`) REFERENCES `flimshow` (`showid`) ON DELETE CASCADE ON UPDATE CASCADE,
  ADD CONSTRAINT `booking_ibfk_2` FOREIGN KEY (`seatid`) REFERENCES `seat` (`seatid`) ON DELETE CASCADE ON UPDATE CASCADE,
  ADD CONSTRAINT `booking_ibfk_3` FOREIGN KEY (`customerid`) REFERENCES `customer` (`customerid`) ON DELETE CASCADE ON UPDATE CASCADE,
  ADD CONSTRAINT `fk_booking_user` FOREIGN KEY (`userid`) REFERENCES `user` (`userid`);

--
-- Constraints for table `flimshow`
--
ALTER TABLE `flimshow`
  ADD CONSTRAINT `flimshow_ibfk_1` FOREIGN KEY (`movieid`) REFERENCES `movie` (`movieid`) ON DELETE CASCADE ON UPDATE CASCADE,
  ADD CONSTRAINT `flimshow_ibfk_2` FOREIGN KEY (`roomid`) REFERENCES `room` (`roomid`) ON DELETE CASCADE ON UPDATE CASCADE;

--
-- Constraints for table `sale`
--
ALTER TABLE `sale`
  ADD CONSTRAINT `sale_ibfk_1` FOREIGN KEY (`showid`) REFERENCES `flimshow` (`showid`) ON DELETE CASCADE ON UPDATE CASCADE,
  ADD CONSTRAINT `sale_ibfk_2` FOREIGN KEY (`seatid`) REFERENCES `seat` (`seatid`) ON DELETE CASCADE ON UPDATE CASCADE,
  ADD CONSTRAINT `sale_ibfk_3` FOREIGN KEY (`userid`) REFERENCES `user` (`userid`) ON DELETE CASCADE ON UPDATE CASCADE;
COMMIT;

/*!40101 SET CHARACTER_SET_CLIENT=@OLD_CHARACTER_SET_CLIENT */;
/*!40101 SET CHARACTER_SET_RESULTS=@OLD_CHARACTER_SET_RESULTS */;
/*!40101 SET COLLATION_CONNECTION=@OLD_COLLATION_CONNECTION */;
